﻿<markup>
<entry>
<id>8</id>
<offset>0</offset>
<length>15</length>
<class>AAA_Estimate_Person</class>
<attribute>
<name>Canonical</name>
<value>МЕХРИБАН АЛИЕВА</value>
</attribute>
</entry>
<entry>
<id>9</id>
<offset>146</offset>
<length>14</length>
<class>AAA_Estimate_Person</class>
<attribute>
<name>Canonical</name>
<value>ИЛЬХАМ АЛИЕВ</value>
</attribute>
</entry>
<entry>
<id>10</id>
<offset>161</offset>
<length>16</length>
<class>AAA_Estimate_Person</class>
<attribute>
<name>Canonical</name>
<value>МЕХРИБАН АЛИЕВА</value>
</attribute>
</entry>
<entry>
<id>11</id>
<offset>653</offset>
<length>16</length>
<class>AAA_Estimate_Person</class>
<attribute>
<name>Canonical</name>
<value>МЕХРИБАН АЛИЕВА</value>
</attribute>
</entry>
<entry>
<id>12</id>
<offset>782</offset>
<length>12</length>
<class>AAA_Estimate_Person</class>
<attribute>
<name>Canonical</name>
<value>ИЛЬХАМ АЛИЕВ</value>
</attribute>
</entry>
<entry>
<id>13</id>
<offset>898</offset>
<length>5</length>
<class>AAA_Estimate_Person</class>
<attribute>
<name>Canonical</name>
<value>АЛИЕВ</value>
</attribute>
</entry>
</markup>
