﻿<markup>
<entry>
<id>1</id>
<offset>19</offset>
<length>10</length>
<class>AAA_Estimate_Person</class>
<attribute>
<name>Canonical</name>
<value>ЭРИК ШМИДТ</value>
</attribute>
</entry>
<entry>
<id>2</id>
<offset>66</offset>
<length>10</length>
<class>AAA_Estimate_Person</class>
<attribute>
<name>Canonical</name>
<value>ЭРИК ШМИДТ</value>
</attribute>
</entry>
<entry>
<id>3</id>
<offset>205</offset>
<length>5</length>
<class>AAA_Estimate_Person</class>
<attribute>
<name>Canonical</name>
<value>ШМИДТ</value>
</attribute>
</entry>
<entry>
<id>4</id>
<offset>369</offset>
<length>12</length>
<class>AAA_Estimate_Person</class>
<attribute>
<name>Canonical</name>
<value>ЛАРРИ ПЕЙДЖ</value>
</attribute>
</entry>
<entry>
<id>5</id>
<offset>386</offset>
<length>5</length>
<class>AAA_Estimate_Person</class>
<attribute>
<name>Canonical</name>
<value>ШМИДТ</value>
</attribute>
</entry>
<entry>
<id>6</id>
<offset>912</offset>
<length>5</length>
<class>AAA_Estimate_Person</class>
<attribute>
<name>Canonical</name>
<value>ШМИДТ</value>
</attribute>
</entry>
<entry>
<id>7</id>
<offset>1000</offset>
<length>11</length>
<class>AAA_Estimate_Person</class>
<attribute>
<name>Canonical</name>
<value>ЛАРРИ ПЕЙДЖ</value>
</attribute>
</entry>
<entry>
<id>8</id>
<offset>1014</offset>
<length>11</length>
<class>AAA_Estimate_Person</class>
<attribute>
<name>Canonical</name>
<value>СЕРГЕЙ БРИН</value>
</attribute>
</entry>
<entry>
<id>11</id>
<offset>1043</offset>
<length>4</length>
<class>AAA_Estimate_Person</class>
<attribute>
<name>Canonical</name>
<value>ЭРИК</value>
</attribute>
</entry>
<entry>
<id>9</id>
<offset>1158</offset>
<length>6</length>
<class>AAA_Estimate_Person</class>
<attribute>
<name>Canonical</name>
<value>ПЕЙДЖ</value>
</attribute>
</entry>
<entry>
<id>10</id>
<offset>1167</offset>
<length>5</length>
<class>AAA_Estimate_Person</class>
<attribute>
<name>Canonical</name>
<value>БРИН</value>
</attribute>
</entry>
<entry>
<id>12</id>
<offset>1327</offset>
<length>5</length>
<class>AAA_Estimate_Person</class>
<attribute>
<name>Canonical</name>
<value>ПЕЙДЖ</value>
</attribute>
</entry>
<entry>
<id>13</id>
<offset>1343</offset>
<length>5</length>
<class>AAA_Estimate_Person</class>
<attribute>
<name>Canonical</name>
<value>ШМИДТ</value>
</attribute>
</entry>
<entry>
<id>14</id>
<offset>1466</offset>
<length>5</length>
<class>AAA_Estimate_Person</class>
<attribute>
<name>Canonical</name>
<value>БРИН</value>
</attribute>
</entry>
<entry>
<id>15</id>
<offset>1702</offset>
<length>5</length>
<class>AAA_Estimate_Person</class>
<attribute>
<name>Canonical</name>
<value>ПЕЙДЖ</value>
</attribute>
</entry>
<entry>
<id>16</id>
<offset>1753</offset>
<length>4</length>
<class>AAA_Estimate_Person</class>
<attribute>
<name>Canonical</name>
<value>БРИН</value>
</attribute>
</entry>
<entry>
<id>17</id>
<offset>1809</offset>
<length>6</length>
<class>AAA_Estimate_Person</class>
<attribute>
<name>Canonical</name>
<value>ШМИДТ</value>
</attribute>
</entry>
<entry>
<id>18</id>
<offset>1891</offset>
<length>5</length>
<class>AAA_Estimate_Person</class>
<attribute>
<name>Canonical</name>
<value>ШМИДТ</value>
</attribute>
</entry>
<entry>
<id>39</id>
<offset>2062</offset>
<length>5</length>
<class>AAA_Estimate_Person</class>
<attribute>
<name>Canonical</name>
<value>ПЕЙДЖ</value>
</attribute>
</entry>
<entry>
<id>40</id>
<offset>2068</offset>
<length>4</length>
<class>AAA_Estimate_Person</class>
<attribute>
<name>Canonical</name>
<value>БРИН</value>
</attribute>
</entry>
<entry>
<id>41</id>
<offset>2073</offset>
<length>5</length>
<class>AAA_Estimate_Person</class>
<attribute>
<name>Canonical</name>
<value>ШМИДТ</value>
</attribute>
</entry>
<entry>
<id>19</id>
<offset>2164</offset>
<length>5</length>
<class>AAA_Estimate_Person</class>
<attribute>
<name>Canonical</name>
<value>ШМИДТ</value>
</attribute>
</entry>
<entry>
<id>20</id>
<offset>2297</offset>
<length>4</length>
<class>AAA_Estimate_Person</class>
<attribute>
<name>Canonical</name>
<value>БРИН</value>
</attribute>
</entry>
<entry>
<id>21</id>
<offset>2304</offset>
<length>5</length>
<class>AAA_Estimate_Person</class>
<attribute>
<name>Canonical</name>
<value>ПЕЙДЖ</value>
</attribute>
</entry>
<entry>
<id>22</id>
<offset>2459</offset>
<length>6</length>
<class>AAA_Estimate_Person</class>
<attribute>
<name>Canonical</name>
<value>ШМИДТ</value>
</attribute>
</entry>
<entry>
<id>23</id>
<offset>2581</offset>
<length>4</length>
<class>AAA_Estimate_Person</class>
<attribute>
<name>Canonical</name>
<value>БРИН</value>
</attribute>
</entry>
<entry>
<id>24</id>
<offset>2588</offset>
<length>7</length>
<class>AAA_Estimate_Person</class>
<attribute>
<name>Canonical</name>
<value>ПЕЙДЖ</value>
</attribute>
</entry>
<entry>
<id>25</id>
<offset>2668</offset>
<length>4</length>
<class>AAA_Estimate_Person</class>
<attribute>
<name>Canonical</name>
<value>ЭРИК</value>
</attribute>
</entry>
<entry>
<id>26</id>
<offset>2699</offset>
<length>6</length>
<class>AAA_Estimate_Person</class>
<attribute>
<name>Canonical</name>
<value>ШМИДТ</value>
</attribute>
</entry>
<entry>
<id>27</id>
<offset>2827</offset>
<length>4</length>
<class>AAA_Estimate_Person</class>
<attribute>
<name>Canonical</name>
<value>ЭРИК</value>
</attribute>
</entry>
<entry>
<id>28</id>
<offset>3275</offset>
<length>5</length>
<class>AAA_Estimate_Person</class>
<attribute>
<name>Canonical</name>
<value>ШМИДТ</value>
</attribute>
</entry>
<entry>
<id>29</id>
<offset>3474</offset>
<length>5</length>
<class>AAA_Estimate_Person</class>
<attribute>
<name>Canonical</name>
<value>ШМИДТ</value>
</attribute>
</entry>
<entry>
<id>30</id>
<offset>3811</offset>
<length>10</length>
<class>AAA_Estimate_Person</class>
<attribute>
<name>Canonical</name>
<value>СТИВ ДЖОБС</value>
</attribute>
</entry>
<entry>
<id>31</id>
<offset>3923</offset>
<length>6</length>
<class>AAA_Estimate_Person</class>
<attribute>
<name>Canonical</name>
<value>ПЕЙДЖ</value>
</attribute>
</entry>
<entry>
<id>32</id>
<offset>3932</offset>
<length>6</length>
<class>AAA_Estimate_Person</class>
<attribute>
<name>Canonical</name>
<value>ШМИДТ</value>
</attribute>
</entry>
<entry>
<id>33</id>
<offset>4415</offset>
<length>5</length>
<class>AAA_Estimate_Person</class>
<attribute>
<name>Canonical</name>
<value>ШМИДТ</value>
</attribute>
</entry>
<entry>
<id>34</id>
<offset>4683</offset>
<length>14</length>
<class>AAA_Estimate_Person</class>
<attribute>
<name>Canonical</name>
<value>МАРК ЦУКЕРБЕРГ</value>
</attribute>
</entry>
<entry>
<id>35</id>
<offset>5080</offset>
<length>6</length>
<class>AAA_Estimate_Person</class>
<attribute>
<name>Canonical</name>
<value>ШМИДТ</value>
</attribute>
</entry>
<entry>
<id>36</id>
<offset>5102</offset>
<length>5</length>
<class>AAA_Estimate_Person</class>
<attribute>
<name>Canonical</name>
<value>ШМИДТ</value>
</attribute>
</entry>
<entry>
<id>37</id>
<offset>6399</offset>
<length>11</length>
<class>AAA_Estimate_Person</class>
<attribute>
<name>Canonical</name>
<value>СЕРГЕЙ БРИН</value>
</attribute>
</entry>
<entry>
<id>38</id>
<offset>6810</offset>
<length>5</length>
<class>AAA_Estimate_Person</class>
<attribute>
<name>Canonical</name>
<value>ШМИДТ</value>
</attribute>
</entry>
</markup>
