﻿<markup>
<entry>
<id>1</id>
<offset>0</offset>
<length>5</length>
<class>AAA_Estimate_Person</class>
<attribute>
<name>Canonical</name>
<value>ОБАМА</value>
</attribute>
</entry>
<entry>
<id>2</id>
<offset>58</offset>
<length>11</length>
<class>AAA_Estimate_Person</class>
<attribute>
<name>Canonical</name>
<value>БАРАК ОБАМА</value>
</attribute>
</entry>
<entry>
<id>5</id>
<offset>277</offset>
<length>23</length>
<class>AAA_Estimate_Person</class>
<attribute>
<name>Canonical</name>
<value>АНИТА ДАНН (ANITA DUNN)</value>
</attribute>
</entry>
<entry>
<id>3</id>
<offset>317</offset>
<length>25</length>
<class>AAA_Estimate_Person</class>
<attribute>
<name>Canonical</name>
<value>ЭЛЛЕН МОРАН (ELLEN MORAN)</value>
</attribute>
</entry>
<entry>
<id>4</id>
<offset>453</offset>
<length>9</length>
<class>AAA_Estimate_Person</class>
<attribute>
<name>Canonical</name>
<value>ГЭРИ ЛОК</value>
</attribute>
</entry>
<entry>
<id>6</id>
<offset>467</offset>
<length>4</length>
<class>AAA_Estimate_Person</class>
<attribute>
<name>Canonical</name>
<value>ДАНН</value>
</attribute>
</entry>
<entry>
<id>10</id>
<offset>545</offset>
<length>23</length>
<class>AAA_Estimate_Person</class>
<attribute>
<name>Canonical</name>
<value>ЭВАН БЭЙ (EVAN BAYH)</value>
</attribute>
</entry>
<entry>
<id>7</id>
<offset>590</offset>
<length>28</length>
<class>AAA_Estimate_Person</class>
<attribute>
<name>Canonical</name>
<value>БИЛЛ БРЭДЛИ (BILL BRADLEY)</value>
</attribute>
</entry>
<entry>
<id>8</id>
<offset>621</offset>
<length>12</length>
<class>AAA_Estimate_Person</class>
<attribute>
<name>Canonical</name>
<value>ТОМ ДЭШЛ</value>
</attribute>
</entry>
<entry>
<id>11</id>
<offset>700</offset>
<length>5</length>
<class>AAA_Estimate_Person</class>
<attribute>
<name>Canonical</name>
<value>ОБАМА</value>
</attribute>
</entry>
<entry>
<id>12</id>
<offset>716</offset>
<length>5</length>
<class>AAA_Estimate_Person</class>
<attribute>
<name>Canonical</name>
<value>ОБАМА</value>
</attribute>
</entry>
<entry>
<id>13</id>
<offset>736</offset>
<length>4</length>
<class>AAA_Estimate_Person</class>
<attribute>
<name>Canonical</name>
<value>ДАНН</value>
</attribute>
</entry>
<entry>
<id>14</id>
<offset>917</offset>
<length>4</length>
<class>AAA_Estimate_Person</class>
<attribute>
<name>Canonical</name>
<value>ДАНН</value>
</attribute>
</entry>
<entry>
<id>15</id>
<offset>1104</offset>
<length>4</length>
<class>AAA_Estimate_Person</class>
<attribute>
<name>Canonical</name>
<value>ДАНН</value>
</attribute>
</entry>
<entry>
<id>16</id>
<offset>1128</offset>
<length>6</length>
<class>AAA_Estimate_Person</class>
<attribute>
<name>Canonical</name>
<value>ОБАМА</value>
</attribute>
</entry>
<entry>
<id>17</id>
<offset>1190</offset>
<length>5</length>
<class>AAA_Estimate_Person</class>
<attribute>
<name>Canonical</name>
<value>МОРАН</value>
</attribute>
</entry>
</markup>
