﻿<markup>
<entry>
<id>1</id>
<offset>379</offset>
<length>21</length>
<class>AAA_Estimate_Person</class>
<attribute>
<name>Canonical</name>
<value>ДОМИНИК СТРОСС-КАН</value>
</attribute>
</entry>
<entry>
<id>2</id>
<offset>963</offset>
<length>14</length>
<class>AAA_Estimate_Person</class>
<attribute>
<name>Canonical</name>
<value>ТИМОТИ ГАЙТНЕР</value>
</attribute>
</entry>
<entry>
<id>5</id>
<offset>1103</offset>
<length>13</length>
<class>AAA_Estimate_Person</class>
<attribute>
<name>Canonical</name>
<value>ЧЖОУ СЯОЧУАНЬ</value>
</attribute>
</entry>
<entry>
<id>3</id>
<offset>1487</offset>
<length>12</length>
<class>AAA_Estimate_Person</class>
<attribute>
<name>Canonical</name>
<value>ДЖИМ ФЛАЭРТИ</value>
</attribute>
</entry>
<entry>
<id>4</id>
<offset>1504</offset>
<length>12</length>
<class>AAA_Estimate_Person</class>
<attribute>
<name>Canonical</name>
<value>Д СТРОСС-КАН</value>
</attribute>
</entry>
</markup>
