﻿<markup>
<entry>
<id>1</id>
<offset>12</offset>
<length>9</length>
<class>AAA_Estimate_Person</class>
<attribute>
<name>Canonical</name>
<value>В СУРКОВ</value>
</attribute>
</entry>
<entry>
<id>2</id>
<offset>55</offset>
<length>8</length>
<class>AAA_Estimate_Person</class>
<attribute>
<name>Canonical</name>
<value>В ПУТИН</value>
</attribute>
</entry>
<entry>
<id>3</id>
<offset>94</offset>
<length>18</length>
<class>AAA_Estimate_Person</class>
<attribute>
<name>Canonical</name>
<value>ВЛАДИСЛАВ СУРКОВ</value>
</attribute>
</entry>
<entry>
<id>4</id>
<offset>265</offset>
<length>11</length>
<class>AAA_Estimate_Person</class>
<attribute>
<name>Canonical</name>
<value>ЮРИЙ ДУДАЕВ</value>
</attribute>
</entry>
<entry>
<id>5</id>
<offset>394</offset>
<length>9</length>
<class>AAA_Estimate_Person</class>
<attribute>
<name>Canonical</name>
<value>Ю ДУДАЕВ</value>
</attribute>
</entry>
<entry>
<id>6</id>
<offset>426</offset>
<length>8</length>
<class>AAA_Estimate_Person</class>
<attribute>
<name>Canonical</name>
<value>В СУРКОВ</value>
</attribute>
</entry>
<entry>
<id>7</id>
<offset>479</offset>
<length>6</length>
<class>AAA_Estimate_Person</class>
<attribute>
<name>Canonical</name>
<value>ПУТИН</value>
</attribute>
</entry>
<entry>
<id>8</id>
<offset>524</offset>
<length>8</length>
<class>AAA_Estimate_Person</class>
<attribute>
<name>Canonical</name>
<value>Ю ДУДАЕВ</value>
</attribute>
</entry>
<entry>
<id>9</id>
<offset>641</offset>
<length>8</length>
<class>AAA_Estimate_Person</class>
<attribute>
<name>Canonical</name>
<value>В СУРКОВ</value>
</attribute>
</entry>
<entry>
<id>10</id>
<offset>875</offset>
<length>8</length>
<class>AAA_Estimate_Person</class>
<attribute>
<name>Canonical</name>
<value>Ю ДУДАЕВ</value>
</attribute>
</entry>
<entry>
<id>11</id>
<offset>1063</offset>
<length>8</length>
<class>AAA_Estimate_Person</class>
<attribute>
<name>Canonical</name>
<value>Ю ДУДАЕВ</value>
</attribute>
</entry>
<entry>
<id>12</id>
<offset>1202</offset>
<length>8</length>
<class>AAA_Estimate_Person</class>
<attribute>
<name>Canonical</name>
<value>Ю ДУДАЕВ</value>
</attribute>
</entry>
<entry>
<id>13</id>
<offset>1248</offset>
<length>7</length>
<class>AAA_Estimate_Person</class>
<attribute>
<name>Canonical</name>
<value>СУРКОВ</value>
</attribute>
</entry>
<entry>
<id>14</id>
<offset>1314</offset>
<length>4</length>
<class>AAA_Estimate_Person</class>
<attribute>
<name>Canonical</name>
<value>АСИК</value>
</attribute>
</entry>
<entry>
<id>15</id>
<offset>1320</offset>
<length>8</length>
<class>AAA_Estimate_Person</class>
<attribute>
<name>Canonical</name>
<value>АСЛАНБЕК</value>
</attribute>
</entry>
<entry>
<id>16</id>
<offset>1377</offset>
<length>18</length>
<class>AAA_Estimate_Person</class>
<attribute>
<name>Canonical</name>
<value>АСЛАНБЕК ШАРИПОВ</value>
</attribute>
</entry>
<entry>
<id>17</id>
<offset>1430</offset>
<length>8</length>
<class>AAA_Estimate_Person</class>
<attribute>
<name>Canonical</name>
<value>Ю ДУДАЕВ</value>
</attribute>
</entry>
<entry>
<id>18</id>
<offset>1494</offset>
<length>11</length>
<class>AAA_Estimate_Person</class>
<attribute>
<name>Canonical</name>
<value>ЗОЯ СУРКОВА</value>
</attribute>
</entry>
<entry>
<id>19</id>
<offset>1785</offset>
<length>14</length>
<class>AAA_Estimate_Person</class>
<attribute>
<name>Canonical</name>
<value>ВЛАДИМИР ПУТИН</value>
</attribute>
</entry>
<entry>
<id>20</id>
<offset>1830</offset>
<length>9</length>
<class>AAA_Estimate_Person</class>
<attribute>
<name>Canonical</name>
<value>В СУРКОВ</value>
</attribute>
</entry>
<entry>
<id>21</id>
<offset>1947</offset>
<length>14</length>
<class>AAA_Estimate_Person</class>
<attribute>
<name>Canonical</name>
<value>ДМИТРИЙ ПЕСКОВ</value>
</attribute>
</entry>
<entry>
<id>22</id>
<offset>1985</offset>
<length>9</length>
<class>AAA_Estimate_Person</class>
<attribute>
<name>Canonical</name>
<value>В СУРКОВ</value>
</attribute>
</entry>
<entry>
<id>23</id>
<offset>2096</offset>
<length>7</length>
<class>AAA_Estimate_Person</class>
<attribute>
<name>Canonical</name>
<value>В ПУТИН</value>
</attribute>
</entry>
<entry>
<id>24</id>
<offset>2177</offset>
<length>8</length>
<class>AAA_Estimate_Person</class>
<attribute>
<name>Canonical</name>
<value>В СУРКОВ</value>
</attribute>
</entry>
</markup>
