﻿<markup>
<entry>
<id>1</id>
<offset>111</offset>
<length>15</length>
<class>AAA_Estimate_Person</class>
<attribute>
<name>Canonical</name>
<value>ВЛАДИМИР ПРОНИН</value>
</attribute>
</entry>
<entry>
<id>2</id>
<offset>265</offset>
<length>20</length>
<class>AAA_Estimate_Person</class>
<attribute>
<name>Canonical</name>
<value>АЛЕКСАНДРА КОСТЕРИНА</value>
</attribute>
</entry>
<entry>
<id>3</id>
<offset>330</offset>
<length>7</length>
<class>AAA_Estimate_Person</class>
<attribute>
<name>Canonical</name>
<value>ПРОНИН</value>
</attribute>
</entry>
<entry>
<id>4</id>
<offset>372</offset>
<length>16</length>
<class>AAA_Estimate_Person</class>
<attribute>
<name>Canonical</name>
<value>ТАЙМУРАЗ БОЛЛОЕВ</value>
</attribute>
</entry>
<entry>
<id>5</id>
<offset>403</offset>
<length>10</length>
<class>AAA_Estimate_Person</class>
<attribute>
<name>Canonical</name>
<value>КОСТЕРИНА</value>
</attribute>
</entry>
<entry>
<id>6</id>
<offset>415</offset>
<length>6</length>
<class>AAA_Estimate_Person</class>
<attribute>
<name>Canonical</name>
<value>ПРОНИН</value>
</attribute>
</entry>
<entry>
<id>7</id>
<offset>572</offset>
<length>9</length>
<class>AAA_Estimate_Person</class>
<attribute>
<name>Canonical</name>
<value>КОСТЕРИНА</value>
</attribute>
</entry>
<entry>
<id>8</id>
<offset>598</offset>
<length>7</length>
<class>AAA_Estimate_Person</class>
<attribute>
<name>Canonical</name>
<value>ПРОНИН</value>
</attribute>
</entry>
<entry>
<id>9</id>
<offset>722</offset>
<length>6</length>
<class>AAA_Estimate_Person</class>
<attribute>
<name>Canonical</name>
<value>ПРОНИН</value>
</attribute>
</entry>
<entry>
<id>10</id>
<offset>800</offset>
<length>7</length>
<class>AAA_Estimate_Person</class>
<attribute>
<name>Canonical</name>
<value>ПРОНИН</value>
</attribute>
</entry>
<entry>
<id>11</id>
<offset>944</offset>
<length>7</length>
<class>AAA_Estimate_Person</class>
<attribute>
<name>Canonical</name>
<value>ПРОНИН</value>
</attribute>
</entry>
<entry>
<id>12</id>
<offset>1078</offset>
<length>13</length>
<class>AAA_Estimate_Person</class>
<attribute>
<name>Canonical</name>
<value>ДЕНИС ЕВСЮКОВ</value>
</attribute>
</entry>
<entry>
<id>13</id>
<offset>1155</offset>
<length>7</length>
<class>AAA_Estimate_Person</class>
<attribute>
<name>Canonical</name>
<value>ПРОНИН</value>
</attribute>
</entry>
<entry>
<id>14</id>
<offset>1228</offset>
<length>20</length>
<class>AAA_Estimate_Person</class>
<attribute>
<name>Canonical</name>
<value>ВЛАДИМИР КОЛОКОЛЬЦЕВ</value>
</attribute>
</entry>
</markup>
