﻿<markup>
<entry>
<id>1</id>
<offset>0</offset>
<length>7</length>
<class>AAA_Estimate_Person</class>
<attribute>
<name>Canonical</name>
<value>ЭРДОГАН</value>
</attribute>
</entry>
<entry>
<id>2</id>
<offset>260</offset>
<length>20</length>
<class>AAA_Estimate_Person</class>
<attribute>
<name>Canonical</name>
<value>РЕДЖЕП ТАЙИП ЭРДОГАН</value>
</attribute>
</entry>
<entry>
<id>3</id>
<offset>544</offset>
<length>7</length>
<class>AAA_Estimate_Person</class>
<attribute>
<name>Canonical</name>
<value>ЭРДОГАН</value>
</attribute>
</entry>
<entry>
<id>4</id>
<offset>857</offset>
<length>19</length>
<class>AAA_Estimate_Person</class>
<attribute>
<name>Canonical</name>
<value>КЕМАЛЬ КЫЛЫЧДАРОГЛУ</value>
</attribute>
</entry>
<entry>
<id>5</id>
<offset>1175</offset>
<length>7</length>
<class>AAA_Estimate_Person</class>
<attribute>
<name>Canonical</name>
<value>ЭРДОГАН</value>
</attribute>
</entry>
</markup>
