﻿<markup>
<entry>
<id>1</id>
<offset>8</offset>
<length>13</length>
<class>AAA_Estimate_Person</class>
<attribute>
<name>Canonical</name>
<value>МУРАДВЕРДИЕВ</value>
</attribute>
</entry>
<entry>
<id>2</id>
<offset>129</offset>
<length>19</length>
<class>AAA_Estimate_Person</class>
<attribute>
<name>Canonical</name>
<value>АКИФ МУРАДВЕРДИЕВ</value>
</attribute>
</entry>
<entry>
<id>18</id>
<offset>269</offset>
<length>19</length>
<class>AAA_Estimate_Person</class>
<attribute>
<name>Canonical</name>
<value>АКИФ МУРАДВЕРДИЕВ</value>
</attribute>
</entry>
<entry>
<id>3</id>
<offset>289</offset>
<length>10</length>
<class>AAA_Estimate_Person</class>
<attribute>
<name>Canonical</name>
<value>ФУАД АГАЕВ</value>
</attribute>
</entry>
<entry>
<id>4</id>
<offset>515</offset>
<length>13</length>
<class>AAA_Estimate_Person</class>
<attribute>
<name>Canonical</name>
<value>МУРАДВЕРДИЕВ</value>
</attribute>
</entry>
<entry>
<id>5</id>
<offset>690</offset>
<length>17</length>
<class>AAA_Estimate_Person</class>
<attribute>
<name>Canonical</name>
<value>АКИФ МУРАДВЕРДИЕВ</value>
</attribute>
</entry>
<entry>
<id>6</id>
<offset>1154</offset>
<length>19</length>
<class>AAA_Estimate_Person</class>
<attribute>
<name>Canonical</name>
<value>АКИФ МУРАДВЕРДИЕВ</value>
</attribute>
</entry>
<entry>
<id>7</id>
<offset>1207</offset>
<length>12</length>
<class>AAA_Estimate_Person</class>
<attribute>
<name>Canonical</name>
<value>МУРАДВЕРДИЕВ</value>
</attribute>
</entry>
<entry>
<id>8</id>
<offset>1316</offset>
<length>14</length>
<class>AAA_Estimate_Person</class>
<attribute>
<name>Canonical</name>
<value>ГЕЙДАР АЛИЕВ</value>
</attribute>
</entry>
<entry>
<id>9</id>
<offset>1423</offset>
<length>12</length>
<class>AAA_Estimate_Person</class>
<attribute>
<name>Canonical</name>
<value>МУРАДВЕРДИЕВ</value>
</attribute>
</entry>
<entry>
<id>10</id>
<offset>1847</offset>
<length>14</length>
<class>AAA_Estimate_Person</class>
<attribute>
<name>Canonical</name>
<value>ГЕЙДАР АЛИЕВ</value>
</attribute>
</entry>
<entry>
<id>11</id>
<offset>1921</offset>
<length>17</length>
<class>AAA_Estimate_Person</class>
<attribute>
<name>Canonical</name>
<value>АКИФ МУРАДВЕРДИЕВ</value>
</attribute>
</entry>
<entry>
<id>12</id>
<offset>1984</offset>
<length>13</length>
<class>AAA_Estimate_Person</class>
<attribute>
<name>Canonical</name>
<value>МУРАДВЕРДИЕВ</value>
</attribute>
</entry>
<entry>
<id>13</id>
<offset>2144</offset>
<length>17</length>
<class>AAA_Estimate_Person</class>
<attribute>
<name>Canonical</name>
<value>АКИФ МУРАДВЕРДИЕВ</value>
</attribute>
</entry>
<entry>
<id>14</id>
<offset>2250</offset>
<length>16</length>
<class>AAA_Estimate_Person</class>
<attribute>
<name>Canonical</name>
<value>ФАРХАД АЛИЕВ</value>
</attribute>
</entry>
<entry>
<id>15</id>
<offset>2298</offset>
<length>13</length>
<class>AAA_Estimate_Person</class>
<attribute>
<name>Canonical</name>
<value>АЛИ ИНСАНОВ</value>
</attribute>
</entry>
<entry>
<id>16</id>
<offset>2465</offset>
<length>17</length>
<class>AAA_Estimate_Person</class>
<attribute>
<name>Canonical</name>
<value>АКИФ МУРАДВЕРДИЕВ</value>
</attribute>
</entry>
</markup>
