﻿<markup>
<entry>
<id>1</id>
<offset>159</offset>
<length>12</length>
<class>AAA_Estimate_Person</class>
<attribute>
<name>Canonical</name>
<value>РОБЕРТ ДАДЛИ</value>
</attribute>
</entry>
<entry>
<id>2</id>
<offset>208</offset>
<length>8</length>
<class>AAA_Estimate_Person</class>
<attribute>
<name>Canonical</name>
<value>ДЖОН МАК</value>
</attribute>
</entry>
<entry>
<id>3</id>
<offset>259</offset>
<length>15</length>
<class>AAA_Estimate_Person</class>
<attribute>
<name>Canonical</name>
<value>ДОНАЛЬД ХАМФРИЗ</value>
</attribute>
</entry>
<entry>
<id>4</id>
<offset>286</offset>
<length>13</length>
<class>AAA_Estimate_Person</class>
<attribute>
<name>Canonical</name>
<value>АНДРЕЙ КОСТИН</value>
</attribute>
</entry>
<entry>
<id>5</id>
<offset>318</offset>
<length>14</length>
<class>AAA_Estimate_Person</class>
<attribute>
<name>Canonical</name>
<value>СЕРГЕЙ ЧЕМЕЗОВ</value>
</attribute>
</entry>
<entry>
<id>6</id>
<offset>526</offset>
<length>12</length>
<class>AAA_Estimate_Person</class>
<attribute>
<name>Canonical</name>
<value>РОБЕРТ ДАДЛИ</value>
</attribute>
</entry>
<entry>
<id>7</id>
<offset>575</offset>
<length>8</length>
<class>AAA_Estimate_Person</class>
<attribute>
<name>Canonical</name>
<value>ДЖОН МАК</value>
</attribute>
</entry>
<entry>
<id>8</id>
<offset>626</offset>
<length>15</length>
<class>AAA_Estimate_Person</class>
<attribute>
<name>Canonical</name>
<value>ДОНАЛЬД ХАМФРИЗ</value>
</attribute>
</entry>
<entry>
<id>9</id>
<offset>653</offset>
<length>13</length>
<class>AAA_Estimate_Person</class>
<attribute>
<name>Canonical</name>
<value>АНДРЕЙ КОСТИН</value>
</attribute>
</entry>
<entry>
<id>10</id>
<offset>685</offset>
<length>14</length>
<class>AAA_Estimate_Person</class>
<attribute>
<name>Canonical</name>
<value>СЕРГЕЙ ЧЕМЕЗОВ</value>
</attribute>
</entry>
<entry>
<id>11</id>
<offset>809</offset>
<length>14</length>
<class>AAA_Estimate_Person</class>
<attribute>
<name>Canonical</name>
<value>ДМИТРИЙ ШУГАЕВ</value>
</attribute>
</entry>
<entry>
<id>12</id>
<offset>1015</offset>
<length>5</length>
<class>AAA_Estimate_Person</class>
<attribute>
<name>Canonical</name>
<value>ДАДЛИ</value>
</attribute>
</entry>
<entry>
<id>13</id>
<offset>1169</offset>
<length>11</length>
<class>AAA_Estimate_Person</class>
<attribute>
<name>Canonical</name>
<value>ИГОРЬ СЕЧИН</value>
</attribute>
</entry>
<entry>
<id>14</id>
<offset>1281</offset>
<length>3</length>
<class>AAA_Estimate_Person</class>
<attribute>
<name>Canonical</name>
<value>МАК</value>
</attribute>
</entry>
<entry>
<id>15</id>
<offset>1287</offset>
<length>7</length>
<class>AAA_Estimate_Person</class>
<attribute>
<name>Canonical</name>
<value>ХАМФРИЗ</value>
</attribute>
</entry>
<entry>
<id>16</id>
<offset>1352</offset>
<length>7</length>
<class>AAA_Estimate_Person</class>
<attribute>
<name>Canonical</name>
<value>ЧЕМЕЗОВ</value>
</attribute>
</entry>
<entry>
<id>17</id>
<offset>1389</offset>
<length>6</length>
<class>AAA_Estimate_Person</class>
<attribute>
<name>Canonical</name>
<value>КОСТИН</value>
</attribute>
</entry>
<entry>
<id>18</id>
<offset>1546</offset>
<length>5</length>
<class>AAA_Estimate_Person</class>
<attribute>
<name>Canonical</name>
<value>СЕЧИН</value>
</attribute>
</entry>
<entry>
<id>19</id>
<offset>1622</offset>
<length>19</length>
<class>AAA_Estimate_Person</class>
<attribute>
<name>Canonical</name>
<value>АЛЕКСАНДР НЕКИПЕЛОВ</value>
</attribute>
</entry>
<entry>
<id>20</id>
<offset>1662</offset>
<length>15</length>
<class>AAA_Estimate_Person</class>
<attribute>
<name>Canonical</name>
<value>НИКОЛАЙ ЛАВЕРОВ</value>
</attribute>
</entry>
<entry>
<id>21</id>
<offset>1715</offset>
<length>14</length>
<class>AAA_Estimate_Person</class>
<attribute>
<name>Canonical</name>
<value>МАТТИАС ВАРНИГ</value>
</attribute>
</entry>
<entry>
<id>22</id>
<offset>1731</offset>
<length>9</length>
<class>AAA_Estimate_Person</class>
<attribute>
<name>Canonical</name>
<value>НЕКИПЕЛОВ</value>
</attribute>
</entry>
<entry>
<id>23</id>
<offset>1743</offset>
<length>5</length>
<class>AAA_Estimate_Person</class>
<attribute>
<name>Canonical</name>
<value>СЕЧИН</value>
</attribute>
</entry>
<entry>
<id>24</id>
<offset>1814</offset>
<length>6</length>
<class>AAA_Estimate_Person</class>
<attribute>
<name>Canonical</name>
<value>ВАРНИГ</value>
</attribute>
</entry>
<entry>
<id>25</id>
<offset>1823</offset>
<length>7</length>
<class>AAA_Estimate_Person</class>
<attribute>
<name>Canonical</name>
<value>ЛАВЕРОВ</value>
</attribute>
</entry>
<entry>
<id>26</id>
<offset>1905</offset>
<length>15</length>
<class>AAA_Estimate_Person</class>
<attribute>
<name>Canonical</name>
<value>МИХАИЛ КУЗОВЛЕВ</value>
</attribute>
</entry>
<entry>
<id>27</id>
<offset>1952</offset>
<length>13</length>
<class>AAA_Estimate_Person</class>
<attribute>
<name>Canonical</name>
<value>ИЛЬЯ ЩЕРБОВИЧ</value>
</attribute>
</entry>
<entry>
<id>28</id>
<offset>1986</offset>
<length>6</length>
<class>AAA_Estimate_Person</class>
<attribute>
<name>Canonical</name>
<value>ШУГАЕВ</value>
</attribute>
</entry>
<entry>
<id>29</id>
<offset>2021</offset>
<length>12</length>
<class>AAA_Estimate_Person</class>
<attribute>
<name>Canonical</name>
<value>СЕРГЕЙ ШИШИН</value>
</attribute>
</entry>
<entry>
<id>30</id>
<offset>2059</offset>
<length>17</length>
<class>AAA_Estimate_Person</class>
<attribute>
<name>Canonical</name>
<value>ХАНС ЙОРГ РУДЛОФФ</value>
</attribute>
</entry>
</markup>
