﻿<markup>
<entry>
<id>1</id>
<offset>93</offset>
<length>14</length>
<class>AAA_Estimate_Person</class>
<attribute>
<name>Canonical</name>
<value>ЧОРОБЕК ИМАШЕВ</value>
</attribute>
</entry>
<entry>
<id>2</id>
<offset>256</offset>
<length>14</length>
<class>AAA_Estimate_Person</class>
<attribute>
<name>Canonical</name>
<value>ЧОРОБЕК ИМАШЕВ</value>
</attribute>
</entry>
<entry>
<id>3</id>
<offset>475</offset>
<length>7</length>
<class>AAA_Estimate_Person</class>
<attribute>
<name>Canonical</name>
<value>ИМАШЕВ</value>
</attribute>
</entry>
<entry>
<id>4</id>
<offset>741</offset>
<length>6</length>
<class>AAA_Estimate_Person</class>
<attribute>
<name>Canonical</name>
<value>ИМАШЕВ</value>
</attribute>
</entry>
<entry>
<id>5</id>
<offset>1147</offset>
<length>15</length>
<class>AAA_Estimate_Person</class>
<attribute>
<name>Canonical</name>
<value>АЗАМАТ АРАПБАЕВ</value>
</attribute>
</entry>
<entry>
<id>6</id>
<offset>1194</offset>
<length>6</length>
<class>AAA_Estimate_Person</class>
<attribute>
<name>Canonical</name>
<value>ИМАШЕВ</value>
</attribute>
</entry>
<entry>
<id>7</id>
<offset>1308</offset>
<length>14</length>
<class>AAA_Estimate_Person</class>
<attribute>
<name>Canonical</name>
<value>ДАСТАН БЕКЕШЕВ</value>
</attribute>
</entry>
<entry>
<id>8</id>
<offset>1787</offset>
<length>14</length>
<class>AAA_Estimate_Person</class>
<attribute>
<name>Canonical</name>
<value>АЛМАЗ АТАМБАЕВ</value>
</attribute>
</entry>
</markup>
