﻿<markup>
<entry>
<id>1</id>
<offset>52</offset>
<length>9</length>
<class>AAA_Estimate_Person</class>
<attribute>
<name>Canonical</name>
<value>МЕДВЕДЕВ</value>
</attribute>
</entry>
<entry>
<id>2</id>
<offset>118</offset>
<length>17</length>
<class>AAA_Estimate_Person</class>
<attribute>
<name>Canonical</name>
<value>АНДРЕЙ НЕСТЕРЕНКО</value>
</attribute>
</entry>
<entry>
<id>3</id>
<offset>157</offset>
<length>19</length>
<class>AAA_Estimate_Person</class>
<attribute>
<name>Canonical</name>
<value>АЛЕКСАНДР ЛУКАШЕВИЧ</value>
</attribute>
</entry>
<entry>
<id>4</id>
<offset>219</offset>
<length>9</length>
<class>AAA_Estimate_Person</class>
<attribute>
<name>Canonical</name>
<value>ЛУКАШЕВИЧ</value>
</attribute>
</entry>
<entry>
<id>5</id>
<offset>488</offset>
<length>17</length>
<class>AAA_Estimate_Person</class>
<attribute>
<name>Canonical</name>
<value>ДМИТРИЙ МЕДВЕДЕВ</value>
</attribute>
</entry>
<entry>
<id>6</id>
<offset>518</offset>
<length>10</length>
<class>AAA_Estimate_Person</class>
<attribute>
<name>Canonical</name>
<value>НЕСТЕРЕНКО</value>
</attribute>
</entry>
<entry>
<id>7</id>
<offset>958</offset>
<length>14</length>
<class>AAA_Estimate_Person</class>
<attribute>
<name>Canonical</name>
<value>СЕРГЕЙ ЛАВРОВ</value>
</attribute>
</entry>
<entry>
<id>8</id>
<offset>1006</offset>
<length>10</length>
<class>AAA_Estimate_Person</class>
<attribute>
<name>Canonical</name>
<value>НЕСТЕРЕНКО</value>
</attribute>
</entry>
<entry>
<id>9</id>
<offset>1021</offset>
<length>17</length>
<class>AAA_Estimate_Person</class>
<attribute>
<name>Canonical</name>
<value>АНДРЕЙ НЕСТЕРЕНКО</value>
</attribute>
</entry>
<entry>
<id>10</id>
<offset>1172</offset>
<length>19</length>
<class>AAA_Estimate_Person</class>
<attribute>
<name>Canonical</name>
<value>АЛЕКСАНДР ЛУКАШЕВИЧ</value>
</attribute>
</entry>
</markup>
