﻿<markup>
<entry>
<id>1</id>
<offset>121</offset>
<length>15</length>
<class>AAA_Estimate_Person</class>
<attribute>
<name>Canonical</name>
<value>АНДРЕЙ ВОРОБЬЕВ</value>
</attribute>
</entry>
<entry>
<id>2</id>
<offset>138</offset>
<length>16</length>
<class>AAA_Estimate_Person</class>
<attribute>
<name>Canonical</name>
<value>ВЛАДИМИР ПЕЧЕНЫЙ</value>
</attribute>
</entry>
<entry>
<id>3</id>
<offset>215</offset>
<length>14</length>
<class>AAA_Estimate_Person</class>
<attribute>
<name>Canonical</name>
<value>ВЯЧЕСЛАВ ШПОРТ</value>
</attribute>
</entry>
<entry>
<id>4</id>
<offset>409</offset>
<length>16</length>
<class>AAA_Estimate_Person</class>
<attribute>
<name>Canonical</name>
<value>АНДРЕЙ ВОРОБЬЕВ</value>
</attribute>
</entry>
<entry>
<id>5</id>
<offset>464</offset>
<length>18</length>
<class>AAA_Estimate_Person</class>
<attribute>
<name>Canonical</name>
<value>ВЛАДИМИР ПЕЧЕНЫЙ</value>
</attribute>
</entry>
<entry>
<id>6</id>
<offset>535</offset>
<length>16</length>
<class>AAA_Estimate_Person</class>
<attribute>
<name>Canonical</name>
<value>ВЯЧЕСЛАВ ШПОРТ</value>
</attribute>
</entry>
<entry>
<id>7</id>
<offset>900</offset>
<length>7</length>
<class>AAA_Estimate_Person</class>
<attribute>
<name>Canonical</name>
<value>ПЕЧЕНЫЙ</value>
</attribute>
</entry>
<entry>
<id>8</id>
<offset>1056</offset>
<length>8</length>
<class>AAA_Estimate_Person</class>
<attribute>
<name>Canonical</name>
<value>ВОРОБЬЕВ</value>
</attribute>
</entry>
<entry>
<id>9</id>
<offset>1108</offset>
<length>5</length>
<class>AAA_Estimate_Person</class>
<attribute>
<name>Canonical</name>
<value>ШПОРТ</value>
</attribute>
</entry>
<entry>
<id>10</id>
<offset>1311</offset>
<length>14</length>
<class>AAA_Estimate_Person</class>
<attribute>
<name>Canonical</name>
<value>БОРИС НЕВЗОРОВ</value>
</attribute>
</entry>
<entry>
<id>11</id>
<offset>1592</offset>
<length>15</length>
<class>AAA_Estimate_Person</class>
<attribute>
<name>Canonical</name>
<value>СЕРГЕЙ БЕБЕНИН</value>
</attribute>
</entry>
</markup>
