﻿<markup>
<entry>
<id>1</id>
<offset>65</offset>
<length>13</length>
<class>AAA_Estimate_Person</class>
<attribute>
<name>Canonical</name>
<value>С МАГНИТСКИЙ</value>
</attribute>
</entry>
<entry>
<id>2</id>
<offset>151</offset>
<length>18</length>
<class>AAA_Estimate_Person</class>
<attribute>
<name>Canonical</name>
<value>АНАТОЛИЙ МИХАЛКИН</value>
</attribute>
</entry>
<entry>
<id>3</id>
<offset>265</offset>
<length>18</length>
<class>AAA_Estimate_Person</class>
<attribute>
<name>Canonical</name>
<value>СЕРГЕЙ МАГНИТСКИЙ</value>
</attribute>
</entry>
<entry>
<id>9</id>
<offset>495</offset>
<length>11</length>
<class>AAA_Estimate_Person</class>
<attribute>
<name>Canonical</name>
<value>А КУЗНЕЦОВ</value>
</attribute>
</entry>
<entry>
<id>4</id>
<offset>524</offset>
<length>12</length>
<class>AAA_Estimate_Person</class>
<attribute>
<name>Canonical</name>
<value>С МАГНИТСКИЙ</value>
</attribute>
</entry>
<entry>
<id>5</id>
<offset>588</offset>
<length>10</length>
<class>AAA_Estimate_Person</class>
<attribute>
<name>Canonical</name>
<value>А МИХАЛКИН</value>
</attribute>
</entry>
<entry>
<id>8</id>
<offset>637</offset>
<length>12</length>
<class>AAA_Estimate_Person</class>
<attribute>
<name>Canonical</name>
<value>А КУЗНЕЦОВ</value>
</attribute>
</entry>
</markup>
