﻿<markup>
<entry>
<id>1</id>
<offset>262</offset>
<length>10</length>
<class>AAA_Estimate_Person</class>
<attribute>
<name>Canonical</name>
<value>АЛЕН ЖЮППЕ</value>
</attribute>
</entry>
<entry>
<id>2</id>
<offset>324</offset>
<length>18</length>
<class>AAA_Estimate_Person</class>
<attribute>
<name>Canonical</name>
<value>МИШЕЛЬ АЛЛИОТ-МАРИ</value>
</attribute>
</entry>
<entry>
<id>3</id>
<offset>460</offset>
<length>14</length>
<class>AAA_Estimate_Person</class>
<attribute>
<name>Canonical</name>
<value>КРИСТИН ЛАГАРД</value>
</attribute>
</entry>
<entry>
<id>4</id>
<offset>500</offset>
<length>11</length>
<class>AAA_Estimate_Person</class>
<attribute>
<name>Canonical</name>
<value>БРИС ОРТЕФЕ</value>
</attribute>
</entry>
<entry>
<id>5</id>
<offset>565</offset>
<length>14</length>
<class>AAA_Estimate_Person</class>
<attribute>
<name>Canonical</name>
<value>НИКОЛЯ САРКОЗИ</value>
</attribute>
</entry>
<entry>
<id>6</id>
<offset>682</offset>
<length>13</length>
<class>AAA_Estimate_Person</class>
<attribute>
<name>Canonical</name>
<value>ФРАНСУА ФИЙОН</value>
</attribute>
</entry>
<entry>
<id>7</id>
<offset>700</offset>
<length>7</length>
<class>AAA_Estimate_Person</class>
<attribute>
<name>Canonical</name>
<value>Ф ФИЙОН</value>
</attribute>
</entry>
</markup>
