﻿<markup>
<entry>
<id>1</id>
<offset>0</offset>
<length>5</length>
<class>AAA_Estimate_Person</class>
<attribute>
<name>Canonical</name>
<value>ГЕЙТС</value>
</attribute>
</entry>
<entry>
<id>2</id>
<offset>76</offset>
<length>12</length>
<class>AAA_Estimate_Person</class>
<attribute>
<name>Canonical</name>
<value>РОБЕРТ ГЕЙТС</value>
</attribute>
</entry>
<entry>
<id>3</id>
<offset>627</offset>
<length>5</length>
<class>AAA_Estimate_Person</class>
<attribute>
<name>Canonical</name>
<value>ГЕЙТС</value>
</attribute>
</entry>
<entry>
<id>4</id>
<offset>711</offset>
<length>5</length>
<class>AAA_Estimate_Person</class>
<attribute>
<name>Canonical</name>
<value>ГЕЙТС</value>
</attribute>
</entry>
<entry>
<id>5</id>
<offset>1335</offset>
<length>5</length>
<class>AAA_Estimate_Person</class>
<attribute>
<name>Canonical</name>
<value>ГЕЙТС</value>
</attribute>
</entry>
<entry>
<id>6</id>
<offset>1546</offset>
<length>5</length>
<class>AAA_Estimate_Person</class>
<attribute>
<name>Canonical</name>
<value>ГЕЙТС</value>
</attribute>
</entry>
<entry>
<id>7</id>
<offset>1889</offset>
<length>5</length>
<class>AAA_Estimate_Person</class>
<attribute>
<name>Canonical</name>
<value>ГЕЙТС</value>
</attribute>
</entry>
<entry>
<id>8</id>
<offset>1988</offset>
<length>12</length>
<class>AAA_Estimate_Person</class>
<attribute>
<name>Canonical</name>
<value>БАРАК ОБАМА</value>
</attribute>
</entry>
<entry>
<id>9</id>
<offset>2078</offset>
<length>13</length>
<class>AAA_Estimate_Person</class>
<attribute>
<name>Canonical</name>
<value>ДЖЕФФ МОРРЕЛЛ</value>
</attribute>
</entry>
<entry>
<id>10</id>
<offset>2190</offset>
<length>5</length>
<class>AAA_Estimate_Person</class>
<attribute>
<name>Canonical</name>
<value>ГЕЙТС</value>
</attribute>
</entry>
<entry>
<id>32</id>
<offset>2254</offset>
<length>13</length>
<class>AAA_Estimate_Person</class>
<attribute>
<name>Canonical</name>
<value>БУШ [-МЛАДШИЙ]</value>
</attribute>
</entry>
<entry>
<id>11</id>
<offset>2310</offset>
<length>5</length>
<class>AAA_Estimate_Person</class>
<attribute>
<name>Canonical</name>
<value>ОБАМА</value>
</attribute>
</entry>
<entry>
<id>12</id>
<offset>2389</offset>
<length>5</length>
<class>AAA_Estimate_Person</class>
<attribute>
<name>Canonical</name>
<value>ГЕЙТС</value>
</attribute>
</entry>
<entry>
<id>13</id>
<offset>2490</offset>
<length>14</length>
<class>AAA_Estimate_Person</class>
<attribute>
<name>Canonical</name>
<value>БИЛЛ КЛИНТОН</value>
</attribute>
</entry>
<entry>
<id>14</id>
<offset>2505</offset>
<length>5</length>
<class>AAA_Estimate_Person</class>
<attribute>
<name>Canonical</name>
<value>ГЕЙТС</value>
</attribute>
</entry>
<entry>
<id>15</id>
<offset>2637</offset>
<length>13</length>
<class>AAA_Estimate_Person</class>
<attribute>
<name>Canonical</name>
<value>БУШ [-МЛАДШИЙ]</value>
</attribute>
</entry>
<entry>
<id>16</id>
<offset>2651</offset>
<length>5</length>
<class>AAA_Estimate_Person</class>
<attribute>
<name>Canonical</name>
<value>ГЕЙТС</value>
</attribute>
</entry>
<entry>
<id>17</id>
<offset>2676</offset>
<length>18</length>
<class>AAA_Estimate_Person</class>
<attribute>
<name>Canonical</name>
<value>ДОНАЛЬД РАМСФЕЛД</value>
</attribute>
</entry>
<entry>
<id>18</id>
<offset>2836</offset>
<length>9</length>
<class>AAA_Estimate_Person</class>
<attribute>
<name>Canonical</name>
<value>РАМСФЕЛД</value>
</attribute>
</entry>
<entry>
<id>19</id>
<offset>2922</offset>
<length>4</length>
<class>AAA_Estimate_Person</class>
<attribute>
<name>Canonical</name>
<value>БУШ</value>
</attribute>
</entry>
<entry>
<id>20</id>
<offset>2927</offset>
<length>5</length>
<class>AAA_Estimate_Person</class>
<attribute>
<name>Canonical</name>
<value>ГЕЙТС</value>
</attribute>
</entry>
<entry>
<id>21</id>
<offset>3204</offset>
<length>5</length>
<class>AAA_Estimate_Person</class>
<attribute>
<name>Canonical</name>
<value>ОБАМА</value>
</attribute>
</entry>
<entry>
<id>22</id>
<offset>3237</offset>
<length>6</length>
<class>AAA_Estimate_Person</class>
<attribute>
<name>Canonical</name>
<value>ГЕЙТС</value>
</attribute>
</entry>
<entry>
<id>23</id>
<offset>3642</offset>
<length>11</length>
<class>AAA_Estimate_Person</class>
<attribute>
<name>Canonical</name>
<value>БАРАК ОБАМА</value>
</attribute>
</entry>
<entry>
<id>24</id>
<offset>3656</offset>
<length>12</length>
<class>AAA_Estimate_Person</class>
<attribute>
<name>Canonical</name>
<value>РОБЕРТ ГЕЙТС</value>
</attribute>
</entry>
<entry>
<id>25</id>
<offset>3680</offset>
<length>6</length>
<class>AAA_Estimate_Person</class>
<attribute>
<name>Canonical</name>
<value>ГЕЙТС</value>
</attribute>
</entry>
<entry>
<id>26</id>
<offset>3833</offset>
<length>5</length>
<class>AAA_Estimate_Person</class>
<attribute>
<name>Canonical</name>
<value>ГЕЙТС</value>
</attribute>
</entry>
<entry>
<id>27</id>
<offset>4020</offset>
<length>5</length>
<class>AAA_Estimate_Person</class>
<attribute>
<name>Canonical</name>
<value>ГЕЙТС</value>
</attribute>
</entry>
<entry>
<id>30</id>
<offset>4104</offset>
<length>5</length>
<class>AAA_Estimate_Person</class>
<attribute>
<name>Canonical</name>
<value>ГЕЙТС</value>
</attribute>
</entry>
</markup>
