﻿<markup>
<entry>
<id>1</id>
<offset>0</offset>
<length>12</length>
<class>AAA_Estimate_Person</class>
<attribute>
<name>Canonical</name>
<value>Р МИННИХАНОВ</value>
</attribute>
</entry>
<entry>
<id>2</id>
<offset>20</offset>
<length>10</length>
<class>AAA_Estimate_Person</class>
<attribute>
<name>Canonical</name>
<value>М ШАЙМИЕВА</value>
</attribute>
</entry>
<entry>
<id>3</id>
<offset>65</offset>
<length>17</length>
<class>AAA_Estimate_Person</class>
<attribute>
<name>Canonical</name>
<value>РУСТАМ МИННИХАНОВ</value>
</attribute>
</entry>
<entry>
<id>4</id>
<offset>158</offset>
<length>18</length>
<class>AAA_Estimate_Person</class>
<attribute>
<name>Canonical</name>
<value>МИНТИМЕР ШАЙМИЕВ</value>
</attribute>
</entry>
<entry>
<id>5</id>
<offset>313</offset>
<length>12</length>
<class>AAA_Estimate_Person</class>
<attribute>
<name>Canonical</name>
<value>Р МИННИХАНОВ</value>
</attribute>
</entry>
<entry>
<id>6</id>
<offset>375</offset>
<length>16</length>
<class>AAA_Estimate_Person</class>
<attribute>
<name>Canonical</name>
<value>ФАРИД МУХАМЕТШИН</value>
</attribute>
</entry>
<entry>
<id>7</id>
<offset>565</offset>
<length>20</length>
<class>AAA_Estimate_Person</class>
<attribute>
<name>Canonical</name>
<value>ЭКМЕЛЕДДИН ИХСАНОГЛУ</value>
</attribute>
</entry>
<entry>
<id>8</id>
<offset>653</offset>
<length>15</length>
<class>AAA_Estimate_Person</class>
<attribute>
<name>Canonical</name>
<value>ГРИГОРИЙ РАПОТА</value>
</attribute>
</entry>
<entry>
<id>9</id>
<offset>685</offset>
<length>13</length>
<class>AAA_Estimate_Person</class>
<attribute>
<name>Canonical</name>
<value>Р МИННИХАНОВ</value>
</attribute>
</entry>
<entry>
<id>10</id>
<offset>784</offset>
<length>16</length>
<class>AAA_Estimate_Person</class>
<attribute>
<name>Canonical</name>
<value>ДМИТРИЙ МЕДВЕДЕВ</value>
</attribute>
</entry>
<entry>
<id>11</id>
<offset>819</offset>
<length>12</length>
<class>AAA_Estimate_Person</class>
<attribute>
<name>Canonical</name>
<value>Р МИННИХАНОВ</value>
</attribute>
</entry>
</markup>
