﻿<markup>
<entry>
<id>1</id>
<offset>0</offset>
<length>7</length>
<class>AAA_Estimate_Person</class>
<attribute>
<name>Canonical</name>
<value>И СЕЧИН</value>
</attribute>
</entry>
<entry>
<id>2</id>
<offset>92</offset>
<length>11</length>
<class>AAA_Estimate_Person</class>
<attribute>
<name>Canonical</name>
<value>ИГОРЬ СЕЧИН</value>
</attribute>
</entry>
<entry>
<id>3</id>
<offset>135</offset>
<length>17</length>
<class>AAA_Estimate_Person</class>
<attribute>
<name>Canonical</name>
<value>АЛЕКСАНДР НОВАК</value>
</attribute>
</entry>
<entry>
<id>4</id>
<offset>421</offset>
<length>7</length>
<class>AAA_Estimate_Person</class>
<attribute>
<name>Canonical</name>
<value>И СЕЧИН</value>
</attribute>
</entry>
<entry>
<id>5</id>
<offset>564</offset>
<length>7</length>
<class>AAA_Estimate_Person</class>
<attribute>
<name>Canonical</name>
<value>И СЕЧИН</value>
</attribute>
</entry>
<entry>
<id>6</id>
<offset>980</offset>
<length>7</length>
<class>AAA_Estimate_Person</class>
<attribute>
<name>Canonical</name>
<value>А НОВАК</value>
</attribute>
</entry>
<entry>
<id>7</id>
<offset>1347</offset>
<length>7</length>
<class>AAA_Estimate_Person</class>
<attribute>
<name>Canonical</name>
<value>А НОВАК</value>
</attribute>
</entry>
<entry>
<id>8</id>
<offset>1981</offset>
<length>17</length>
<class>AAA_Estimate_Person</class>
<attribute>
<name>Canonical</name>
<value>АРКАДИЙ ДВОРКОВИЧ</value>
</attribute>
</entry>
</markup>
