﻿<markup>
<entry>
<id>1</id>
<offset>11</offset>
<length>9</length>
<class>AAA_Estimate_Person</class>
<attribute>
<name>Canonical</name>
<value>АНТОНОВА</value>
</attribute>
</entry>
<entry>
<id>2</id>
<offset>47</offset>
<length>11</length>
<class>AAA_Estimate_Person</class>
<attribute>
<name>Canonical</name>
<value>ПИОТРОВСКИЙ</value>
</attribute>
</entry>
<entry>
<id>3</id>
<offset>189</offset>
<length>15</length>
<class>AAA_Estimate_Person</class>
<attribute>
<name>Canonical</name>
<value>ИРИНА АНТОНОВА</value>
</attribute>
</entry>
<entry>
<id>4</id>
<offset>420</offset>
<length>15</length>
<class>AAA_Estimate_Person</class>
<attribute>
<name>Canonical</name>
<value>ПАВЕЛ ПОЖИГАЙЛО</value>
</attribute>
</entry>
<entry>
<id>5</id>
<offset>454</offset>
<length>15</length>
<class>AAA_Estimate_Person</class>
<attribute>
<name>Canonical</name>
<value>ИРИНА АНТОНОВА</value>
</attribute>
</entry>
<entry>
<id>6</id>
<offset>594</offset>
<length>20</length>
<class>AAA_Estimate_Person</class>
<attribute>
<name>Canonical</name>
<value>МИХАИЛ ПИОТРОВСКИЙ</value>
</attribute>
</entry>
<entry>
<id>20</id>
<offset>631</offset>
<length>8</length>
<class>AAA_Estimate_Person</class>
<attribute>
<name>Canonical</name>
<value>АНТОНОВА</value>
</attribute>
</entry>
<entry>
<id>7</id>
<offset>810</offset>
<length>8</length>
<class>AAA_Estimate_Person</class>
<attribute>
<name>Canonical</name>
<value>АНТОНОВА</value>
</attribute>
</entry>
<entry>
<id>8</id>
<offset>877</offset>
<length>7</length>
<class>AAA_Estimate_Person</class>
<attribute>
<name>Canonical</name>
<value>СТАЛИН</value>
</attribute>
</entry>
<entry>
<id>9</id>
<offset>1012</offset>
<length>6</length>
<class>AAA_Estimate_Person</class>
<attribute>
<name>Canonical</name>
<value>ЩУКИН</value>
</attribute>
</entry>
<entry>
<id>10</id>
<offset>1021</offset>
<length>8</length>
<class>AAA_Estimate_Person</class>
<attribute>
<name>Canonical</name>
<value>МОРОЗОВ</value>
</attribute>
</entry>
<entry>
<id>11</id>
<offset>1101</offset>
<length>11</length>
<class>AAA_Estimate_Person</class>
<attribute>
<name>Canonical</name>
<value>ПИОТРОВСКИЙ</value>
</attribute>
</entry>
<entry>
<id>12</id>
<offset>1281</offset>
<length>11</length>
<class>AAA_Estimate_Person</class>
<attribute>
<name>Canonical</name>
<value>ПИОТРОВСКИЙ</value>
</attribute>
</entry>
<entry>
<id>13</id>
<offset>1337</offset>
<length>12</length>
<class>AAA_Estimate_Person</class>
<attribute>
<name>Canonical</name>
<value>МАРИНА ЛОШАК</value>
</attribute>
</entry>
<entry>
<id>14</id>
<offset>1371</offset>
<length>19</length>
<class>AAA_Estimate_Person</class>
<attribute>
<name>Canonical</name>
<value>ИРИНА АЛЕКСАНДРОВНА</value>
</attribute>
</entry>
<entry>
<id>15</id>
<offset>1508</offset>
<length>9</length>
<class>AAA_Estimate_Person</class>
<attribute>
<name>Canonical</name>
<value>ПОЖИГАЙЛО</value>
</attribute>
</entry>
<entry>
<id>16</id>
<offset>1943</offset>
<length>19</length>
<class>AAA_Estimate_Person</class>
<attribute>
<name>Canonical</name>
<value>ИРИНА АЛЕКСАНДРОВНА</value>
</attribute>
</entry>
<entry>
<id>17</id>
<offset>2341</offset>
<length>18</length>
<class>AAA_Estimate_Person</class>
<attribute>
<name>Canonical</name>
<value>ВЛАДИМИР МЕДИНСКИЙ</value>
</attribute>
</entry>
<entry>
<id>18</id>
<offset>2373</offset>
<length>8</length>
<class>AAA_Estimate_Person</class>
<attribute>
<name>Canonical</name>
<value>АНТОНОВА</value>
</attribute>
</entry>
<entry>
<id>19</id>
<offset>2484</offset>
<length>12</length>
<class>AAA_Estimate_Person</class>
<attribute>
<name>Canonical</name>
<value>МАРИНА ЛОШАК</value>
</attribute>
</entry>
</markup>
