﻿<markup>
<entry>
<id>1</id>
<offset>86</offset>
<length>13</length>
<class>AAA_Estimate_Person</class>
<attribute>
<name>Canonical</name>
<value>СЕРГЕЙ ЧЕРНОВ</value>
</attribute>
</entry>
<entry>
<id>2</id>
<offset>309</offset>
<length>14</length>
<class>AAA_Estimate_Person</class>
<attribute>
<name>Canonical</name>
<value>СЕРГЕЙ БОЖЕНОВ</value>
</attribute>
</entry>
<entry>
<id>3</id>
<offset>328</offset>
<length>13</length>
<class>AAA_Estimate_Person</class>
<attribute>
<name>Canonical</name>
<value>СЕРГЕЙ ЧЕРНОВ</value>
</attribute>
</entry>
<entry>
<id>4</id>
<offset>1028</offset>
<length>13</length>
<class>AAA_Estimate_Person</class>
<attribute>
<name>Canonical</name>
<value>СЕРГЕЙ ЧЕРНОВ</value>
</attribute>
</entry>
<entry>
<id>5</id>
<offset>1049</offset>
<length>12</length>
<class>AAA_Estimate_Person</class>
<attribute>
<name>Canonical</name>
<value>ЮРИЙ СЛУЩЕВ</value>
</attribute>
</entry>
<entry>
<id>6</id>
<offset>1117</offset>
<length>6</length>
<class>AAA_Estimate_Person</class>
<attribute>
<name>Canonical</name>
<value>СЛУЩЕВ</value>
</attribute>
</entry>
</markup>
