﻿<markup>
<entry>
<id>1</id>
<offset>0</offset>
<length>9</length>
<class>AAA_Estimate_Person</class>
<attribute>
<name>Canonical</name>
<value>Д РОГОЗИН</value>
</attribute>
</entry>
<entry>
<id>2</id>
<offset>52</offset>
<length>9</length>
<class>AAA_Estimate_Person</class>
<attribute>
<name>Canonical</name>
<value>Д РОГОЗИН</value>
</attribute>
</entry>
<entry>
<id>3</id>
<offset>119</offset>
<length>15</length>
<class>AAA_Estimate_Person</class>
<attribute>
<name>Canonical</name>
<value>ДМИТРИЙ РОГОЗИН</value>
</attribute>
</entry>
<entry>
<id>4</id>
<offset>277</offset>
<length>13</length>
<class>AAA_Estimate_Person</class>
<attribute>
<name>Canonical</name>
<value>БОРИС ГРЫЗЛОВ</value>
</attribute>
</entry>
<entry>
<id>5</id>
<offset>369</offset>
<length>14</length>
<class>AAA_Estimate_Person</class>
<attribute>
<name>Canonical</name>
<value>ВЛАДИМИР ПУТИН</value>
</attribute>
</entry>
<entry>
<id>6</id>
<offset>579</offset>
<length>10</length>
<class>AAA_Estimate_Person</class>
<attribute>
<name>Canonical</name>
<value>Б ГРЫЗЛОВ</value>
</attribute>
</entry>
<entry>
<id>7</id>
<offset>639</offset>
<length>9</length>
<class>AAA_Estimate_Person</class>
<attribute>
<name>Canonical</name>
<value>Д РОГОЗИН</value>
</attribute>
</entry>
<entry>
<id>8</id>
<offset>1258</offset>
<length>9</length>
<class>AAA_Estimate_Person</class>
<attribute>
<name>Canonical</name>
<value>Д РОГОЗИН</value>
</attribute>
</entry>
<entry>
<id>9</id>
<offset>1584</offset>
<length>9</length>
<class>AAA_Estimate_Person</class>
<attribute>
<name>Canonical</name>
<value>Б ГРЫЗЛОВ</value>
</attribute>
</entry>
</markup>
