﻿<markup>
<entry>
<id>1</id>
<offset>88</offset>
<length>28</length>
<class>AAA_Estimate_Person</class>
<attribute>
<name>Canonical</name>
<value>ЛУИС АРРЕАГА (LUIS ARREAGA)</value>
</attribute>
</entry>
<entry>
<id>2</id>
<offset>270</offset>
<length>17</length>
<class>AAA_Estimate_Person</class>
<attribute>
<name>Canonical</name>
<value>БИРГИТА ЙОНСДОТИР</value>
</attribute>
</entry>
<entry>
<id>3</id>
<offset>357</offset>
<length>9</length>
<class>AAA_Estimate_Person</class>
<attribute>
<name>Canonical</name>
<value>ЙОНСДОТИР</value>
</attribute>
</entry>
<entry>
<id>4</id>
<offset>947</offset>
<length>37</length>
<class>AAA_Estimate_Person</class>
<attribute>
<name>Canonical</name>
<value>ОГМУНДУР ЙОХАНСОН (OGMUNDUR JONASSON)</value>
</attribute>
</entry>
<entry>
<id>5</id>
<offset>999</offset>
<length>9</length>
<class>AAA_Estimate_Person</class>
<attribute>
<name>Canonical</name>
<value>ЙОНСДОТИР</value>
</attribute>
</entry>
<entry>
<id>6</id>
<offset>1166</offset>
<length>14</length>
<class>AAA_Estimate_Person</class>
<attribute>
<name>Canonical</name>
<value>ДЖУЛИАН АССАНЖ</value>
</attribute>
</entry>
<entry>
<id>7</id>
<offset>1414</offset>
<length>9</length>
<class>AAA_Estimate_Person</class>
<attribute>
<name>Canonical</name>
<value>ЙОНСДОТИР</value>
</attribute>
</entry>
<entry>
<id>8</id>
<offset>1667</offset>
<length>7</length>
<class>AAA_Estimate_Person</class>
<attribute>
<name>Canonical</name>
<value>АССАНЖ</value>
</attribute>
</entry>
</markup>
