﻿<markup>
<entry>
<id>3</id>
<offset>8</offset>
<length>9</length>
<class>AAA_Estimate_Person</class>
<attribute>
<name>Canonical</name>
<value>МЕДВЕДЕВ</value>
</attribute>
</entry>
<entry>
<id>1</id>
<offset>277</offset>
<length>13</length>
<class>AAA_Estimate_Person</class>
<attribute>
<name>Canonical</name>
<value>ВАЛЕРИЙ МУСИН</value>
</attribute>
</entry>
<entry>
<id>4</id>
<offset>436</offset>
<length>15</length>
<class>AAA_Estimate_Person</class>
<attribute>
<name>Canonical</name>
<value>БОРИС ФЕДОРОВ</value>
</attribute>
</entry>
<entry>
<id>2</id>
<offset>565</offset>
<length>14</length>
<class>AAA_Estimate_Person</class>
<attribute>
<name>Canonical</name>
<value>ВАЛЕРИЙ МУСИН</value>
</attribute>
</entry>
<entry>
<id>5</id>
<offset>632</offset>
<length>13</length>
<class>AAA_Estimate_Person</class>
<attribute>
<name>Canonical</name>
<value>СЕРГЕЙ ШМАТКО</value>
</attribute>
</entry>
<entry>
<id>6</id>
<offset>704</offset>
<length>17</length>
<class>AAA_Estimate_Person</class>
<attribute>
<name>Canonical</name>
<value>ВИКТОР ХРИСТЕНКО</value>
</attribute>
</entry>
<entry>
<id>7</id>
<offset>820</offset>
<length>15</length>
<class>AAA_Estimate_Person</class>
<attribute>
<name>Canonical</name>
<value>ВИКТОР ЗУБКОВ</value>
</attribute>
</entry>
<entry>
<id>8</id>
<offset>861</offset>
<length>18</length>
<class>AAA_Estimate_Person</class>
<attribute>
<name>Canonical</name>
<value>ЭЛЬВИРА НАБИУЛЛИНА</value>
</attribute>
</entry>
<entry>
<id>9</id>
<offset>962</offset>
<length>13</length>
<class>AAA_Estimate_Person</class>
<attribute>
<name>Canonical</name>
<value>ИГОРЬ ЮСУФОВ</value>
</attribute>
</entry>
<entry>
<id>10</id>
<offset>1011</offset>
<length>15</length>
<class>AAA_Estimate_Person</class>
<attribute>
<name>Canonical</name>
<value>АЛЕКСЕЙ МИЛЛЕР</value>
</attribute>
</entry>
<entry>
<id>11</id>
<offset>1063</offset>
<length>18</length>
<class>AAA_Estimate_Person</class>
<attribute>
<name>Canonical</name>
<value>ФАРИТ ГАЗИЗУЛЛИН</value>
</attribute>
</entry>
<entry>
<id>12</id>
<offset>1149</offset>
<length>19</length>
<class>AAA_Estimate_Person</class>
<attribute>
<name>Canonical</name>
<value>АЛЕКСАНДР АНАНЕНКОВ</value>
</attribute>
</entry>
<entry>
<id>13</id>
<offset>1236</offset>
<length>13</length>
<class>AAA_Estimate_Person</class>
<attribute>
<name>Canonical</name>
<value>ЕЛЕНА КАРПЕЛЬ</value>
</attribute>
</entry>
<entry>
<id>14</id>
<offset>1304</offset>
<length>13</length>
<class>AAA_Estimate_Person</class>
<attribute>
<name>Canonical</name>
<value>МИХАИЛ СЕРЕДА</value>
</attribute>
</entry>
<entry>
<id>15</id>
<offset>1378</offset>
<length>17</length>
<class>AAA_Estimate_Person</class>
<attribute>
<name>Canonical</name>
<value>БУРКХАРД БЕРГМАНН</value>
</attribute>
</entry>
</markup>
