﻿<markup>
<entry>
<id>1</id>
<offset>35</offset>
<length>16</length>
<class>AAA_Estimate_Person</class>
<attribute>
<name>Canonical</name>
<value>АЛЕКСЕЙ САМСОНОВ</value>
</attribute>
</entry>
<entry>
<id>2</id>
<offset>149</offset>
<length>16</length>
<class>AAA_Estimate_Person</class>
<attribute>
<name>Canonical</name>
<value>АЛЕКСЕЙ САМСОНОВ</value>
</attribute>
</entry>
<entry>
<id>3</id>
<offset>355</offset>
<length>17</length>
<class>AAA_Estimate_Person</class>
<attribute>
<name>Canonical</name>
<value>АЛЕКСАНДР БУКСМАН</value>
</attribute>
</entry>
<entry>
<id>4</id>
<offset>398</offset>
<length>8</length>
<class>AAA_Estimate_Person</class>
<attribute>
<name>Canonical</name>
<value>САМСОНОВ</value>
</attribute>
</entry>
<entry>
<id>5</id>
<offset>531</offset>
<length>17</length>
<class>AAA_Estimate_Person</class>
<attribute>
<name>Canonical</name>
<value>СЕРГЕЙ ТАБЕЛЬСКИЙ</value>
</attribute>
</entry>
<entry>
<id>6</id>
<offset>662</offset>
<length>16</length>
<class>AAA_Estimate_Person</class>
<attribute>
<name>Canonical</name>
<value>АЛЕКСЕЙ САМСОНОВ</value>
</attribute>
</entry>
</markup>
