﻿<markup>
<entry>
<id>1</id>
<offset>47</offset>
<length>12</length>
<class>AAA_Estimate_Person</class>
<attribute>
<name>Canonical</name>
<value>ЭДРИАН КОУТС</value>
</attribute>
</entry>
<entry>
<id>7</id>
<offset>103</offset>
<length>24</length>
<class>AAA_Estimate_Person</class>
<attribute>
<name>Canonical</name>
<value>ВЛАДИМИР СТРЖАЛКОВСКИЙ</value>
</attribute>
</entry>
<entry>
<id>8</id>
<offset>255</offset>
<length>12</length>
<class>AAA_Estimate_Person</class>
<attribute>
<name>Canonical</name>
<value>ТАВ МОРГАН</value>
</attribute>
</entry>
<entry>
<id>2</id>
<offset>359</offset>
<length>12</length>
<class>AAA_Estimate_Person</class>
<attribute>
<name>Canonical</name>
<value>ЭДРИАН КОУТС</value>
</attribute>
</entry>
<entry>
<id>3</id>
<offset>807</offset>
<length>14</length>
<class>AAA_Estimate_Person</class>
<attribute>
<name>Canonical</name>
<value>ЭДРИАН КОУТС</value>
</attribute>
</entry>
<entry>
<id>5</id>
<offset>832</offset>
<length>5</length>
<class>AAA_Estimate_Person</class>
<attribute>
<name>Canonical</name>
<value>КОУТС</value>
</attribute>
</entry>
<entry>
<id>9</id>
<offset>951</offset>
<length>10</length>
<class>AAA_Estimate_Person</class>
<attribute>
<name>Canonical</name>
<value>ТАВ МОРГАН</value>
</attribute>
</entry>
<entry>
<id>10</id>
<offset>1013</offset>
<length>17</length>
<class>AAA_Estimate_Person</class>
<attribute>
<name>Canonical</name>
<value>ДЕНИС МОРОЗОВ</value>
</attribute>
</entry>
<entry>
<id>11</id>
<offset>1133</offset>
<length>19</length>
<class>AAA_Estimate_Person</class>
<attribute>
<name>Canonical</name>
<value>МИХАИЛ ПРОХОРОВ</value>
</attribute>
</entry>
<entry>
<id>12</id>
<offset>1311</offset>
<length>17</length>
<class>AAA_Estimate_Person</class>
<attribute>
<name>Canonical</name>
<value>МИХАИЛ ПРОХОРОВ</value>
</attribute>
</entry>
<entry>
<id>6</id>
<offset>1354</offset>
<length>5</length>
<class>AAA_Estimate_Person</class>
<attribute>
<name>Canonical</name>
<value>КОУТС</value>
</attribute>
</entry>
<entry>
<id>4</id>
<offset>1459</offset>
<length>14</length>
<class>AAA_Estimate_Person</class>
<attribute>
<name>Canonical</name>
<value>ЭДРИАН КОУТС</value>
</attribute>
</entry>
<entry>
<id>13</id>
<offset>2093</offset>
<length>16</length>
<class>AAA_Estimate_Person</class>
<attribute>
<name>Canonical</name>
<value>ИГОРЬ АНДРЮЩЕНКО</value>
</attribute>
</entry>
<entry>
<id>14</id>
<offset>2419</offset>
<length>10</length>
<class>AAA_Estimate_Person</class>
<attribute>
<name>Canonical</name>
<value>ТАВ МОРГАН</value>
</attribute>
</entry>
<entry>
<id>15</id>
<offset>2688</offset>
<length>15</length>
<class>AAA_Estimate_Person</class>
<attribute>
<name>Canonical</name>
<value>ДМИТРИЙ БАРАНОВ</value>
</attribute>
</entry>
</markup>
