﻿<markup>
<entry>
<id>1</id>
<offset>106</offset>
<length>15</length>
<class>AAA_Estimate_Person</class>
<attribute>
<name>Canonical</name>
<value>ВЛАДИМИР МАРКИН</value>
</attribute>
</entry>
<entry>
<id>2</id>
<offset>145</offset>
<length>8</length>
<class>AAA_Estimate_Person</class>
<attribute>
<name>Canonical</name>
<value>КАЛМЫКОВ</value>
</attribute>
</entry>
<entry>
<id>3</id>
<offset>361</offset>
<length>16</length>
<class>AAA_Estimate_Person</class>
<attribute>
<name>Canonical</name>
<value>АНДРЕЙ КАЛМЫКОВ</value>
</attribute>
</entry>
<entry>
<id>4</id>
<offset>503</offset>
<length>15</length>
<class>AAA_Estimate_Person</class>
<attribute>
<name>Canonical</name>
<value>АНДРЕЙ КАЛМЫКОВ</value>
</attribute>
</entry>
<entry>
<id>5</id>
<offset>869</offset>
<length>15</length>
<class>AAA_Estimate_Person</class>
<attribute>
<name>Canonical</name>
<value>ВЛАДИМИР МАРКИН</value>
</attribute>
</entry>
<entry>
<id>6</id>
<offset>908</offset>
<length>8</length>
<class>AAA_Estimate_Person</class>
<attribute>
<name>Canonical</name>
<value>КАЛМЫКОВ</value>
</attribute>
</entry>
<entry>
<id>7</id>
<offset>1073</offset>
<length>16</length>
<class>AAA_Estimate_Person</class>
<attribute>
<name>Canonical</name>
<value>ВИТАЛИЙ САВЕЛЬЕВ</value>
</attribute>
</entry>
<entry>
<id>8</id>
<offset>1162</offset>
<length>9</length>
<class>AAA_Estimate_Person</class>
<attribute>
<name>Canonical</name>
<value>КАЛМЫКОВ</value>
</attribute>
</entry>
<entry>
<id>9</id>
<offset>1282</offset>
<length>8</length>
<class>AAA_Estimate_Person</class>
<attribute>
<name>Canonical</name>
<value>КАЛМЫКОВ</value>
</attribute>
</entry>
<entry>
<id>10</id>
<offset>1464</offset>
<length>9</length>
<class>AAA_Estimate_Person</class>
<attribute>
<name>Canonical</name>
<value>КАЛМЫКОВ</value>
</attribute>
</entry>
<entry>
<id>11</id>
<offset>1652</offset>
<length>15</length>
<class>AAA_Estimate_Person</class>
<attribute>
<name>Canonical</name>
<value>АНДРЕЙ КАЛМЫКОВ</value>
</attribute>
</entry>
<entry>
<id>12</id>
<offset>2043</offset>
<length>9</length>
<class>AAA_Estimate_Person</class>
<attribute>
<name>Canonical</name>
<value>КАЛМЫКОВ</value>
</attribute>
</entry>
<entry>
<id>13</id>
<offset>2439</offset>
<length>9</length>
<class>AAA_Estimate_Person</class>
<attribute>
<name>Canonical</name>
<value>КАЛМЫКОВ</value>
</attribute>
</entry>
<entry>
<id>14</id>
<offset>2515</offset>
<length>12</length>
<class>AAA_Estimate_Person</class>
<attribute>
<name>Canonical</name>
<value>ИРИНА ТЮРИНА</value>
</attribute>
</entry>
</markup>
