﻿<markup>
<entry>
<id>1</id>
<offset>11</offset>
<length>5</length>
<class>AAA_Estimate_Person</class>
<attribute>
<name>Canonical</name>
<value>ШОЙГУ</value>
</attribute>
</entry>
<entry>
<id>2</id>
<offset>35</offset>
<length>13</length>
<class>AAA_Estimate_Person</class>
<attribute>
<name>Canonical</name>
<value>МАРИЯ КИТАЕВА</value>
</attribute>
</entry>
<entry>
<id>3</id>
<offset>165</offset>
<length>12</length>
<class>AAA_Estimate_Person</class>
<attribute>
<name>Canonical</name>
<value>СЕРГЕЙ ШОЙГУ</value>
</attribute>
</entry>
<entry>
<id>4</id>
<offset>223</offset>
<length>13</length>
<class>AAA_Estimate_Person</class>
<attribute>
<name>Canonical</name>
<value>МАРИЯ КИТАЕВА</value>
</attribute>
</entry>
<entry>
<id>5</id>
<offset>305</offset>
<length>14</length>
<class>AAA_Estimate_Person</class>
<attribute>
<name>Canonical</name>
<value>ДАРЬЯ ЗАТУЛИНА</value>
</attribute>
</entry>
<entry>
<id>6</id>
<offset>342</offset>
<length>7</length>
<class>AAA_Estimate_Person</class>
<attribute>
<name>Canonical</name>
<value>КИТАЕВА</value>
</attribute>
</entry>
<entry>
<id>7</id>
<offset>545</offset>
<length>9</length>
<class>AAA_Estimate_Person</class>
<attribute>
<name>Canonical</name>
<value>ЗАТУЛИНА</value>
</attribute>
</entry>
<entry>
<id>8</id>
<offset>576</offset>
<length>8</length>
<class>AAA_Estimate_Person</class>
<attribute>
<name>Canonical</name>
<value>КИТАЕВА</value>
</attribute>
</entry>
<entry>
<id>9</id>
<offset>670</offset>
<length>17</length>
<class>AAA_Estimate_Person</class>
<attribute>
<name>Canonical</name>
<value>ТАТЬЯНА ЗАВЬЯЛОВА</value>
</attribute>
</entry>
<entry>
<id>10</id>
<offset>698</offset>
<length>8</length>
<class>AAA_Estimate_Person</class>
<attribute>
<name>Canonical</name>
<value>ЗАТУЛИНА</value>
</attribute>
</entry>
<entry>
<id>11</id>
<offset>749</offset>
<length>7</length>
<class>AAA_Estimate_Person</class>
<attribute>
<name>Canonical</name>
<value>КИТАЕВА</value>
</attribute>
</entry>
<entry>
<id>12</id>
<offset>869</offset>
<length>18</length>
<class>AAA_Estimate_Person</class>
<attribute>
<name>Canonical</name>
<value>АНАТОЛИЙ СЕРДЮКОВ</value>
</attribute>
</entry>
<entry>
<id>13</id>
<offset>995</offset>
<length>12</length>
<class>AAA_Estimate_Person</class>
<attribute>
<name>Canonical</name>
<value>СЕРГЕЙ ШОЙГУ</value>
</attribute>
</entry>
<entry>
<id>14</id>
<offset>1070</offset>
<length>5</length>
<class>AAA_Estimate_Person</class>
<attribute>
<name>Canonical</name>
<value>ШОЙГУ</value>
</attribute>
</entry>
<entry>
<id>15</id>
<offset>1115</offset>
<length>17</length>
<class>AAA_Estimate_Person</class>
<attribute>
<name>Canonical</name>
<value>ВАЛЕРИЙ ГЕРАСИМОВ</value>
</attribute>
</entry>
<entry>
<id>16</id>
<offset>1140</offset>
<length>16</length>
<class>AAA_Estimate_Person</class>
<attribute>
<name>Canonical</name>
<value>НИКОЛАЙ МАКАРОВ</value>
</attribute>
</entry>
<entry>
<id>17</id>
<offset>1245</offset>
<length>13</length>
<class>AAA_Estimate_Person</class>
<attribute>
<name>Canonical</name>
<value>АРКАДИЙ БАХИН</value>
</attribute>
</entry>
<entry>
<id>18</id>
<offset>1270</offset>
<length>21</length>
<class>AAA_Estimate_Person</class>
<attribute>
<name>Canonical</name>
<value>АЛЕКСАНДР СУХОРУКОВ</value>
</attribute>
</entry>
<entry>
<id>19</id>
<offset>1362</offset>
<length>14</length>
<class>AAA_Estimate_Person</class>
<attribute>
<name>Canonical</name>
<value>ЮРИЙ САДОВЕНКО</value>
</attribute>
</entry>
<entry>
<id>20</id>
<offset>1432</offset>
<length>5</length>
<class>AAA_Estimate_Person</class>
<attribute>
<name>Canonical</name>
<value>ШОЙГУ</value>
</attribute>
</entry>
<entry>
<id>21</id>
<offset>1485</offset>
<length>5</length>
<class>AAA_Estimate_Person</class>
<attribute>
<name>Canonical</name>
<value>ШОЙГУ</value>
</attribute>
</entry>
<entry>
<id>22</id>
<offset>1616</offset>
<length>14</length>
<class>AAA_Estimate_Person</class>
<attribute>
<name>Canonical</name>
<value>РУСЛАН ЦАЛИКОВ</value>
</attribute>
</entry>
<entry>
<id>23</id>
<offset>1715</offset>
<length>12</length>
<class>AAA_Estimate_Person</class>
<attribute>
<name>Canonical</name>
<value>ЮРИЙ БОРИСОВ</value>
</attribute>
</entry>
<entry>
<id>24</id>
<offset>1787</offset>
<length>13</length>
<class>AAA_Estimate_Person</class>
<attribute>
<name>Canonical</name>
<value>ЕЛЕНА КОЗЛОВА</value>
</attribute>
</entry>
<entry>
<id>25</id>
<offset>1819</offset>
<length>9</length>
<class>AAA_Estimate_Person</class>
<attribute>
<name>Canonical</name>
<value>СЕРДЮКОВ</value>
</attribute>
</entry>
<entry>
<id>26</id>
<offset>1881</offset>
<length>14</length>
<class>AAA_Estimate_Person</class>
<attribute>
<name>Canonical</name>
<value>ДМИТРИЙ ЧУШКИН</value>
</attribute>
</entry>
<entry>
<id>27</id>
<offset>2023</offset>
<length>14</length>
<class>AAA_Estimate_Person</class>
<attribute>
<name>Canonical</name>
<value>НИКОЛАЙ ПАНКОВ</value>
</attribute>
</entry>
<entry>
<id>28</id>
<offset>2070</offset>
<length>16</length>
<class>AAA_Estimate_Person</class>
<attribute>
<name>Canonical</name>
<value>ДМИТРИЙ БУЛГАКОВ</value>
</attribute>
</entry>
<entry>
<id>29</id>
<offset>2150</offset>
<length>16</length>
<class>AAA_Estimate_Person</class>
<attribute>
<name>Canonical</name>
<value>АНАТОЛИЙ АНТОНОВ</value>
</attribute>
</entry>
</markup>
