﻿<markup>
<entry>
<id>1</id>
<offset>583</offset>
<length>11</length>
<class>AAA_Estimate_Person</class>
<attribute>
<name>Canonical</name>
<value>СААД ХАРИРИ</value>
</attribute>
</entry>
<entry>
<id>2</id>
<offset>697</offset>
<length>6</length>
<class>AAA_Estimate_Person</class>
<attribute>
<name>Canonical</name>
<value>ХАРИРИ</value>
</attribute>
</entry>
<entry>
<id>3</id>
<offset>774</offset>
<length>30</length>
<class>AAA_Estimate_Person</class>
<attribute>
<name>Canonical</name>
<value>ДЖЕБРАН БАСИЛЬ (JIBRAN BASSIL)</value>
</attribute>
</entry>
<entry>
<id>4</id>
<offset>849</offset>
<length>6</length>
<class>AAA_Estimate_Person</class>
<attribute>
<name>Canonical</name>
<value>ХАРИРИ</value>
</attribute>
</entry>
<entry>
<id>5</id>
<offset>1082</offset>
<length>13</length>
<class>AAA_Estimate_Person</class>
<attribute>
<name>Canonical</name>
<value>РАФИК ХАРИРИ</value>
</attribute>
</entry>
<entry>
<id>6</id>
<offset>1201</offset>
<length>6</length>
<class>AAA_Estimate_Person</class>
<attribute>
<name>Canonical</name>
<value>ХАРИРИ</value>
</attribute>
</entry>
<entry>
<id>7</id>
<offset>1244</offset>
<length>15</length>
<class>AAA_Estimate_Person</class>
<attribute>
<name>Canonical</name>
<value>ХАСАН НАСРАЛЛА</value>
</attribute>
</entry>
<entry>
<id>11</id>
<offset>1272</offset>
<length>6</length>
<class>AAA_Estimate_Person</class>
<attribute>
<name>Canonical</name>
<value>ХАРИРИ</value>
</attribute>
</entry>
<entry>
<id>8</id>
<offset>1531</offset>
<length>12</length>
<class>AAA_Estimate_Person</class>
<attribute>
<name>Canonical</name>
<value>РАФИК ХАРИРИ</value>
</attribute>
</entry>
<entry>
<id>9</id>
<offset>1641</offset>
<length>6</length>
<class>AAA_Estimate_Person</class>
<attribute>
<name>Canonical</name>
<value>ХАРИРИ</value>
</attribute>
</entry>
<entry>
<id>10</id>
<offset>1987</offset>
<length>18</length>
<class>AAA_Estimate_Person</class>
<attribute>
<name>Canonical</name>
<value>МИШЕЛЬ СУЛЕЙМАН</value>
</attribute>
</entry>
</markup>
