﻿<markup>
<entry>
<id>1</id>
<offset>118</offset>
<length>10</length>
<class>AAA_Estimate_Person</class>
<attribute>
<name>Canonical</name>
<value>УНАИ ЭМЕРИ</value>
</attribute>
</entry>
<entry>
<id>2</id>
<offset>232</offset>
<length>14</length>
<class>AAA_Estimate_Person</class>
<attribute>
<name>Canonical</name>
<value>ВАЛЕРИЙ КАРПИН</value>
</attribute>
</entry>
<entry>
<id>3</id>
<offset>279</offset>
<length>5</length>
<class>AAA_Estimate_Person</class>
<attribute>
<name>Canonical</name>
<value>ЭМЕРИ</value>
</attribute>
</entry>
<entry>
<id>4</id>
<offset>512</offset>
<length>8</length>
<class>AItem</class>
<attribute>
<name>Canonical</name>
<value>МЕДВЕДЕВ</value>
</attribute>
</entry>
<entry>
<id>6</id>
<offset>660</offset>
<length>11</length>
<class>AAA_Estimate_Person</class>
<attribute>
<name>Canonical</name>
<value>ПРОВОРОТОВ</value>
</attribute>
</entry>
<entry>
<id>7</id>
<offset>684</offset>
<length>9</length>
<class>AAA_Estimate_Person</class>
<attribute>
<name>Canonical</name>
<value>МАЛОФЕЕВ</value>
</attribute>
</entry>
<entry>
<id>5</id>
<offset>835</offset>
<length>11</length>
<class>AAA_Estimate_Person</class>
<attribute>
<name>Canonical</name>
<value>АРТЕМ ДЗЮБА</value>
</attribute>
</entry>
</markup>
