﻿<markup>
<entry>
<id>1</id>
<offset>34</offset>
<length>14</length>
<class>AAA_Estimate_Person</class>
<attribute>
<name>Canonical</name>
<value>ВЛАДИМИР КОГАН</value>
</attribute>
</entry>
<entry>
<id>2</id>
<offset>189</offset>
<length>13</length>
<class>AAA_Estimate_Person</class>
<attribute>
<name>Canonical</name>
<value>ИГОРЬ СЛЮНЯЕВ</value>
</attribute>
</entry>
<entry>
<id>3</id>
<offset>293</offset>
<length>6</length>
<class>AAA_Estimate_Person</class>
<attribute>
<name>Canonical</name>
<value>КОГАН</value>
</attribute>
</entry>
<entry>
<id>4</id>
<offset>468</offset>
<length>6</length>
<class>AAA_Estimate_Person</class>
<attribute>
<name>Canonical</name>
<value>КОГАН</value>
</attribute>
</entry>
<entry>
<id>5</id>
<offset>716</offset>
<length>5</length>
<class>AAA_Estimate_Person</class>
<attribute>
<name>Canonical</name>
<value>КОГАН</value>
</attribute>
</entry>
<entry>
<id>10</id>
<offset>892</offset>
<length>6</length>
<class>AAA_Estimate_Person</class>
<attribute>
<name>Canonical</name>
<value>КОГАН</value>
</attribute>
</entry>
<entry>
<id>11</id>
<offset>1163</offset>
<length>6</length>
<class>AAA_Estimate_Person</class>
<attribute>
<name>Canonical</name>
<value>КОГАН</value>
</attribute>
</entry>
<entry>
<id>6</id>
<offset>1251</offset>
<length>5</length>
<class>AAA_Estimate_Person</class>
<attribute>
<name>Canonical</name>
<value>КОГАН</value>
</attribute>
</entry>
<entry>
<id>7</id>
<offset>1361</offset>
<length>12</length>
<class>AAA_Estimate_Person</class>
<attribute>
<name>Canonical</name>
<value>ОЛЕГ ГОВОРУН</value>
</attribute>
</entry>
<entry>
<id>8</id>
<offset>1453</offset>
<length>7</length>
<class>AAA_Estimate_Person</class>
<attribute>
<name>Canonical</name>
<value>СЛЮНЯЕВ</value>
</attribute>
</entry>
<entry>
<id>9</id>
<offset>1507</offset>
<length>5</length>
<class>AAA_Estimate_Person</class>
<attribute>
<name>Canonical</name>
<value>КОГАН</value>
</attribute>
</entry>
</markup>
