﻿<markup>
<entry>
<id>1</id>
<offset>141</offset>
<length>13</length>
<class>AAA_Estimate_Person</class>
<attribute>
<name>Canonical</name>
<value>РАМИ ХАМДАЛЛА</value>
</attribute>
</entry>
<entry>
<id>2</id>
<offset>207</offset>
<length>6</length>
<class>AAA_Estimate_Person</class>
<attribute>
<name>Canonical</name>
<value>АББАС</value>
</attribute>
</entry>
<entry>
<id>3</id>
<offset>216</offset>
<length>13</length>
<class>AAA_Estimate_Person</class>
<attribute>
<name>Canonical</name>
<value>РАМИ ХАМДАЛЛА</value>
</attribute>
</entry>
<entry>
<id>4</id>
<offset>309</offset>
<length>13</length>
<class>AAA_Estimate_Person</class>
<attribute>
<name>Canonical</name>
<value>РАМИ ХАМДАЛЛА</value>
</attribute>
</entry>
<entry>
<id>5</id>
<offset>455</offset>
<length>16</length>
<class>AAA_Estimate_Person</class>
<attribute>
<name>Canonical</name>
<value>МАХМУД АББАС</value>
</attribute>
</entry>
<entry>
<id>6</id>
<offset>584</offset>
<length>6</length>
<class>AAA_Estimate_Person</class>
<attribute>
<name>Canonical</name>
<value>АББАС</value>
</attribute>
</entry>
<entry>
<id>7</id>
<offset>648</offset>
<length>11</length>
<class>AAA_Estimate_Person</class>
<attribute>
<name>Canonical</name>
<value>ИХАБ БСЕЙСО</value>
</attribute>
</entry>
<entry>
<id>8</id>
<offset>769</offset>
<length>5</length>
<class>AAA_Estimate_Person</class>
<attribute>
<name>Canonical</name>
<value>АББАС</value>
</attribute>
</entry>
<entry>
<id>9</id>
<offset>845</offset>
<length>8</length>
<class>AAA_Estimate_Person</class>
<attribute>
<name>Canonical</name>
<value>ХАМДАЛЛА</value>
</attribute>
</entry>
</markup>
