﻿<markup>
<entry>
<id>1</id>
<offset>0</offset>
<length>16</length>
<class>AAA_Estimate_Person</class>
<attribute>
<name>Canonical</name>
<value>ВИКТОР ШАЛИМАНОВ</value>
</attribute>
</entry>
<entry>
<id>2</id>
<offset>83</offset>
<length>16</length>
<class>AAA_Estimate_Person</class>
<attribute>
<name>Canonical</name>
<value>ВИКТОР ШАЛИМАНОВ</value>
</attribute>
</entry>
<entry>
<id>3</id>
<offset>318</offset>
<length>16</length>
<class>AAA_Estimate_Person</class>
<attribute>
<name>Canonical</name>
<value>ВИКТОР ШАЛИМАНОВ</value>
</attribute>
</entry>
<entry>
<id>4</id>
<offset>695</offset>
<length>16</length>
<class>AAA_Estimate_Person</class>
<attribute>
<name>Canonical</name>
<value>ВИКТОР ШАЛИМАНОВ</value>
</attribute>
</entry>
</markup>
