﻿<markup>
<entry>
<id>1</id>
<offset>0</offset>
<length>9</length>
<class>AAA_Estimate_Person</class>
<attribute>
<name>Canonical</name>
<value>С СОБЯНИН</value>
</attribute>
</entry>
<entry>
<id>2</id>
<offset>70</offset>
<length>14</length>
<class>AAA_Estimate_Person</class>
<attribute>
<name>Canonical</name>
<value>СЕРГЕЙ СОБЯНИН</value>
</attribute>
</entry>
<entry>
<id>3</id>
<offset>246</offset>
<length>12</length>
<class>AAA_Estimate_Person</class>
<attribute>
<name>Canonical</name>
<value>ЮРИЙ ЛУЖКОВ</value>
</attribute>
</entry>
<entry>
<id>4</id>
<offset>290</offset>
<length>9</length>
<class>AAA_Estimate_Person</class>
<attribute>
<name>Canonical</name>
<value>С СОБЯНИН</value>
</attribute>
</entry>
<entry>
<id>5</id>
<offset>398</offset>
<length>15</length>
<class>AAA_Estimate_Person</class>
<attribute>
<name>Canonical</name>
<value>СЕРГЕЙ ПОЛЯКОВ</value>
</attribute>
</entry>
<entry>
<id>6</id>
<offset>475</offset>
<length>9</length>
<class>AAA_Estimate_Person</class>
<attribute>
<name>Canonical</name>
<value>С ПОЛЯКОВ</value>
</attribute>
</entry>
<entry>
<id>7</id>
<offset>571</offset>
<length>28</length>
<class>AAA_Estimate_Person</class>
<attribute>
<name>Canonical</name>
<value>ЛЕОНИД МИХАЙЛОВИЧ ПЕЧАТНИКОВ</value>
</attribute>
</entry>
<entry>
<id>8</id>
<offset>668</offset>
<length>12</length>
<class>AAA_Estimate_Person</class>
<attribute>
<name>Canonical</name>
<value>Л ПЕЧАТНИКОВ</value>
</attribute>
</entry>
<entry>
<id>9</id>
<offset>970</offset>
<length>13</length>
<class>AAA_Estimate_Person</class>
<attribute>
<name>Canonical</name>
<value>Л ПЕЧАТНИКОВ</value>
</attribute>
</entry>
<entry>
<id>10</id>
<offset>1163</offset>
<length>9</length>
<class>AAA_Estimate_Person</class>
<attribute>
<name>Canonical</name>
<value>С СОБЯНИН</value>
</attribute>
</entry>
<entry>
<id>11</id>
<offset>1243</offset>
<length>15</length>
<class>AAA_Estimate_Person</class>
<attribute>
<name>Canonical</name>
<value>СЕРГЕЙ ПОЛЯКОВ</value>
</attribute>
</entry>
<entry>
<id>12</id>
<offset>1338</offset>
<length>19</length>
<class>AAA_Estimate_Person</class>
<attribute>
<name>Canonical</name>
<value>АНДРЕЙ СЕЛЬЦОВСКИЙ</value>
</attribute>
</entry>
<entry>
<id>13</id>
<offset>1385</offset>
<length>9</length>
<class>AAA_Estimate_Person</class>
<attribute>
<name>Canonical</name>
<value>С СОБЯНИН</value>
</attribute>
</entry>
<entry>
<id>14</id>
<offset>1466</offset>
<length>17</length>
<class>AAA_Estimate_Person</class>
<attribute>
<name>Canonical</name>
<value>ЛЮДМИЛА ШВЕЦОВА</value>
</attribute>
</entry>
<entry>
<id>15</id>
<offset>1495</offset>
<length>13</length>
<class>AAA_Estimate_Person</class>
<attribute>
<name>Canonical</name>
<value>ОЛЬГА ГОЛОДЕЦ</value>
</attribute>
</entry>
<entry>
<id>16</id>
<offset>1688</offset>
<length>17</length>
<class>AAA_Estimate_Person</class>
<attribute>
<name>Canonical</name>
<value>ВЯЧЕСЛАВ УРЮПИН</value>
</attribute>
</entry>
<entry>
<id>17</id>
<offset>1852</offset>
<length>12</length>
<class>AAA_Estimate_Person</class>
<attribute>
<name>Canonical</name>
<value>ЮРИЙ МАЗИКИН</value>
</attribute>
</entry>
<entry>
<id>18</id>
<offset>1934</offset>
<length>14</length>
<class>AAA_Estimate_Person</class>
<attribute>
<name>Canonical</name>
<value>СЕРГЕЙ ШОГУРОВ</value>
</attribute>
</entry>
<entry>
<id>19</id>
<offset>1950</offset>
<length>19</length>
<class>AAA_Estimate_Person</class>
<attribute>
<name>Canonical</name>
<value>ВЕРОНИКА БОБРОВСКАЯ</value>
</attribute>
</entry>
<entry>
<id>20</id>
<offset>1972</offset>
<length>18</length>
<class>AAA_Estimate_Person</class>
<attribute>
<name>Canonical</name>
<value>ВАЛЕРИЙ АНУПРИЕНКО</value>
</attribute>
</entry>
<entry>
<id>21</id>
<offset>2074</offset>
<length>17</length>
<class>AAA_Estimate_Person</class>
<attribute>
<name>Canonical</name>
<value>ТАТЬЯНА НАЙДЕНОВА</value>
</attribute>
</entry>
<entry>
<id>22</id>
<offset>2093</offset>
<length>16</length>
<class>AAA_Estimate_Person</class>
<attribute>
<name>Canonical</name>
<value>ПОЛИНА АФОНИЧЕВА</value>
</attribute>
</entry>
<entry>
<id>23</id>
<offset>2111</offset>
<length>13</length>
<class>AAA_Estimate_Person</class>
<attribute>
<name>Canonical</name>
<value>ИРИНА ТКАЧЕВА</value>
</attribute>
</entry>
<entry>
<id>24</id>
<offset>2127</offset>
<length>17</length>
<class>AAA_Estimate_Person</class>
<attribute>
<name>Canonical</name>
<value>ЛЮДМИЛА ОСТАНКОВА</value>
</attribute>
</entry>
<entry>
<id>25</id>
<offset>2244</offset>
<length>21</length>
<class>AAA_Estimate_Person</class>
<attribute>
<name>Canonical</name>
<value>ВЛАДИМИР ГОВЕРДОВСКИЙ</value>
</attribute>
</entry>
<entry>
<id>26</id>
<offset>2369</offset>
<length>13</length>
<class>AAA_Estimate_Person</class>
<attribute>
<name>Canonical</name>
<value>ПАВЕЛ ЧИНИЛИН</value>
</attribute>
</entry>
</markup>
