﻿<markup>
<entry>
<id>1</id>
<offset>108</offset>
<length>15</length>
<class>AAA_Estimate_Person</class>
<attribute>
<name>Canonical</name>
<value>РОБЕРТ МЮЛЛЕР</value>
</attribute>
</entry>
<entry>
<id>2</id>
<offset>274</offset>
<length>28</length>
<class>AAA_Estimate_Person</class>
<attribute>
<name>Canonical</name>
<value>МАЙКЛ МЭЙСОН (MICHAEL MASON)</value>
</attribute>
</entry>
<entry>
<id>3</id>
<offset>406</offset>
<length>7</length>
<class>AAA_Estimate_Person</class>
<attribute>
<name>Canonical</name>
<value>МЭЙСОН</value>
</attribute>
</entry>
<entry>
<id>4</id>
<offset>601</offset>
<length>13</length>
<class>AAA_Estimate_Person</class>
<attribute>
<name>Canonical</name>
<value>ЭРИК ХОЛДЕР</value>
</attribute>
</entry>
<entry>
<id>5</id>
<offset>673</offset>
<length>7</length>
<class>AAA_Estimate_Person</class>
<attribute>
<name>Canonical</name>
<value>МЭЙСОН</value>
</attribute>
</entry>
<entry>
<id>6</id>
<offset>685</offset>
<length>12</length>
<class>AAA_Estimate_Person</class>
<attribute>
<name>Canonical</name>
<value>МАЙКЛ МЭЙСОН</value>
</attribute>
</entry>
<entry>
<id>7</id>
<offset>873</offset>
<length>6</length>
<class>AAA_Estimate_Person</class>
<attribute>
<name>Canonical</name>
<value>МЭЙСОН</value>
</attribute>
</entry>
<entry>
<id>8</id>
<offset>909</offset>
<length>12</length>
<class>AAA_Estimate_Person</class>
<attribute>
<name>Canonical</name>
<value>БАРАК ОБАМА</value>
</attribute>
</entry>
<entry>
<id>9</id>
<offset>974</offset>
<length>6</length>
<class>AAA_Estimate_Person</class>
<attribute>
<name>Canonical</name>
<value>МЭЙСОН</value>
</attribute>
</entry>
<entry>
<id>10</id>
<offset>1052</offset>
<length>13</length>
<class>AAA_Estimate_Person</class>
<attribute>
<name>Canonical</name>
<value>ЭДГАР ГУВЕР</value>
</attribute>
</entry>
<entry>
<id>11</id>
<offset>1160</offset>
<length>7</length>
<class>AAA_Estimate_Person</class>
<attribute>
<name>Canonical</name>
<value>МЭЙСОН</value>
</attribute>
</entry>
<entry>
<id>12</id>
<offset>1334</offset>
<length>6</length>
<class>AAA_Estimate_Person</class>
<attribute>
<name>Canonical</name>
<value>МЭЙСОН</value>
</attribute>
</entry>
<entry>
<id>13</id>
<offset>1470</offset>
<length>5</length>
<class>AAA_Estimate_Person</class>
<attribute>
<name>Canonical</name>
<value>ОБАМА</value>
</attribute>
</entry>
<entry>
<id>14</id>
<offset>1515</offset>
<length>41</length>
<class>AAA_Estimate_Person</class>
<attribute>
<name>Canonical</name>
<value>ПАТРИК ФИТЦЖЕРАЛЬД (PATRICK FITZGERALD)</value>
</attribute>
</entry>
<entry>
<id>15</id>
<offset>1587</offset>
<length>30</length>
<class>AAA_Estimate_Person</class>
<attribute>
<name>Canonical</name>
<value>РЭЙМОНД КЕЛЛИ (RAYMOND KELLY)</value>
</attribute>
</entry>
<entry>
<id>16</id>
<offset>1673</offset>
<length>7</length>
<class>AAA_Estimate_Person</class>
<attribute>
<name>Canonical</name>
<value>МЮЛЛЕР</value>
</attribute>
</entry>
<entry>
<id>17</id>
<offset>1681</offset>
<length>31</length>
<class>AAA_Estimate_Person</class>
<attribute>
<name>Canonical</name>
<value>ДЖОН ПИСТОЛЬ (JOHN S. PISTOLE)</value>
</attribute>
</entry>
<entry>
<id>18</id>
<offset>1806</offset>
<length>21</length>
<class>AAA_Estimate_Person</class>
<attribute>
<name>Canonical</name>
<value>ДЖОРДЖ БУШ [-МЛАДШИЙ]</value>
</attribute>
</entry>
<entry>
<id>19</id>
<offset>1828</offset>
<length>28</length>
<class>AAA_Estimate_Person</class>
<attribute>
<name>Canonical</name>
<value>ДЖЕЙМС КОМИ (JAMES B. COMEY)</value>
</attribute>
</entry>
<entry>
<id>20</id>
<offset>1866</offset>
<length>49</length>
<class>AAA_Estimate_Person</class>
<attribute>
<name>Canonical</name>
<value>ФРЕНСИС ФРАГОС ТАУНСЕНД (FRANCES FRAGOS TOWNSEND)</value>
</attribute>
</entry>
<entry>
<id>21</id>
<offset>2056</offset>
<length>7</length>
<class>AAA_Estimate_Person</class>
<attribute>
<name>Canonical</name>
<value>МЮЛЛЕР</value>
</attribute>
</entry>
<entry>
<id>22</id>
<offset>2175</offset>
<length>7</length>
<class>AAA_Estimate_Person</class>
<attribute>
<name>Canonical</name>
<value>МЮЛЛЕР</value>
</attribute>
</entry>
<entry>
<id>23</id>
<offset>2211</offset>
<length>13</length>
<class>AAA_Estimate_Person</class>
<attribute>
<name>Canonical</name>
<value>ДЖОЗЕФ БАЙДЕН</value>
</attribute>
</entry>
<entry>
<id>24</id>
<offset>2256</offset>
<length>6</length>
<class>AAA_Estimate_Person</class>
<attribute>
<name>Canonical</name>
<value>ХОЛДЕР</value>
</attribute>
</entry>
<entry>
<id>25</id>
<offset>2299</offset>
<length>14</length>
<class>AAA_Estimate_Person</class>
<attribute>
<name>Canonical</name>
<value>БИЛЛ КЛИНТОН</value>
</attribute>
</entry>
<entry>
<id>26</id>
<offset>2314</offset>
<length>22</length>
<class>AAA_Estimate_Person</class>
<attribute>
<name>Canonical</name>
<value>ЛУИС ФРИ (LOUIS FREEH)</value>
</attribute>
</entry>
<entry>
<id>27</id>
<offset>2367</offset>
<length>11</length>
<class>AAA_Estimate_Person</class>
<attribute>
<name>Canonical</name>
<value>БАРАК ОБАМА</value>
</attribute>
</entry>
</markup>
