﻿<markup>
<entry>
<id>1</id>
<offset>0</offset>
<length>6</length>
<class>AAA_Estimate_Person</class>
<attribute>
<name>Canonical</name>
<value>ЗУБКОВ</value>
</attribute>
</entry>
<entry>
<id>2</id>
<offset>82</offset>
<length>13</length>
<class>AAA_Estimate_Person</class>
<attribute>
<name>Canonical</name>
<value>ВИКТОР ЗУБКОВ</value>
</attribute>
</entry>
<entry>
<id>3</id>
<offset>256</offset>
<length>15</length>
<class>AAA_Estimate_Person</class>
<attribute>
<name>Canonical</name>
<value>ВИКТОР МАРТЫНОВ</value>
</attribute>
</entry>
<entry>
<id>4</id>
<offset>426</offset>
<length>13</length>
<class>AAA_Estimate_Person</class>
<attribute>
<name>Canonical</name>
<value>ВИКТОР ЗУБКОВ</value>
</attribute>
</entry>
<entry>
<id>5</id>
<offset>560</offset>
<length>15</length>
<class>AAA_Estimate_Person</class>
<attribute>
<name>Canonical</name>
<value>ВИКТОР МАРТЫНОВ</value>
</attribute>
</entry>
<entry>
<id>6</id>
<offset>740</offset>
<length>8</length>
<class>AAA_Estimate_Person</class>
<attribute>
<name>Canonical</name>
<value>МАРТЫНОВ</value>
</attribute>
</entry>
<entry>
<id>7</id>
<offset>787</offset>
<length>13</length>
<class>AAA_Estimate_Person</class>
<attribute>
<name>Canonical</name>
<value>ИГОРЬ ЮСУФОВ</value>
</attribute>
</entry>
<entry>
<id>8</id>
<offset>870</offset>
<length>9</length>
<class>AAA_Estimate_Person</class>
<attribute>
<name>Canonical</name>
<value>МАРТЫНОВ</value>
</attribute>
</entry>
<entry>
<id>9</id>
<offset>882</offset>
<length>7</length>
<class>AAA_Estimate_Person</class>
<attribute>
<name>Canonical</name>
<value>ЗУБКОВ</value>
</attribute>
</entry>
<entry>
<id>10</id>
<offset>979</offset>
<length>13</length>
<class>AAA_Estimate_Person</class>
<attribute>
<name>Canonical</name>
<value>АНДРЕЙ АКИМОВ</value>
</attribute>
</entry>
<entry>
<id>11</id>
<offset>1028</offset>
<length>14</length>
<class>AAA_Estimate_Person</class>
<attribute>
<name>Canonical</name>
<value>АЛЕКСЕЙ МИЛЛЕР</value>
</attribute>
</entry>
<entry>
<id>12</id>
<offset>1091</offset>
<length>12</length>
<class>AAA_Estimate_Person</class>
<attribute>
<name>Canonical</name>
<value>ВЛАДИМИР МАУ</value>
</attribute>
</entry>
<entry>
<id>13</id>
<offset>1144</offset>
<length>16</length>
<class>AAA_Estimate_Person</class>
<attribute>
<name>Canonical</name>
<value>ФАРИТ ГАЗИЗУЛЛИН</value>
</attribute>
</entry>
<entry>
<id>14</id>
<offset>1291</offset>
<length>13</length>
<class>AAA_Estimate_Person</class>
<attribute>
<name>Canonical</name>
<value>ВАЛЕРИЙ МУСИН</value>
</attribute>
</entry>
<entry>
<id>15</id>
<offset>1439</offset>
<length>14</length>
<class>AAA_Estimate_Person</class>
<attribute>
<name>Canonical</name>
<value>ТИМУР КУЛИБАЕВ</value>
</attribute>
</entry>
<entry>
<id>16</id>
<offset>1603</offset>
<length>13</length>
<class>AAA_Estimate_Person</class>
<attribute>
<name>Canonical</name>
<value>ЕЛЕНА КАРПЕЛЬ</value>
</attribute>
</entry>
<entry>
<id>17</id>
<offset>1636</offset>
<length>16</length>
<class>AAA_Estimate_Person</class>
<attribute>
<name>Canonical</name>
<value>ВИТАЛИЙ МАРКЕЛОВ</value>
</attribute>
</entry>
<entry>
<id>18</id>
<offset>1706</offset>
<length>13</length>
<class>AAA_Estimate_Person</class>
<attribute>
<name>Canonical</name>
<value>МИХАИЛ СЕРЕДА</value>
</attribute>
</entry>
<entry>
<id>19</id>
<offset>1903</offset>
<length>13</length>
<class>AAA_Estimate_Person</class>
<attribute>
<name>Canonical</name>
<value>ВИКТОР ЗУБКОВ</value>
</attribute>
</entry>
<entry>
<id>20</id>
<offset>2093</offset>
<length>6</length>
<class>AAA_Estimate_Person</class>
<attribute>
<name>Canonical</name>
<value>ЗУБКОВ</value>
</attribute>
</entry>
<entry>
<id>22</id>
<offset>2171</offset>
<length>13</length>
<class>AAA_Estimate_Person</class>
<attribute>
<name>Canonical</name>
<value>ВИКТОР ЗУБКОВ</value>
</attribute>
</entry>
<entry>
<id>23</id>
<offset>2214</offset>
<length>6</length>
<class>AAA_Estimate_Person</class>
<attribute>
<name>Canonical</name>
<value>ЗУБКОВ</value>
</attribute>
</entry>
</markup>
