﻿<markup>
<entry>
<id>1</id>
<offset>67</offset>
<length>12</length>
<class>AAA_Estimate_Person</class>
<attribute>
<name>Canonical</name>
<value>ЮКИО ХАТОЯМА</value>
</attribute>
</entry>
<entry>
<id>2</id>
<offset>555</offset>
<length>7</length>
<class>AAA_Estimate_Person</class>
<attribute>
<name>Canonical</name>
<value>ХАТОЯМА</value>
</attribute>
</entry>
<entry>
<id>3</id>
<offset>791</offset>
<length>7</length>
<class>AAA_Estimate_Person</class>
<attribute>
<name>Canonical</name>
<value>ХАТОЯМА</value>
</attribute>
</entry>
<entry>
<id>4</id>
<offset>977</offset>
<length>14</length>
<class>AAA_Estimate_Person</class>
<attribute>
<name>Canonical</name>
<value>БАРАК ОБАМА</value>
</attribute>
</entry>
<entry>
<id>5</id>
<offset>1192</offset>
<length>7</length>
<class>AAA_Estimate_Person</class>
<attribute>
<name>Canonical</name>
<value>ХАТОЯМА</value>
</attribute>
</entry>
</markup>
