﻿<markup>
<entry>
<id>1</id>
<offset>49</offset>
<length>7</length>
<class>AAA_Estimate_Person</class>
<attribute>
<name>Canonical</name>
<value>ЯКУНИН</value>
</attribute>
</entry>
<entry>
<id>2</id>
<offset>666</offset>
<length>7</length>
<class>AAA_Estimate_Person</class>
<attribute>
<name>Canonical</name>
<value>ЯКУНИН</value>
</attribute>
</entry>
<entry>
<id>3</id>
<offset>733</offset>
<length>19</length>
<class>AAA_Estimate_Person</class>
<attribute>
<name>Canonical</name>
<value>АЛЕКСАНДР МИШАРИН</value>
</attribute>
</entry>
<entry>
<id>4</id>
<offset>1141</offset>
<length>16</length>
<class>AAA_Estimate_Person</class>
<attribute>
<name>Canonical</name>
<value>НАТАЛЬЯ ТИМАКОВА</value>
</attribute>
</entry>
<entry>
<id>5</id>
<offset>1239</offset>
<length>6</length>
<class>AAA_Estimate_Person</class>
<attribute>
<name>Canonical</name>
<value>ЯКУНИН</value>
</attribute>
</entry>
<entry>
<id>6</id>
<offset>1328</offset>
<length>14</length>
<class>AAA_Estimate_Person</class>
<attribute>
<name>Canonical</name>
<value>ВЛАДИМИР ПУТИН</value>
</attribute>
</entry>
<entry>
<id>7</id>
<offset>1382</offset>
<length>6</length>
<class>AAA_Estimate_Person</class>
<attribute>
<name>Canonical</name>
<value>ЯКУНИН</value>
</attribute>
</entry>
<entry>
<id>8</id>
<offset>1760</offset>
<length>6</length>
<class>AAA_Estimate_Person</class>
<attribute>
<name>Canonical</name>
<value>ЯКУНИН</value>
</attribute>
</entry>
</markup>
