﻿<markup>
<entry>
<id>1</id>
<offset>160</offset>
<length>16</length>
<class>AAA_Estimate_Person</class>
<attribute>
<name>Canonical</name>
<value>ВЛАДИМИР АСТАНИН</value>
</attribute>
</entry>
<entry>
<id>2</id>
<offset>202</offset>
<length>17</length>
<class>AAA_Estimate_Person</class>
<attribute>
<name>Canonical</name>
<value>МИХАИЛ КИРПИЧЕВ</value>
</attribute>
</entry>
<entry>
<id>3</id>
<offset>379</offset>
<length>18</length>
<class>AAA_Estimate_Person</class>
<attribute>
<name>Canonical</name>
<value>ГЕННАДИЙ ЧЕРНУШКИН</value>
</attribute>
</entry>
<entry>
<id>4</id>
<offset>947</offset>
<length>18</length>
<class>AAA_Estimate_Person</class>
<attribute>
<name>Canonical</name>
<value>ГЕННАДИЙ ЧЕРНУШКИН</value>
</attribute>
</entry>
<entry>
<id>5</id>
<offset>1011</offset>
<length>16</length>
<class>AAA_Estimate_Person</class>
<attribute>
<name>Canonical</name>
<value>ВЛАДИМИР АСТАНИН</value>
</attribute>
</entry>
</markup>
