﻿<markup>
<entry>
<id>1</id>
<offset>137</offset>
<length>15</length>
<class>AAA_Estimate_Person</class>
<attribute>
<name>Canonical</name>
<value>ЕВГЕНИЙ ВЕЛИХОВ</value>
</attribute>
</entry>
<entry>
<id>2</id>
<offset>247</offset>
<length>7</length>
<class>AAA_Estimate_Person</class>
<attribute>
<name>Canonical</name>
<value>ВЕЛИХОВ</value>
</attribute>
</entry>
<entry>
<id>3</id>
<offset>472</offset>
<length>15</length>
<class>AAA_Estimate_Person</class>
<attribute>
<name>Canonical</name>
<value>ЕВГЕНИЙ ВЕЛИХОВ</value>
</attribute>
</entry>
<entry>
<id>4</id>
<offset>760</offset>
<length>7</length>
<class>AAA_Estimate_Person</class>
<attribute>
<name>Canonical</name>
<value>ВЕЛИХОВ</value>
</attribute>
</entry>
</markup>
