﻿<markup>
<entry>
<id>1</id>
<offset>60</offset>
<length>5</length>
<class>AAA_Estimate_Person</class>
<attribute>
<name>Canonical</name>
<value>ОБАМА</value>
</attribute>
</entry>
<entry>
<id>2</id>
<offset>124</offset>
<length>12</length>
<class>AAA_Estimate_Person</class>
<attribute>
<name>Canonical</name>
<value>БАРАК ОБАМА</value>
</attribute>
</entry>
<entry>
<id>14</id>
<offset>166</offset>
<length>5</length>
<class>AAA_Estimate_Person</class>
<attribute>
<name>Canonical</name>
<value>ОБАМА</value>
</attribute>
</entry>
<entry>
<id>3</id>
<offset>205</offset>
<length>7</length>
<class>AAA_Estimate_Person</class>
<attribute>
<name>Canonical</name>
<value>МАНДЕЛА</value>
</attribute>
</entry>
<entry>
<id>4</id>
<offset>298</offset>
<length>12</length>
<class>AAA_Estimate_Person</class>
<attribute>
<name>Canonical</name>
<value>БАРАК ОБАМА</value>
</attribute>
</entry>
<entry>
<id>5</id>
<offset>468</offset>
<length>5</length>
<class>AAA_Estimate_Person</class>
<attribute>
<name>Canonical</name>
<value>ОБАМА</value>
</attribute>
</entry>
<entry>
<id>6</id>
<offset>717</offset>
<length>5</length>
<class>AAA_Estimate_Person</class>
<attribute>
<name>Canonical</name>
<value>ОБАМА</value>
</attribute>
</entry>
<entry>
<id>7</id>
<offset>792</offset>
<length>5</length>
<class>AAA_Estimate_Person</class>
<attribute>
<name>Canonical</name>
<value>ОБАМА</value>
</attribute>
</entry>
<entry>
<id>8</id>
<offset>812</offset>
<length>6</length>
<class>AAA_Estimate_Person</class>
<attribute>
<name>Canonical</name>
<value>МИШЕЛЬ</value>
</attribute>
</entry>
<entry>
<id>9</id>
<offset>841</offset>
<length>16</length>
<class>AAA_Estimate_Person</class>
<attribute>
<name>Canonical</name>
<value>НЕЛЬСОН МАНДЕЛА</value>
</attribute>
</entry>
<entry>
<id>10</id>
<offset>937</offset>
<length>7</length>
<class>AAA_Estimate_Person</class>
<attribute>
<name>Canonical</name>
<value>МАНДЕЛА</value>
</attribute>
</entry>
<entry>
<id>11</id>
<offset>1118</offset>
<length>12</length>
<class>AAA_Estimate_Person</class>
<attribute>
<name>Canonical</name>
<value>ДЖЕЙКОБ ЗУМА</value>
</attribute>
</entry>
<entry>
<id>12</id>
<offset>1144</offset>
<length>7</length>
<class>AAA_Estimate_Person</class>
<attribute>
<name>Canonical</name>
<value>МАНДЕЛА</value>
</attribute>
</entry>
<entry>
<id>13</id>
<offset>1359</offset>
<length>7</length>
<class>AAA_Estimate_Person</class>
<attribute>
<name>Canonical</name>
<value>МАНДЕЛА</value>
</attribute>
</entry>
</markup>
