﻿<markup>
<entry>
<id>1</id>
<offset>178</offset>
<length>16</length>
<class>AAA_Estimate_Person</class>
<attribute>
<name>Canonical</name>
<value>ЭДВАРД СНОУДЕН</value>
</attribute>
</entry>
<entry>
<id>2</id>
<offset>329</offset>
<length>10</length>
<class>AAA_Estimate_Person</class>
<attribute>
<name>Canonical</name>
<value>ХУА ЧУНЬИН</value>
</attribute>
</entry>
<entry>
<id>3</id>
<offset>396</offset>
<length>8</length>
<class>AAA_Estimate_Person</class>
<attribute>
<name>Canonical</name>
<value>СНОУДЕН</value>
</attribute>
</entry>
<entry>
<id>4</id>
<offset>691</offset>
<length>7</length>
<class>AAA_Estimate_Person</class>
<attribute>
<name>Canonical</name>
<value>СНОУДЕН</value>
</attribute>
</entry>
<entry>
<id>5</id>
<offset>1185</offset>
<length>8</length>
<class>AAA_Estimate_Person</class>
<attribute>
<name>Canonical</name>
<value>СНОУДЕН</value>
</attribute>
</entry>
<entry>
<id>6</id>
<offset>1222</offset>
<length>10</length>
<class>AAA_Estimate_Person</class>
<attribute>
<name>Canonical</name>
<value>ХУА ЧУНЬИН</value>
</attribute>
</entry>
</markup>
