﻿<markup>
<entry>
<id>1</id>
<offset>274</offset>
<length>15</length>
<class>AAA_Estimate_Person</class>
<attribute>
<name>Canonical</name>
<value>ЛЕВ ПОНОМАРЕВ</value>
</attribute>
</entry>
<entry>
<id>2</id>
<offset>1060</offset>
<length>14</length>
<class>AAA_Estimate_Person</class>
<attribute>
<name>Canonical</name>
<value>ВЛАДИМИР ЛУКИН</value>
</attribute>
</entry>
<entry>
<id>3</id>
<offset>1256</offset>
<length>15</length>
<class>AAA_Estimate_Person</class>
<attribute>
<name>Canonical</name>
<value>ЛЕВ ПОНОМАРЁВ</value>
</attribute>
</entry>
<entry>
<id>4</id>
<offset>1487</offset>
<length>18</length>
<class>AAA_Estimate_Person</class>
<attribute>
<name>Canonical</name>
<value>СЕРГЕЙ МИТРОХИН</value>
</attribute>
</entry>
<entry>
<id>6</id>
<offset>1543</offset>
<length>9</length>
<class>AAA_Estimate_Person</class>
<attribute>
<name>Canonical</name>
<value>ПОНОМАРЁВ</value>
</attribute>
</entry>
<entry>
<id>7</id>
<offset>1567</offset>
<length>10</length>
<class>AAA_Estimate_Person</class>
<attribute>
<name>Canonical</name>
<value>ПОНОМАРЁВ</value>
</attribute>
</entry>
</markup>
