﻿<markup>
<entry>
<id>1</id>
<offset>0</offset>
<length>13</length>
<class>AAA_Estimate_Person</class>
<attribute>
<name>Canonical</name>
<value>ШВАРЦЕНЕГГЕР</value>
</attribute>
</entry>
<entry>
<id>2</id>
<offset>51</offset>
<length>12</length>
<class>AAA_Estimate_Person</class>
<attribute>
<name>Canonical</name>
<value>ДЖЕРРИ БРАУН</value>
</attribute>
</entry>
<entry>
<id>3</id>
<offset>161</offset>
<length>12</length>
<class>AAA_Estimate_Person</class>
<attribute>
<name>Canonical</name>
<value>ДЖЕРРИ БРАУН</value>
</attribute>
</entry>
<entry>
<id>4</id>
<offset>241</offset>
<length>6</length>
<class>AAA_Estimate_Person</class>
<attribute>
<name>Canonical</name>
<value>БРАУН</value>
</attribute>
</entry>
<entry>
<id>6</id>
<offset>368</offset>
<length>24</length>
<class>AAA_Estimate_Person</class>
<attribute>
<name>Canonical</name>
<value>МЕГ УИТМЕН (MEG WHITMAN)</value>
</attribute>
</entry>
<entry>
<id>7</id>
<offset>485</offset>
<length>5</length>
<class>AAA_Estimate_Person</class>
<attribute>
<name>Canonical</name>
<value>БРАУН</value>
</attribute>
</entry>
<entry>
<id>8</id>
<offset>498</offset>
<length>22</length>
<class>AAA_Estimate_Person</class>
<attribute>
<name>Canonical</name>
<value>АРНОЛЬД ШВАРЦЕНЕГГЕР</value>
</attribute>
</entry>
<entry>
<id>13</id>
<offset>562</offset>
<length>12</length>
<class>AAA_Estimate_Person</class>
<attribute>
<name>Canonical</name>
<value>ШВАРЦЕНЕГГЕР</value>
</attribute>
</entry>
<entry>
<id>9</id>
<offset>716</offset>
<length>13</length>
<class>AAA_Estimate_Person</class>
<attribute>
<name>Canonical</name>
<value>ДЖЕРРИ БРАУН</value>
</attribute>
</entry>
<entry>
<id>10</id>
<offset>902</offset>
<length>30</length>
<class>AAA_Estimate_Person</class>
<attribute>
<name>Canonical</name>
<value>БАРБАРА БОКСЕР (BARBARA BOXER)</value>
</attribute>
</entry>
<entry>
<id>11</id>
<offset>995</offset>
<length>6</length>
<class>AAA_Estimate_Person</class>
<attribute>
<name>Canonical</name>
<value>БОКСЕР</value>
</attribute>
</entry>
<entry>
<id>12</id>
<offset>1011</offset>
<length>29</length>
<class>AAA_Estimate_Person</class>
<attribute>
<name>Canonical</name>
<value>КАРЛИ ФИОРИНА (CARLY FIORINA)</value>
</attribute>
</entry>
</markup>
