﻿<markup>
<entry>
<id>1</id>
<offset>112</offset>
<length>15</length>
<class>AAA_Estimate_Person</class>
<attribute>
<name>Canonical</name>
<value>ДМИТРИЙ ЛИВАНОВ</value>
</attribute>
</entry>
<entry>
<id>2</id>
<offset>695</offset>
<length>16</length>
<class>AAA_Estimate_Person</class>
<attribute>
<name>Canonical</name>
<value>РОСТИСЛАВ ЭДВАРС</value>
</attribute>
</entry>
<entry>
<id>3</id>
<offset>1810</offset>
<length>13</length>
<class>AAA_Estimate_Person</class>
<attribute>
<name>Canonical</name>
<value>ЕКАТЕРИНА УБА</value>
</attribute>
</entry>
<entry>
<id>4</id>
<offset>2081</offset>
<length>15</length>
<class>AAA_Estimate_Person</class>
<attribute>
<name>Canonical</name>
<value>ДМИТРИЙ ЛИВАНОВ</value>
</attribute>
</entry>
<entry>
<id>5</id>
<offset>3171</offset>
<length>14</length>
<class>AAA_Estimate_Person</class>
<attribute>
<name>Canonical</name>
<value>СЕРГЕЙ МОРОЗОВ</value>
</attribute>
</entry>
<entry>
<id>6</id>
<offset>3489</offset>
<length>7</length>
<class>AAA_Estimate_Person</class>
<attribute>
<name>Canonical</name>
<value>МОРОЗОВ</value>
</attribute>
</entry>
</markup>
