﻿<markup>
<entry>
<id>1</id>
<offset>0</offset>
<length>9</length>
<class>AAA_Estimate_Person</class>
<attribute>
<name>Canonical</name>
<value>ЛУКАШЕНКО</value>
</attribute>
</entry>
<entry>
<id>2</id>
<offset>84</offset>
<length>19</length>
<class>AAA_Estimate_Person</class>
<attribute>
<name>Canonical</name>
<value>АЛЕКСАНДР ЛУКАШЕНКО</value>
</attribute>
</entry>
<entry>
<id>3</id>
<offset>218</offset>
<length>14</length>
<class>AAA_Estimate_Person</class>
<attribute>
<name>Canonical</name>
<value>ИГОРЬ АЗАРЕНОК</value>
</attribute>
</entry>
<entry>
<id>4</id>
<offset>328</offset>
<length>8</length>
<class>AAA_Estimate_Person</class>
<attribute>
<name>Canonical</name>
<value>АЗАРЕНОК</value>
</attribute>
</entry>
<entry>
<id>5</id>
<offset>692</offset>
<length>8</length>
<class>AAA_Estimate_Person</class>
<attribute>
<name>Canonical</name>
<value>АЗАРЕНОК</value>
</attribute>
</entry>
<entry>
<id>6</id>
<offset>910</offset>
<length>8</length>
<class>AAA_Estimate_Person</class>
<attribute>
<name>Canonical</name>
<value>АЗАРЕНОК</value>
</attribute>
</entry>
<entry>
<id>7</id>
<offset>1147</offset>
<length>18</length>
<class>AAA_Estimate_Person</class>
<attribute>
<name>Canonical</name>
<value>СЕРГЕЙ ЛЕМЕШЕВСКИЙ</value>
</attribute>
</entry>
<entry>
<id>8</id>
<offset>1186</offset>
<length>8</length>
<class>AAA_Estimate_Person</class>
<attribute>
<name>Canonical</name>
<value>АЗАРЕНОК</value>
</attribute>
</entry>
</markup>
