﻿<markup>
<entry>
<id>1</id>
<offset>818</offset>
<length>13</length>
<class>AAA_Estimate_Person</class>
<attribute>
<name>Canonical</name>
<value>ЛЕОНИД КУЧМА</value>
</attribute>
</entry>
<entry>
<id>2</id>
<offset>1103</offset>
<length>5</length>
<class>AAA_Estimate_Person</class>
<attribute>
<name>Canonical</name>
<value>КУЧМА</value>
</attribute>
</entry>
<entry>
<id>3</id>
<offset>1865</offset>
<length>13</length>
<class>AAA_Estimate_Person</class>
<attribute>
<name>Canonical</name>
<value>ВИКТОР ЮЩЕНКО</value>
</attribute>
</entry>
<entry>
<id>4</id>
<offset>2041</offset>
<length>6</length>
<class>AAA_Estimate_Person</class>
<attribute>
<name>Canonical</name>
<value>ЮЩЕНКО</value>
</attribute>
</entry>
<entry>
<id>5</id>
<offset>2315</offset>
<length>15</length>
<class>AAA_Estimate_Person</class>
<attribute>
<name>Canonical</name>
<value>ВИКТОР ЯНУКОВИЧ</value>
</attribute>
</entry>
<entry>
<id>6</id>
<offset>2482</offset>
<length>6</length>
<class>AAA_Estimate_Person</class>
<attribute>
<name>Canonical</name>
<value>ЮЩЕНКО</value>
</attribute>
</entry>
<entry>
<id>7</id>
<offset>2736</offset>
<length>8</length>
<class>AAA_Estimate_Person</class>
<attribute>
<name>Canonical</name>
<value>ЯНУКОВИЧ</value>
</attribute>
</entry>
<entry>
<id>8</id>
<offset>2748</offset>
<length>14</length>
<class>AAA_Estimate_Person</class>
<attribute>
<name>Canonical</name>
<value>ЮЛИЯ ТИМОШЕНКО</value>
</attribute>
</entry>
<entry>
<id>9</id>
<offset>2847</offset>
<length>6</length>
<class>AAA_Estimate_Person</class>
<attribute>
<name>Canonical</name>
<value>ЮЩЕНКО</value>
</attribute>
</entry>
<entry>
<id>10</id>
<offset>2856</offset>
<length>9</length>
<class>AAA_Estimate_Person</class>
<attribute>
<name>Canonical</name>
<value>ТИМОШЕНКО</value>
</attribute>
</entry>
<entry>
<id>11</id>
<offset>2944</offset>
<length>9</length>
<class>AAA_Estimate_Person</class>
<attribute>
<name>Canonical</name>
<value>ТИМОШЕНКО</value>
</attribute>
</entry>
<entry>
<id>12</id>
<offset>2963</offset>
<length>9</length>
<class>AAA_Estimate_Person</class>
<attribute>
<name>Canonical</name>
<value>ЯНУКОВИЧ</value>
</attribute>
</entry>
<entry>
<id>13</id>
<offset>3408</offset>
<length>6</length>
<class>AAA_Estimate_Person</class>
<attribute>
<name>Canonical</name>
<value>ЮЩЕНКО</value>
</attribute>
</entry>
<entry>
<id>14</id>
<offset>3576</offset>
<length>8</length>
<class>AAA_Estimate_Person</class>
<attribute>
<name>Canonical</name>
<value>ЯНУКОВИЧ</value>
</attribute>
</entry>
<entry>
<id>15</id>
<offset>3747</offset>
<length>14</length>
<class>AAA_Estimate_Person</class>
<attribute>
<name>Canonical</name>
<value>ЛЕОНИД КРАВЧУК</value>
</attribute>
</entry>
<entry>
<id>16</id>
<offset>4103</offset>
<length>9</length>
<class>AAA_Estimate_Person</class>
<attribute>
<name>Canonical</name>
<value>ЯНУКОВИЧ</value>
</attribute>
</entry>
</markup>
