﻿<markup>
<entry>
<id>1</id>
<offset>0</offset>
<length>7</length>
<class>AAA_Estimate_Person</class>
<attribute>
<name>Canonical</name>
<value>РОГОЗИН</value>
</attribute>
</entry>
<entry>
<id>2</id>
<offset>78</offset>
<length>7</length>
<class>AAA_Estimate_Person</class>
<attribute>
<name>Canonical</name>
<value>РОГОЗИН</value>
</attribute>
</entry>
<entry>
<id>3</id>
<offset>240</offset>
<length>15</length>
<class>AAA_Estimate_Person</class>
<attribute>
<name>Canonical</name>
<value>ДМИТРИЙ РОГОЗИН</value>
</attribute>
</entry>
<entry>
<id>4</id>
<offset>282</offset>
<length>15</length>
<class>AAA_Estimate_Person</class>
<attribute>
<name>Canonical</name>
<value>ДМИТРИЙ РОГОЗИН</value>
</attribute>
</entry>
<entry>
<id>5</id>
<offset>489</offset>
<length>7</length>
<class>AAA_Estimate_Person</class>
<attribute>
<name>Canonical</name>
<value>РОГОЗИН</value>
</attribute>
</entry>
<entry>
<id>6</id>
<offset>688</offset>
<length>18</length>
<class>AAA_Estimate_Person</class>
<attribute>
<name>Canonical</name>
<value>ВЛАДИСЛАВ СУРКОВ</value>
</attribute>
</entry>
<entry>
<id>7</id>
<offset>748</offset>
<length>14</length>
<class>AAA_Estimate_Person</class>
<attribute>
<name>Canonical</name>
<value>ДМИТРИЙ КОЗАК</value>
</attribute>
</entry>
</markup>
