﻿<markup>
<entry>
<id>1</id>
<offset>46</offset>
<length>22</length>
<class>AAA_Estimate_Person</class>
<attribute>
<name>Canonical</name>
<value>ЗИН ЭЛЬ-АБИДИН БЕН АЛИ</value>
</attribute>
</entry>
<entry>
<id>2</id>
<offset>365</offset>
<length>27</length>
<class>AAA_Estimate_Person</class>
<attribute>
<name>Canonical</name>
<value>ФУЭД МЕБАЗА (FOUED MEBAZAA)</value>
</attribute>
</entry>
<entry>
<id>4</id>
<offset>415</offset>
<length>8</length>
<class>AAA_Estimate_Person</class>
<attribute>
<name>Canonical</name>
<value>БЕН АЛИ</value>
</attribute>
</entry>
<entry>
<id>3</id>
<offset>485</offset>
<length>16</length>
<class>AAA_Estimate_Person</class>
<attribute>
<name>Canonical</name>
<value>МОХАММЕД ГАННУЧИ</value>
</attribute>
</entry>
</markup>
