﻿<markup>
<entry>
<id>1</id>
<offset>43</offset>
<length>7</length>
<class>AAA_Estimate_Person</class>
<attribute>
<name>Canonical</name>
<value>ИВАНОВА</value>
</attribute>
</entry>
<entry>
<id>2</id>
<offset>100</offset>
<length>18</length>
<class>AAA_Estimate_Person</class>
<attribute>
<name>Canonical</name>
<value>АЛЕКСЕЙ НИКОЛЬСКИЙ</value>
</attribute>
</entry>
<entry>
<id>3</id>
<offset>156</offset>
<length>16</length>
<class>AAA_Estimate_Person</class>
<attribute>
<name>Canonical</name>
<value>СВЕТЛАНА ИВАНОВА</value>
</attribute>
</entry>
<entry>
<id>4</id>
<offset>363</offset>
<length>13</length>
<class>AAA_Estimate_Person</class>
<attribute>
<name>Canonical</name>
<value>ИГОРЬ СЛЮНЯЕВ</value>
</attribute>
</entry>
<entry>
<id>5</id>
<offset>384</offset>
<length>14</length>
<class>AAA_Estimate_Person</class>
<attribute>
<name>Canonical</name>
<value>ОЛЕГ ГОВОРУН</value>
</attribute>
</entry>
<entry>
<id>6</id>
<offset>426</offset>
<length>7</length>
<class>AAA_Estimate_Person</class>
<attribute>
<name>Canonical</name>
<value>ИВАНОВА</value>
</attribute>
</entry>
</markup>
