﻿<markup>
<entry>
<id>1</id>
<offset>63</offset>
<length>7</length>
<class>AAA_Estimate_Person</class>
<attribute>
<name>Canonical</name>
<value>МАНДЕЛА</value>
</attribute>
</entry>
<entry>
<id>2</id>
<offset>92</offset>
<length>15</length>
<class>AAA_Estimate_Person</class>
<attribute>
<name>Canonical</name>
<value>НЕЛЬСОН МАНДЕЛА</value>
</attribute>
</entry>
<entry>
<id>3</id>
<offset>194</offset>
<length>17</length>
<class>AAA_Estimate_Person</class>
<attribute>
<name>Canonical</name>
<value>ФРЕДЕРИК ДЕ КЛЕРК</value>
</attribute>
</entry>
<entry>
<id>4</id>
<offset>228</offset>
<length>16</length>
<class>AAA_Estimate_Person</class>
<attribute>
<name>Canonical</name>
<value>НЕЛЬСОН МАНДЕЛА</value>
</attribute>
</entry>
<entry>
<id>5</id>
<offset>354</offset>
<length>7</length>
<class>AAA_Estimate_Person</class>
<attribute>
<name>Canonical</name>
<value>МАНДЕЛА</value>
</attribute>
</entry>
<entry>
<id>7</id>
<offset>465</offset>
<length>8</length>
<class>AAA_Estimate_Person</class>
<attribute>
<name>Canonical</name>
<value>ДЕ КЛЕРК</value>
</attribute>
</entry>
<entry>
<id>8</id>
<offset>485</offset>
<length>5</length>
<class>AAA_Estimate_Person</class>
<attribute>
<name>Canonical</name>
<value>ЭЛИТА</value>
</attribute>
</entry>
<entry>
<id>9</id>
<offset>581</offset>
<length>7</length>
<class>AAA_Estimate_Person</class>
<attribute>
<name>Canonical</name>
<value>МАНДЕЛА</value>
</attribute>
</entry>
<entry>
<id>10</id>
<offset>697</offset>
<length>7</length>
<class>AAA_Estimate_Person</class>
<attribute>
<name>Canonical</name>
<value>МАНДЕЛА</value>
</attribute>
</entry>
<entry>
<id>11</id>
<offset>878</offset>
<length>12</length>
<class>AAA_Estimate_Person</class>
<attribute>
<name>Canonical</name>
<value>ДЖЕЙКОБ ЗУМА</value>
</attribute>
</entry>
<entry>
<id>12</id>
<offset>904</offset>
<length>7</length>
<class>AAA_Estimate_Person</class>
<attribute>
<name>Canonical</name>
<value>МАНДЕЛА</value>
</attribute>
</entry>
<entry>
<id>13</id>
<offset>1043</offset>
<length>15</length>
<class>AAA_Estimate_Person</class>
<attribute>
<name>Canonical</name>
<value>НЕЛЬСОН МАНДЕЛА</value>
</attribute>
</entry>
<entry>
<id>14</id>
<offset>1146</offset>
<length>7</length>
<class>AAA_Estimate_Person</class>
<attribute>
<name>Canonical</name>
<value>МАНДЕЛА</value>
</attribute>
</entry>
<entry>
<id>15</id>
<offset>1402</offset>
<length>7</length>
<class>AAA_Estimate_Person</class>
<attribute>
<name>Canonical</name>
<value>МАНДЕЛА</value>
</attribute>
</entry>
</markup>
