﻿<markup>
<entry>
<id>1</id>
<offset>104</offset>
<length>13</length>
<class>AAA_Estimate_Person</class>
<attribute>
<name>Canonical</name>
<value>ВАДИМ АМСТЕЛЬ</value>
</attribute>
</entry>
<entry>
<id>2</id>
<offset>199</offset>
<length>19</length>
<class>AAA_Estimate_Person</class>
<attribute>
<name>Canonical</name>
<value>АНАСТАСИЯ КУЗНЕЦОВА</value>
</attribute>
</entry>
<entry>
<id>3</id>
<offset>528</offset>
<length>7</length>
<class>AAA_Estimate_Person</class>
<attribute>
<name>Canonical</name>
<value>АМСТЕЛЬ</value>
</attribute>
</entry>
<entry>
<id>4</id>
<offset>724</offset>
<length>19</length>
<class>AAA_Estimate_Person</class>
<attribute>
<name>Canonical</name>
<value>АНАСТАСИЯ КУЗНЕЦОВА</value>
</attribute>
</entry>
<entry>
<id>5</id>
<offset>1021</offset>
<length>9</length>
<class>AAA_Estimate_Person</class>
<attribute>
<name>Canonical</name>
<value>КУЗНЕЦОВА</value>
</attribute>
</entry>
</markup>
