﻿<markup>
<entry>
<id>1</id>
<offset>247</offset>
<length>18</length>
<class>AAA_Estimate_Person</class>
<attribute>
<name>Canonical</name>
<value>КАРЛОС ФУЭНТЕС</value>
</attribute>
</entry>
<entry>
<id>2</id>
<offset>425</offset>
<length>17</length>
<class>AAA_Estimate_Person</class>
<attribute>
<name>Canonical</name>
<value>РИЧАРД ГУДВИН</value>
</attribute>
</entry>
<entry>
<id>3</id>
<offset>524</offset>
<length>9</length>
<class>AAA_Estimate_Person</class>
<attribute>
<name>Canonical</name>
<value>К ФУЭНТЕС</value>
</attribute>
</entry>
<entry>
<id>4</id>
<offset>602</offset>
<length>10</length>
<class>AAA_Estimate_Person</class>
<attribute>
<name>Canonical</name>
<value>К ФУЭНТЕС</value>
</attribute>
</entry>
<entry>
<id>5</id>
<offset>879</offset>
<length>10</length>
<class>AAA_Estimate_Person</class>
<attribute>
<name>Canonical</name>
<value>К ФУЭНТЕС</value>
</attribute>
</entry>
<entry>
<id>6</id>
<offset>990</offset>
<length>9</length>
<class>AAA_Estimate_Person</class>
<attribute>
<name>Canonical</name>
<value>К ФУЭНТЕС</value>
</attribute>
</entry>
<entry>
<id>7</id>
<offset>1038</offset>
<length>9</length>
<class>AAA_Estimate_Person</class>
<attribute>
<name>Canonical</name>
<value>К ФУЭНТЕС</value>
</attribute>
</entry>
<entry>
<id>8</id>
<offset>1486</offset>
<length>17</length>
<class>AAA_Estimate_Person</class>
<attribute>
<name>Canonical</name>
<value>НОРМАН МЕЙЛЕР</value>
</attribute>
</entry>
<entry>
<id>9</id>
<offset>1528</offset>
<length>13</length>
<class>AAA_Estimate_Person</class>
<attribute>
<name>Canonical</name>
<value>ГРЭМ ГРИН</value>
</attribute>
</entry>
</markup>
