﻿<markup>
<entry>
<id>1</id>
<offset>42</offset>
<length>7</length>
<class>AAA_Estimate_Person</class>
<attribute>
<name>Canonical</name>
<value>ЯКУНИН</value>
</attribute>
</entry>
<entry>
<id>2</id>
<offset>200</offset>
<length>16</length>
<class>AAA_Estimate_Person</class>
<attribute>
<name>Canonical</name>
<value>ДМИТРИЙ МЕДВЕДЕВ</value>
</attribute>
</entry>
<entry>
<id>3</id>
<offset>226</offset>
<length>19</length>
<class>AAA_Estimate_Person</class>
<attribute>
<name>Canonical</name>
<value>АЛЕКСАНДР МИШАРИН</value>
</attribute>
</entry>
<entry>
<id>4</id>
<offset>348</offset>
<length>15</length>
<class>AAA_Estimate_Person</class>
<attribute>
<name>Canonical</name>
<value>ВЛАДИМИР ЯКУНИН</value>
</attribute>
</entry>
<entry>
<id>5</id>
<offset>405</offset>
<length>17</length>
<class>AAA_Estimate_Person</class>
<attribute>
<name>Canonical</name>
<value>ВЛАДИМИР ЯКУНИН</value>
</attribute>
</entry>
<entry>
<id>6</id>
<offset>610</offset>
<length>11</length>
<class>AAA_Estimate_Person</class>
<attribute>
<name>Canonical</name>
<value>ИЛЬЯ МАССУХ</value>
</attribute>
</entry>
<entry>
<id>7</id>
<offset>1235</offset>
<length>7</length>
<class>AAA_Estimate_Person</class>
<attribute>
<name>Canonical</name>
<value>МАССУХ</value>
</attribute>
</entry>
<entry>
<id>8</id>
<offset>1631</offset>
<length>6</length>
<class>AAA_Estimate_Person</class>
<attribute>
<name>Canonical</name>
<value>МАССУХ</value>
</attribute>
</entry>
<entry>
<id>9</id>
<offset>1688</offset>
<length>7</length>
<class>AAA_Estimate_Person</class>
<attribute>
<name>Canonical</name>
<value>ЯКУНИН</value>
</attribute>
</entry>
<entry>
<id>10</id>
<offset>2232</offset>
<length>16</length>
<class>AAA_Estimate_Person</class>
<attribute>
<name>Canonical</name>
<value>ДМИТРИЙ МЕДВЕДЕВ</value>
</attribute>
</entry>
<entry>
<id>11</id>
<offset>2258</offset>
<length>19</length>
<class>AAA_Estimate_Person</class>
<attribute>
<name>Canonical</name>
<value>АЛЕКСАНДР МИШАРИН</value>
</attribute>
</entry>
</markup>
