﻿<markup>
<entry>
<id>1</id>
<offset>207</offset>
<length>20</length>
<class>AAA_Estimate_Person</class>
<attribute>
<name>Canonical</name>
<value>МАКСИМ МАЛАХОВСКИЙ</value>
</attribute>
</entry>
<entry>
<id>2</id>
<offset>362</offset>
<length>13</length>
<class>AAA_Estimate_Person</class>
<attribute>
<name>Canonical</name>
<value>М МАЛАХОВСКИЙ</value>
</attribute>
</entry>
<entry>
<id>3</id>
<offset>650</offset>
<length>13</length>
<class>AAA_Estimate_Person</class>
<attribute>
<name>Canonical</name>
<value>М МАЛАХОВСКИЙ</value>
</attribute>
</entry>
<entry>
<id>4</id>
<offset>1242</offset>
<length>14</length>
<class>AAA_Estimate_Person</class>
<attribute>
<name>Canonical</name>
<value>М МАЛАХОВСКИЙ</value>
</attribute>
</entry>
<entry>
<id>5</id>
<offset>1333</offset>
<length>13</length>
<class>AAA_Estimate_Person</class>
<attribute>
<name>Canonical</name>
<value>М МАЛАХОВСКИЙ</value>
</attribute>
</entry>
<entry>
<id>6</id>
<offset>1620</offset>
<length>13</length>
<class>AAA_Estimate_Person</class>
<attribute>
<name>Canonical</name>
<value>М МАЛАХОВСКИЙ</value>
</attribute>
</entry>
</markup>
