﻿<markup>
<entry>
<id>1</id>
<offset>1029</offset>
<length>14</length>
<class>AAA_Estimate_Person</class>
<attribute>
<name>Canonical</name>
<value>НИКОЛАЙ ИВАНОВ</value>
</attribute>
</entry>
<entry>
<id>2</id>
<offset>1743</offset>
<length>16</length>
<class>AAA_Estimate_Person</class>
<attribute>
<name>Canonical</name>
<value>НИКОЛАЙ МАРЧЕНКО</value>
</attribute>
</entry>
<entry>
<id>3</id>
<offset>2283</offset>
<length>15</length>
<class>AAA_Estimate_Person</class>
<attribute>
<name>Canonical</name>
<value>ОКСАНА МИНЗЕНЮК</value>
</attribute>
</entry>
<entry>
<id>4</id>
<offset>3215</offset>
<length>15</length>
<class>AAA_Estimate_Person</class>
<attribute>
<name>Canonical</name>
<value>ОКСАНА МИНЗЕНЮК</value>
</attribute>
</entry>
</markup>
