﻿<markup>
<entry>
<id>1</id>
<offset>122</offset>
<length>16</length>
<class>AAA_Estimate_Person</class>
<attribute>
<name>Canonical</name>
<value>ЛЕХ КАЧИНЬСКИЙ</value>
</attribute>
</entry>
<entry>
<id>2</id>
<offset>186</offset>
<length>23</length>
<class>AAA_Estimate_Person</class>
<attribute>
<name>Canonical</name>
<value>БРОНИСЛАВ КОМОРОВСКИЙ</value>
</attribute>
</entry>
<entry>
<id>3</id>
<offset>481</offset>
<length>10</length>
<class>AAA_Estimate_Person</class>
<attribute>
<name>Canonical</name>
<value>КАЧИНЬСКИЙ</value>
</attribute>
</entry>
<entry>
<id>4</id>
<offset>747</offset>
<length>10</length>
<class>AAA_Estimate_Person</class>
<attribute>
<name>Canonical</name>
<value>КАЧИНЬСКИЙ</value>
</attribute>
</entry>
</markup>
