﻿<markup>
<entry>
<id>1</id>
<offset>145</offset>
<length>20</length>
<class>AAA_Estimate_Person</class>
<attribute>
<name>Canonical</name>
<value>ВЛАДИСЛАВ СКВОРЦОВ</value>
</attribute>
</entry>
<entry>
<id>2</id>
<offset>336</offset>
<length>18</length>
<class>AAA_Estimate_Person</class>
<attribute>
<name>Canonical</name>
<value>ВЛАДИСЛАВ СКВОРЦОВ</value>
</attribute>
</entry>
<entry>
<id>5</id>
<offset>537</offset>
<length>19</length>
<class>AAA_Estimate_Person</class>
<attribute>
<name>Canonical</name>
<value>МИХАИЛ ПУЧКОВСКИЙ</value>
</attribute>
</entry>
<entry>
<id>4</id>
<offset>592</offset>
<length>8</length>
<class>AAA_Estimate_Person</class>
<attribute>
<name>Canonical</name>
<value>СКВОРЦОВ</value>
</attribute>
</entry>
<entry>
<id>6</id>
<offset>790</offset>
<length>19</length>
<class>AAA_Estimate_Person</class>
<attribute>
<name>Canonical</name>
<value>АЛЕКСЕЙ КУЗЬМИЦКИЙ</value>
</attribute>
</entry>
<entry>
<id>7</id>
<offset>838</offset>
<length>20</length>
<class>AAA_Estimate_Person</class>
<attribute>
<name>Canonical</name>
<value>ВЛАДИСЛАВ ВАСИЛЬЕВИЧ</value>
</attribute>
</entry>
<entry>
<id>8</id>
<offset>999</offset>
<length>16</length>
<class>AAA_Estimate_Person</class>
<attribute>
<name>Canonical</name>
<value>БОРИС НЕВЗОРОВ</value>
</attribute>
</entry>
<entry>
<id>3</id>
<offset>1088</offset>
<length>18</length>
<class>AAA_Estimate_Person</class>
<attribute>
<name>Canonical</name>
<value>ВЛАДИСЛАВ СКВОРЦОВ</value>
</attribute>
</entry>
<entry>
<id>9</id>
<offset>1393</offset>
<length>15</length>
<class>AAA_Estimate_Person</class>
<attribute>
<name>Canonical</name>
<value>АНДРЕЙ ВОРОБЬЕВ</value>
</attribute>
</entry>
<entry>
<id>10</id>
<offset>1569</offset>
<length>12</length>
<class>AAA_Estimate_Person</class>
<attribute>
<name>Canonical</name>
<value>ЮРИЙ ЧУМИЧЕВ</value>
</attribute>
</entry>
<entry>
<id>11</id>
<offset>2057</offset>
<length>16</length>
<class>AAA_Estimate_Person</class>
<attribute>
<name>Canonical</name>
<value>СЕРГЕЙ ЧЕРНЫШЕВ</value>
</attribute>
</entry>
<entry>
<id>13</id>
<offset>2220</offset>
<length>14</length>
<class>AAA_Estimate_Person</class>
<attribute>
<name>Canonical</name>
<value>ВИТАЛИЙ БОРЦОВ</value>
</attribute>
</entry>
<entry>
<id>14</id>
<offset>2330</offset>
<length>14</length>
<class>AAA_Estimate_Person</class>
<attribute>
<name>Canonical</name>
<value>ВИТАЛИЙ БОРЦОВ</value>
</attribute>
</entry>
<entry>
<id>15</id>
<offset>2347</offset>
<length>20</length>
<class>AAA_Estimate_Person</class>
<attribute>
<name>Canonical</name>
<value>АЛЬБЕРТ ВЕРЕТЕННИКОВ</value>
</attribute>
</entry>
<entry>
<id>12</id>
<offset>2498</offset>
<length>8</length>
<class>AAA_Estimate_Person</class>
<attribute>
<name>Canonical</name>
<value>ЧЕРНЫШЕВ</value>
</attribute>
</entry>
<entry>
<id>16</id>
<offset>2634</offset>
<length>14</length>
<class>AAA_Estimate_Person</class>
<attribute>
<name>Canonical</name>
<value>СЕРГЕЙ ГОДУНИН</value>
</attribute>
</entry>
<entry>
<id>17</id>
<offset>2852</offset>
<length>7</length>
<class>AAA_Estimate_Person</class>
<attribute>
<name>Canonical</name>
<value>ГОДУНИН</value>
</attribute>
</entry>
<entry>
<id>18</id>
<offset>3186</offset>
<length>7</length>
<class>AAA_Estimate_Person</class>
<attribute>
<name>Canonical</name>
<value>ГОДУНИН</value>
</attribute>
</entry>
<entry>
<id>20</id>
<offset>3261</offset>
<length>13</length>
<class>AAA_Estimate_Person</class>
<attribute>
<name>Canonical</name>
<value>МИХАИЛ ИВАНОВ</value>
</attribute>
</entry>
<entry>
<id>19</id>
<offset>3430</offset>
<length>14</length>
<class>AAA_Estimate_Person</class>
<attribute>
<name>Canonical</name>
<value>СЕРГЕЙ ГОДУНИН</value>
</attribute>
</entry>
<entry>
<id>21</id>
<offset>3484</offset>
<length>21</length>
<class>AAA_Estimate_Person</class>
<attribute>
<name>Canonical</name>
<value>НИКОЛАЙ ВИНОГРАДОВ</value>
</attribute>
</entry>
<entry>
<id>22</id>
<offset>3696</offset>
<length>7</length>
<class>AAA_Estimate_Person</class>
<attribute>
<name>Canonical</name>
<value>ГОДУНИН</value>
</attribute>
</entry>
<entry>
<id>23</id>
<offset>3773</offset>
<length>17</length>
<class>AAA_Estimate_Person</class>
<attribute>
<name>Canonical</name>
<value>ОКСАНА ГОНЧАРЕНКО</value>
</attribute>
</entry>
</markup>
