﻿<markup>
<entry>
<id>1</id>
<offset>156</offset>
<length>12</length>
<class>AAA_Estimate_Person</class>
<attribute>
<name>Canonical</name>
<value>ИЛЬЯС МАМАЕВ</value>
</attribute>
</entry>
<entry>
<id>2</id>
<offset>325</offset>
<length>19</length>
<class>AAA_Estimate_Person</class>
<attribute>
<name>Canonical</name>
<value>РАМАЗАН АБДУЛАТИПОВ</value>
</attribute>
</entry>
<entry>
<id>3</id>
<offset>483</offset>
<length>15</length>
<class>AAA_Estimate_Person</class>
<attribute>
<name>Canonical</name>
<value>ТАНКА ИБРАГИМОВ</value>
</attribute>
</entry>
<entry>
<id>4</id>
<offset>619</offset>
<length>24</length>
<class>AAA_Estimate_Person</class>
<attribute>
<name>Canonical</name>
<value>МАГОМЕДСАЛАМ МАГОМЕДОВ</value>
</attribute>
</entry>
<entry>
<id>5</id>
<offset>755</offset>
<length>19</length>
<class>AAA_Estimate_Person</class>
<attribute>
<name>Canonical</name>
<value>РАМАЗАН АБДУЛАТИПОВ</value>
</attribute>
</entry>
<entry>
<id>6</id>
<offset>1322</offset>
<length>15</length>
<class>AAA_Estimate_Person</class>
<attribute>
<name>Canonical</name>
<value>ТАНКА ИБРАГИМОВ</value>
</attribute>
</entry>
<entry>
<id>7</id>
<offset>1398</offset>
<length>12</length>
<class>AAA_Estimate_Person</class>
<attribute>
<name>Canonical</name>
<value>ИЛЬЯС МАМАЕВ</value>
</attribute>
</entry>
<entry>
<id>8</id>
<offset>1461</offset>
<length>12</length>
<class>AAA_Estimate_Person</class>
<attribute>
<name>Canonical</name>
<value>АБДУЛАТИПОВ</value>
</attribute>
</entry>
<entry>
<id>9</id>
<offset>1475</offset>
<length>7</length>
<class>AAA_Estimate_Person</class>
<attribute>
<name>Canonical</name>
<value>МАМАЕВ</value>
</attribute>
</entry>
</markup>
