﻿<markup>
<entry>
<id>1</id>
<offset>218</offset>
<length>32</length>
<class>AAA_Estimate_Person</class>
<attribute>
<name>Canonical</name>
<value>ДАГ ЯЛЬМАР АГНЕ КАРЛ ХАММАРШЕЛЬД</value>
</attribute>
</entry>
<entry>
<id>2</id>
<offset>408</offset>
<length>13</length>
<class>AAA_Estimate_Person</class>
<attribute>
<name>Canonical</name>
<value>ХАММАРШЕЛЬД</value>
</attribute>
</entry>
<entry>
<id>3</id>
<offset>547</offset>
<length>22</length>
<class>AAA_Estimate_Person</class>
<attribute>
<name>Canonical</name>
<value>РЕНЕ БАРЬЕНТОС ОРТУНЬО</value>
</attribute>
</entry>
<entry>
<id>4</id>
<offset>698</offset>
<length>11</length>
<class>AAA_Estimate_Person</class>
<attribute>
<name>Canonical</name>
<value>МАО ЦЗЭДУН</value>
</attribute>
</entry>
<entry>
<id>5</id>
<offset>747</offset>
<length>8</length>
<class>AAA_Estimate_Person</class>
<attribute>
<name>Canonical</name>
<value>ЛИНЬ БЯО</value>
</attribute>
</entry>
<entry>
<id>6</id>
<offset>777</offset>
<length>4</length>
<class>AAA_Estimate_Person</class>
<attribute>
<name>Canonical</name>
<value>ЛИНЬ</value>
</attribute>
</entry>
<entry>
<id>7</id>
<offset>1001</offset>
<length>13</length>
<class>AAA_Estimate_Person</class>
<attribute>
<name>Canonical</name>
<value>ОМАР ТОРРИХОС</value>
</attribute>
</entry>
<entry>
<id>8</id>
<offset>1038</offset>
<length>21</length>
<class>AAA_Estimate_Person</class>
<attribute>
<name>Canonical</name>
<value>ХАЙМЕ РОЛЬДОС АГИЛЕРА</value>
</attribute>
</entry>
<entry>
<id>9</id>
<offset>1163</offset>
<length>8</length>
<class>AAA_Estimate_Person</class>
<attribute>
<name>Canonical</name>
<value>РОЛЬДОС</value>
</attribute>
</entry>
<entry>
<id>10</id>
<offset>1384</offset>
<length>12</length>
<class>AAA_Estimate_Person</class>
<attribute>
<name>Canonical</name>
<value>САМОРА МАШЕЛ</value>
</attribute>
</entry>
<entry>
<id>11</id>
<offset>1891</offset>
<length>20</length>
<class>AAA_Estimate_Person</class>
<attribute>
<name>Canonical</name>
<value>ЗИЯ-УЛЬ-ХАК МОХАММАД</value>
</attribute>
</entry>
<entry>
<id>12</id>
<offset>2148</offset>
<length>14</length>
<class>AAA_Estimate_Person</class>
<attribute>
<name>Canonical</name>
<value>АРНОЛЬД РЕЙФЕЛ</value>
</attribute>
</entry>
<entry>
<id>13</id>
<offset>2211</offset>
<length>14</length>
<class>AAA_Estimate_Person</class>
<attribute>
<name>Canonical</name>
<value>ГЕРБЕРТ УОССОМ</value>
</attribute>
</entry>
<entry>
<id>14</id>
<offset>2269</offset>
<length>7</length>
<class>AAA_Estimate_Person</class>
<attribute>
<name>Canonical</name>
<value>УОССОМ</value>
</attribute>
</entry>
<entry>
<id>15</id>
<offset>2281</offset>
<length>11</length>
<class>AAA_Estimate_Person</class>
<attribute>
<name>Canonical</name>
<value>ЗИЯ-УЛЬ-ХАК</value>
</attribute>
</entry>
<entry>
<id>16</id>
<offset>2650</offset>
<length>18</length>
<class>AAA_Estimate_Person</class>
<attribute>
<name>Canonical</name>
<value>КИПРИЕН НАТРИАМИРА</value>
</attribute>
</entry>
<entry>
<id>17</id>
<offset>2688</offset>
<length>20</length>
<class>AAA_Estimate_Person</class>
<attribute>
<name>Canonical</name>
<value>ЖУВЕНАЛЬ ХАБЬЯРИМАНА</value>
</attribute>
</entry>
<entry>
<id>18</id>
<offset>2993</offset>
<length>15</length>
<class>AAA_Estimate_Person</class>
<attribute>
<name>Canonical</name>
<value>АБДЕРАХМАН ДАДИ</value>
</attribute>
</entry>
<entry>
<id>19</id>
<offset>3033</offset>
<length>16</length>
<class>AAA_Estimate_Person</class>
<attribute>
<name>Canonical</name>
<value>АЛИ АХМЕД ЛАМИНЭ</value>
</attribute>
</entry>
<entry>
<id>21</id>
<offset>3203</offset>
<length>7</length>
<class>AAA_Estimate_Person</class>
<attribute>
<name>Canonical</name>
<value>ПРЕКШЬЯ</value>
</attribute>
</entry>
<entry>
<id>22</id>
<offset>3468</offset>
<length>19</length>
<class>AAA_Estimate_Person</class>
<attribute>
<name>Canonical</name>
<value>ИБРАГИМ ШАМСУДДИН</value>
</attribute>
</entry>
<entry>
<id>23</id>
<offset>3819</offset>
<length>17</length>
<class>AAA_Estimate_Person</class>
<attribute>
<name>Canonical</name>
<value>БОРИС ТРАЙКОВСКИЙ</value>
</attribute>
</entry>
<entry>
<id>24</id>
<offset>3971</offset>
<length>11</length>
<class>AAA_Estimate_Person</class>
<attribute>
<name>Canonical</name>
<value>ТРАЙКОВСКИЙ</value>
</attribute>
</entry>
<entry>
<id>25</id>
<offset>4237</offset>
<length>11</length>
<class>AAA_Estimate_Person</class>
<attribute>
<name>Canonical</name>
<value>ДЖОН ГАРАНГ</value>
</attribute>
</entry>
<entry>
<id>26</id>
<offset>4395</offset>
<length>14</length>
<class>AAA_Estimate_Person</class>
<attribute>
<name>Canonical</name>
<value>ЛЕХ КАЧИНЬСКИЙ</value>
</attribute>
</entry>
<entry>
<id>27</id>
<offset>4432</offset>
<length>16</length>
<class>AAA_Estimate_Person</class>
<attribute>
<name>Canonical</name>
<value>МАРИЯ КАЧИНЬСКАЯ</value>
</attribute>
</entry>
<entry>
<id>28</id>
<offset>4488</offset>
<length>18</length>
<class>AAA_Estimate_Person</class>
<attribute>
<name>Canonical</name>
<value>РЫШРАД КАЧОРОВСКИЙ</value>
</attribute>
</entry>
<entry>
<id>29</id>
<offset>4544</offset>
<length>12</length>
<class>AAA_Estimate_Person</class>
<attribute>
<name>Canonical</name>
<value>ЯНУШ КУРТЫКА</value>
</attribute>
</entry>
<entry>
<id>30</id>
<offset>4583</offset>
<length>17</length>
<class>AAA_Estimate_Person</class>
<attribute>
<name>Canonical</name>
<value>ЕЖИ ШМАЙДЗИНЬСКИЙ</value>
</attribute>
</entry>
<entry>
<id>31</id>
<offset>4644</offset>
<length>16</length>
<class>AAA_Estimate_Person</class>
<attribute>
<name>Canonical</name>
<value>ВЛАДЫСЛАВ СТАСЯК</value>
</attribute>
</entry>
<entry>
<id>32</id>
<offset>4706</offset>
<length>15</length>
<class>AAA_Estimate_Person</class>
<attribute>
<name>Canonical</name>
<value>АЛЕКСАНДР ЩИГЛО</value>
</attribute>
</entry>
<entry>
<id>33</id>
<offset>4756</offset>
<length>11</length>
<class>AAA_Estimate_Person</class>
<attribute>
<name>Canonical</name>
<value>ПАВЕЛ ВЫПЫХ</value>
</attribute>
</entry>
<entry>
<id>34</id>
<offset>4770</offset>
<length>15</length>
<class>AAA_Estimate_Person</class>
<attribute>
<name>Canonical</name>
<value>МАРИУШ ХАНДЗЛИК</value>
</attribute>
</entry>
<entry>
<id>35</id>
<offset>4865</offset>
<length>16</length>
<class>AAA_Estimate_Person</class>
<attribute>
<name>Canonical</name>
<value>АНДЖЕЙ ПШЕВОЗНИК</value>
</attribute>
</entry>
<entry>
<id>36</id>
<offset>4912</offset>
<length>13</length>
<class>AAA_Estimate_Person</class>
<attribute>
<name>Canonical</name>
<value>АНДЖЕЙ КРЕМЕР</value>
</attribute>
</entry>
<entry>
<id>37</id>
<offset>4973</offset>
<length>16</length>
<class>AAA_Estimate_Person</class>
<attribute>
<name>Canonical</name>
<value>ФРАНТИШЕК ГОНГОР</value>
</attribute>
</entry>
<entry>
<id>38</id>
<offset>5031</offset>
<length>16</length>
<class>AAA_Estimate_Person</class>
<attribute>
<name>Canonical</name>
<value>СЛАВОМИР СКШИПЕК</value>
</attribute>
</entry>
<entry>
<id>39</id>
<offset>5081</offset>
<length>19</length>
<class>AAA_Estimate_Person</class>
<attribute>
<name>Canonical</name>
<value>ПШЕМЫСЛАВ ГОСЕВСКИЙ</value>
</attribute>
</entry>
<entry>
<id>40</id>
<offset>5102</offset>
<length>17</length>
<class>AAA_Estimate_Person</class>
<attribute>
<name>Canonical</name>
<value>ЗБИГНЕВ ВАССЕРМАН</value>
</attribute>
</entry>
<entry>
<id>41</id>
<offset>5121</offset>
<length>21</length>
<class>AAA_Estimate_Person</class>
<attribute>
<name>Canonical</name>
<value>ИОЛАНТА ШЫМАНЕК-ДЕРЕШ</value>
</attribute>
</entry>
<entry>
<id>42</id>
<offset>5145</offset>
<length>22</length>
<class>AAA_Estimate_Person</class>
<attribute>
<name>Canonical</name>
<value>ИЗАБЕЛЛА ЯРУГА-НОВАЦКА</value>
</attribute>
</entry>
</markup>
