﻿<markup>
<entry>
<id>1</id>
<offset>8</offset>
<length>8</length>
<class>AAA_Estimate_Person</class>
<attribute>
<name>Canonical</name>
<value>БУРМАТОВ</value>
</attribute>
</entry>
<entry>
<id>2</id>
<offset>86</offset>
<length>17</length>
<class>AAA_Estimate_Person</class>
<attribute>
<name>Canonical</name>
<value>ВЛАДИМИР БУРМАТОВ</value>
</attribute>
</entry>
<entry>
<id>3</id>
<offset>265</offset>
<length>13</length>
<class>AAA_Estimate_Person</class>
<attribute>
<name>Canonical</name>
<value>ИНЕССА ЗЕМЛЕР</value>
</attribute>
</entry>
<entry>
<id>4</id>
<offset>401</offset>
<length>6</length>
<class>AAA_Estimate_Person</class>
<attribute>
<name>Canonical</name>
<value>ЗЕМЛЕР</value>
</attribute>
</entry>
<entry>
<id>11</id>
<offset>472</offset>
<length>8</length>
<class>AAA_Estimate_Person</class>
<attribute>
<name>Canonical</name>
<value>БУРМАТОВ</value>
</attribute>
</entry>
<entry>
<id>5</id>
<offset>673</offset>
<length>8</length>
<class>AAA_Estimate_Person</class>
<attribute>
<name>Canonical</name>
<value>БУРМАТОВ</value>
</attribute>
</entry>
<entry>
<id>6</id>
<offset>794</offset>
<length>8</length>
<class>AAA_Estimate_Person</class>
<attribute>
<name>Canonical</name>
<value>БУРМАТОВ</value>
</attribute>
</entry>
<entry>
<id>7</id>
<offset>953</offset>
<length>9</length>
<class>AAA_Estimate_Person</class>
<attribute>
<name>Canonical</name>
<value>БУРМАТОВ</value>
</attribute>
</entry>
<entry>
<id>8</id>
<offset>1156</offset>
<length>8</length>
<class>AAA_Estimate_Person</class>
<attribute>
<name>Canonical</name>
<value>БУРМАТОВ</value>
</attribute>
</entry>
<entry>
<id>9</id>
<offset>1173</offset>
<length>12</length>
<class>AAA_Estimate_Person</class>
<attribute>
<name>Canonical</name>
<value>ЮРИЙ ШЕВЧУК</value>
</attribute>
</entry>
<entry>
<id>10</id>
<offset>1400</offset>
<length>9</length>
<class>AAA_Estimate_Person</class>
<attribute>
<name>Canonical</name>
<value>БУРМАТОВ</value>
</attribute>
</entry>
</markup>
