﻿<markup>
<entry>
<id>2</id>
<offset>90</offset>
<length>13</length>
<class>AAA_Estimate_Person</class>
<attribute>
<name>Canonical</name>
<value>ВАДИМ СТАРКОВ</value>
</attribute>
</entry>
<entry>
<id>11</id>
<offset>275</offset>
<length>20</length>
<class>AAA_Estimate_Person</class>
<attribute>
<name>Canonical</name>
<value>МАКСИМ СЕРЕБРЕННИКОВ</value>
</attribute>
</entry>
<entry>
<id>3</id>
<offset>529</offset>
<length>15</length>
<class>AAA_Estimate_Person</class>
<attribute>
<name>Canonical</name>
<value>ВАДИМ СТАРКОВ</value>
</attribute>
</entry>
<entry>
<id>20</id>
<offset>712</offset>
<length>21</length>
<class>AAA_Estimate_Person</class>
<attribute>
<name>Canonical</name>
<value>АЛЕКСАНДР ПОНОМАРЕВ</value>
</attribute>
</entry>
<entry>
<id>8</id>
<offset>970</offset>
<length>7</length>
<class>AAA_Estimate_Person</class>
<attribute>
<name>Canonical</name>
<value>СТАРКОВ</value>
</attribute>
</entry>
<entry>
<id>10</id>
<offset>1335</offset>
<length>20</length>
<class>AAA_Estimate_Person</class>
<attribute>
<name>Canonical</name>
<value>МАКСИМ СЕРЕБРЕННИКОВ</value>
</attribute>
</entry>
<entry>
<id>4</id>
<offset>1400</offset>
<length>13</length>
<class>AAA_Estimate_Person</class>
<attribute>
<name>Canonical</name>
<value>ВАДИМ СТАРКОВ</value>
</attribute>
</entry>
<entry>
<id>9</id>
<offset>1484</offset>
<length>7</length>
<class>AAA_Estimate_Person</class>
<attribute>
<name>Canonical</name>
<value>СТАРКОВ</value>
</attribute>
</entry>
<entry>
<id>16</id>
<offset>1704</offset>
<length>13</length>
<class>AAA_Estimate_Person</class>
<attribute>
<name>Canonical</name>
<value>СЕРЕБРЕННИКОВ</value>
</attribute>
</entry>
<entry>
<id>1</id>
<offset>1864</offset>
<length>15</length>
<class>AAA_Estimate_Person</class>
<attribute>
<name>Canonical</name>
<value>ВАДИМ СТАРКОВ</value>
</attribute>
</entry>
<entry>
<id>12</id>
<offset>1966</offset>
<length>20</length>
<class>AAA_Estimate_Person</class>
<attribute>
<name>Canonical</name>
<value>МАКСИМ СЕРЕБРЕННИКОВ</value>
</attribute>
</entry>
<entry>
<id>17</id>
<offset>2210</offset>
<length>14</length>
<class>AAA_Estimate_Person</class>
<attribute>
<name>Canonical</name>
<value>СЕРЕБРЕННИКОВ</value>
</attribute>
</entry>
<entry>
<id>18</id>
<offset>2610</offset>
<length>13</length>
<class>AAA_Estimate_Person</class>
<attribute>
<name>Canonical</name>
<value>СЕРЕБРЕННИКОВ</value>
</attribute>
</entry>
<entry>
<id>5</id>
<offset>2700</offset>
<length>15</length>
<class>AAA_Estimate_Person</class>
<attribute>
<name>Canonical</name>
<value>ВАДИМ СТАРКОВ</value>
</attribute>
</entry>
<entry>
<id>6</id>
<offset>2867</offset>
<length>17</length>
<class>AAA_Estimate_Person</class>
<attribute>
<name>Canonical</name>
<value>ВАДИМ СТАРКОВ</value>
</attribute>
</entry>
<entry>
<id>21</id>
<offset>2923</offset>
<length>19</length>
<class>AAA_Estimate_Person</class>
<attribute>
<name>Canonical</name>
<value>АЛЕКСАНДР ХУЗИН</value>
</attribute>
</entry>
<entry>
<id>13</id>
<offset>3086</offset>
<length>22</length>
<class>AAA_Estimate_Person</class>
<attribute>
<name>Canonical</name>
<value>МАКСИМ СЕРЕБРЕННИКОВ</value>
</attribute>
</entry>
<entry>
<id>23</id>
<offset>3119</offset>
<length>5</length>
<class>AAA_Estimate_Person</class>
<attribute>
<name>Canonical</name>
<value>ХУЗИН</value>
</attribute>
</entry>
<entry>
<id>7</id>
<offset>3242</offset>
<length>13</length>
<class>AAA_Estimate_Person</class>
<attribute>
<name>Canonical</name>
<value>ВАДИМ СТАРКОВ</value>
</attribute>
</entry>
<entry>
<id>19</id>
<offset>3456</offset>
<length>13</length>
<class>AAA_Estimate_Person</class>
<attribute>
<name>Canonical</name>
<value>СЕРЕБРЕННИКОВ</value>
</attribute>
</entry>
<entry>
<id>22</id>
<offset>3474</offset>
<length>15</length>
<class>AAA_Estimate_Person</class>
<attribute>
<name>Canonical</name>
<value>АЛЕКСАНДР ХУЗИН</value>
</attribute>
</entry>
<entry>
<id>24</id>
<offset>3611</offset>
<length>21</length>
<class>AAA_Estimate_Person</class>
<attribute>
<name>Canonical</name>
<value>ДМИТРИЙ СЕРЕБРЕННИКОВ</value>
</attribute>
</entry>
<entry>
<id>14</id>
<offset>3663</offset>
<length>22</length>
<class>AAA_Estimate_Person</class>
<attribute>
<name>Canonical</name>
<value>МАКСИМ СЕРЕБРЕННИКОВ</value>
</attribute>
</entry>
<entry>
<id>15</id>
<offset>3801</offset>
<length>20</length>
<class>AAA_Estimate_Person</class>
<attribute>
<name>Canonical</name>
<value>МАКСИМ СЕРЕБРЕННИКОВ</value>
</attribute>
</entry>
<entry>
<id>25</id>
<offset>4031</offset>
<length>10</length>
<class>AAA_Estimate_Person</class>
<attribute>
<name>Canonical</name>
<value>ПОНОМАРЕВ</value>
</attribute>
</entry>
<entry>
<id>26</id>
<offset>4308</offset>
<length>17</length>
<class>AAA_Estimate_Person</class>
<attribute>
<name>Canonical</name>
<value>АНДРЕЙ БЕЛЬЯНСКИЙ</value>
</attribute>
</entry>
</markup>
