﻿<markup>
<entry>
<id>1</id>
<offset>135</offset>
<length>17</length>
<class>AAA_Estimate_Person</class>
<attribute>
<name>Canonical</name>
<value>ВЛАДИМИР СЕМАШКО</value>
</attribute>
</entry>
<entry>
<id>2</id>
<offset>186</offset>
<length>20</length>
<class>AAA_Estimate_Person</class>
<attribute>
<name>Canonical</name>
<value>АРКАДИЙ ДВОРКОВИЧ</value>
</attribute>
</entry>
<entry>
<id>3</id>
<offset>246</offset>
<length>16</length>
<class>AAA_Estimate_Person</class>
<attribute>
<name>Canonical</name>
<value>СЕРГЕЙ КИРИЕНКО</value>
</attribute>
</entry>
<entry>
<id>4</id>
<offset>303</offset>
<length>17</length>
<class>AAA_Estimate_Person</class>
<attribute>
<name>Canonical</name>
<value>АЛЕКСЕЙ МИЛЛЕР</value>
</attribute>
</entry>
<entry>
<id>5</id>
<offset>395</offset>
<length>7</length>
<class>AAA_Estimate_Person</class>
<attribute>
<name>Canonical</name>
<value>СЕМАШКО</value>
</attribute>
</entry>
<entry>
<id>6</id>
<offset>405</offset>
<length>11</length>
<class>AAA_Estimate_Person</class>
<attribute>
<name>Canonical</name>
<value>ДВОРКОВИЧ</value>
</attribute>
</entry>
<entry>
<id>7</id>
<offset>789</offset>
<length>7</length>
<class>AAA_Estimate_Person</class>
<attribute>
<name>Canonical</name>
<value>СЕМАШКО</value>
</attribute>
</entry>
<entry>
<id>8</id>
<offset>799</offset>
<length>8</length>
<class>AAA_Estimate_Person</class>
<attribute>
<name>Canonical</name>
<value>КИРИЕНКО</value>
</attribute>
</entry>
<entry>
<id>9</id>
<offset>1096</offset>
<length>7</length>
<class>AAA_Estimate_Person</class>
<attribute>
<name>Canonical</name>
<value>СЕМАШКО</value>
</attribute>
</entry>
<entry>
<id>10</id>
<offset>1124</offset>
<length>17</length>
<class>AAA_Estimate_Person</class>
<attribute>
<name>Canonical</name>
<value>ВЛАДИМИР ПОТУПЧИК</value>
</attribute>
</entry>
<entry>
<id>11</id>
<offset>1231</offset>
<length>12</length>
<class>AAA_Estimate_Person</class>
<attribute>
<name>Canonical</name>
<value>СЕРГЕЙ ШУХНО</value>
</attribute>
</entry>
<entry>
<id>12</id>
<offset>1298</offset>
<length>14</length>
<class>AAA_Estimate_Person</class>
<attribute>
<name>Canonical</name>
<value>ОЛЕГ ТАБАНЮХОВ</value>
</attribute>
</entry>
</markup>
