﻿<markup>
<entry>
<id>1</id>
<offset>27</offset>
<length>8</length>
<class>AAA_Estimate_Person</class>
<attribute>
<name>Canonical</name>
<value>ЛЕВИЧЕВ</value>
</attribute>
</entry>
<entry>
<id>2</id>
<offset>64</offset>
<length>7</length>
<class>AAA_Estimate_Person</class>
<attribute>
<name>Canonical</name>
<value>ЛЕВИЧЕВ</value>
</attribute>
</entry>
<entry>
<id>3</id>
<offset>206</offset>
<length>15</length>
<class>AAA_Estimate_Person</class>
<attribute>
<name>Canonical</name>
<value>НИКОЛАЙ ЛЕВИЧЕВ</value>
</attribute>
</entry>
<entry>
<id>4</id>
<offset>295</offset>
<length>16</length>
<class>AAA_Estimate_Person</class>
<attribute>
<name>Canonical</name>
<value>НИКОЛАЙ ЛЕВИЧЕВ</value>
</attribute>
</entry>
<entry>
<id>5</id>
<offset>541</offset>
<length>8</length>
<class>AAA_Estimate_Person</class>
<attribute>
<name>Canonical</name>
<value>ЛЕВИЧЕВ</value>
</attribute>
</entry>
<entry>
<id>6</id>
<offset>582</offset>
<length>7</length>
<class>AAA_Estimate_Person</class>
<attribute>
<name>Canonical</name>
<value>ЛЕВИЧЕВ</value>
</attribute>
</entry>
<entry>
<id>7</id>
<offset>919</offset>
<length>7</length>
<class>AAA_Estimate_Person</class>
<attribute>
<name>Canonical</name>
<value>ЛЕВИЧЕВ</value>
</attribute>
</entry>
<entry>
<id>8</id>
<offset>1151</offset>
<length>7</length>
<class>AAA_Estimate_Person</class>
<attribute>
<name>Canonical</name>
<value>ЛЕВИЧЕВ</value>
</attribute>
</entry>
<entry>
<id>9</id>
<offset>1176</offset>
<length>14</length>
<class>AAA_Estimate_Person</class>
<attribute>
<name>Canonical</name>
<value>ВЛАДИМИР ПУТИН</value>
</attribute>
</entry>
<entry>
<id>10</id>
<offset>1240</offset>
<length>15</length>
<class>AAA_Estimate_Person</class>
<attribute>
<name>Canonical</name>
<value>СЕРГЕЙ СОБЯНИН</value>
</attribute>
</entry>
<entry>
<id>11</id>
<offset>1464</offset>
<length>15</length>
<class>AAA_Estimate_Person</class>
<attribute>
<name>Canonical</name>
<value>МИХАИЛ ДЕГТЯРЕВ</value>
</attribute>
</entry>
<entry>
<id>12</id>
<offset>1491</offset>
<length>14</length>
<class>AAA_Estimate_Person</class>
<attribute>
<name>Canonical</name>
<value>ИВАН МЕЛЬНИКОВ</value>
</attribute>
</entry>
<entry>
<id>13</id>
<offset>1528</offset>
<length>15</length>
<class>AAA_Estimate_Person</class>
<attribute>
<name>Canonical</name>
<value>СЕРГЕЙ МИТРОХИН</value>
</attribute>
</entry>
<entry>
<id>14</id>
<offset>1558</offset>
<length>17</length>
<class>AAA_Estimate_Person</class>
<attribute>
<name>Canonical</name>
<value>АЛЕКСЕЙ НАВАЛЬНЫЙ</value>
</attribute>
</entry>
<entry>
<id>15</id>
<offset>1593</offset>
<length>16</length>
<class>AAA_Estimate_Person</class>
<attribute>
<name>Canonical</name>
<value>СВЕТЛАНА ПЕУНОВА</value>
</attribute>
</entry>
<entry>
<id>16</id>
<offset>1644</offset>
<length>7</length>
<class>AAA_Estimate_Person</class>
<attribute>
<name>Canonical</name>
<value>СОБЯНИН</value>
</attribute>
</entry>
<entry>
<id>17</id>
<offset>1658</offset>
<length>15</length>
<class>AAA_Estimate_Person</class>
<attribute>
<name>Canonical</name>
<value>НИКОЛАЙ ЛЕВИЧЕВ</value>
</attribute>
</entry>
<entry>
<id>18</id>
<offset>1683</offset>
<length>17</length>
<class>AAA_Estimate_Person</class>
<attribute>
<name>Canonical</name>
<value>СЕРГЕЙ МИРОНОВ</value>
</attribute>
</entry>
<entry>
<id>19</id>
<offset>1989</offset>
<length>7</length>
<class>AAA_Estimate_Person</class>
<attribute>
<name>Canonical</name>
<value>ЛЕВИЧЕВ</value>
</attribute>
</entry>
<entry>
<id>20</id>
<offset>2027</offset>
<length>8</length>
<class>AAA_Estimate_Person</class>
<attribute>
<name>Canonical</name>
<value>МИРОНОВ</value>
</attribute>
</entry>
<entry>
<id>28</id>
<offset>2271</offset>
<length>15</length>
<class>AAA_Estimate_Person</class>
<attribute>
<name>Canonical</name>
<value>НИКОЛАЙ ЛЕВИЧЕВ</value>
</attribute>
</entry>
<entry>
<id>21</id>
<offset>2551</offset>
<length>16</length>
<class>AAA_Estimate_Person</class>
<attribute>
<name>Canonical</name>
<value>СВЕТЛАНА ПЕУНОВА</value>
</attribute>
</entry>
<entry>
<id>22</id>
<offset>2582</offset>
<length>17</length>
<class>AAA_Estimate_Person</class>
<attribute>
<name>Canonical</name>
<value>АЛЕКСЕЙ НАВАЛЬНЫЙ</value>
</attribute>
</entry>
<entry>
<id>23</id>
<offset>2625</offset>
<length>15</length>
<class>AAA_Estimate_Person</class>
<attribute>
<name>Canonical</name>
<value>МИХАИЛ ДЕГТЯРЕВ</value>
</attribute>
</entry>
<entry>
<id>24</id>
<offset>2657</offset>
<length>15</length>
<class>AAA_Estimate_Person</class>
<attribute>
<name>Canonical</name>
<value>СЕРГЕЙ МИТРОХИН</value>
</attribute>
</entry>
<entry>
<id>25</id>
<offset>2689</offset>
<length>15</length>
<class>AAA_Estimate_Person</class>
<attribute>
<name>Canonical</name>
<value>СЕРГЕЙ ТРОИЦКИЙ</value>
</attribute>
</entry>
<entry>
<id>26</id>
<offset>2772</offset>
<length>14</length>
<class>AAA_Estimate_Person</class>
<attribute>
<name>Canonical</name>
<value>СЕРГЕЙ СОБЯНИН</value>
</attribute>
</entry>
<entry>
<id>27</id>
<offset>2889</offset>
<length>15</length>
<class>AAA_Estimate_Person</class>
<attribute>
<name>Canonical</name>
<value>СЕРГЕЙ СОБЯНИН</value>
</attribute>
</entry>
</markup>
