﻿<markup>
<entry>
<id>1</id>
<offset>116</offset>
<length>12</length>
<class>AAA_Estimate_Person</class>
<attribute>
<name>Canonical</name>
<value>ХАШИМ ТАЧИ</value>
</attribute>
</entry>
<entry>
<id>2</id>
<offset>573</offset>
<length>15</length>
<class>AAA_Estimate_Person</class>
<attribute>
<name>Canonical</name>
<value>ФАТМИР СЕЖДИУ</value>
</attribute>
</entry>
<entry>
<id>3</id>
<offset>664</offset>
<length>6</length>
<class>AAA_Estimate_Person</class>
<attribute>
<name>Canonical</name>
<value>Х ТАЧИ</value>
</attribute>
</entry>
<entry>
<id>4</id>
<offset>675</offset>
<length>8</length>
<class>AAA_Estimate_Person</class>
<attribute>
<name>Canonical</name>
<value>Ф СЕЖДИУ</value>
</attribute>
</entry>
<entry>
<id>5</id>
<offset>1132</offset>
<length>13</length>
<class>AAA_Estimate_Person</class>
<attribute>
<name>Canonical</name>
<value>ЯКУП КРАСНИЧИ</value>
</attribute>
</entry>
</markup>
