﻿<markup>
<entry>
<id>1</id>
<offset>2</offset>
<length>7</length>
<class>AItem</class>
<attribute>
<name>Canonical</name>
<value>СОБЯНИН</value>
</attribute>
</entry>
<entry>
<id>2</id>
<offset>100</offset>
<length>6</length>
<class>AAA_Estimate_Person</class>
<attribute>
<name>Canonical</name>
<value>ИСАЕВ</value>
</attribute>
</entry>
<entry>
<id>3</id>
<offset>261</offset>
<length>13</length>
<class>AAA_Estimate_Person</class>
<attribute>
<name>Canonical</name>
<value>АНДРЕЙ ИСАЕВ</value>
</attribute>
</entry>
<entry>
<id>4</id>
<offset>401</offset>
<length>13</length>
<class>AAA_Estimate_Person</class>
<attribute>
<name>Canonical</name>
<value>АНДРЕЙ ИСАЕВ</value>
</attribute>
</entry>
<entry>
<id>5</id>
<offset>680</offset>
<length>17</length>
<class>AAA_Estimate_Person</class>
<attribute>
<name>Canonical</name>
<value>АЛЕКСАНДР ГАЛУШКА</value>
</attribute>
</entry>
<entry>
<id>6</id>
<offset>902</offset>
<length>13</length>
<class>AAA_Estimate_Person</class>
<attribute>
<name>Canonical</name>
<value>АНДРЕЙ ИСАЕВ</value>
</attribute>
</entry>
<entry>
<id>7</id>
<offset>1057</offset>
<length>6</length>
<class>AAA_Estimate_Person</class>
<attribute>
<name>Canonical</name>
<value>ИСАЕВ</value>
</attribute>
</entry>
<entry>
<id>8</id>
<offset>1236</offset>
<length>7</length>
<class>AAA_Estimate_Person</class>
<attribute>
<name>Canonical</name>
<value>ГАЛУШКА</value>
</attribute>
</entry>
<entry>
<id>9</id>
<offset>1307</offset>
<length>6</length>
<class>AAA_Estimate_Person</class>
<attribute>
<name>Canonical</name>
<value>ИСАЕВ</value>
</attribute>
</entry>
<entry>
<id>10</id>
<offset>1315</offset>
<length>7</length>
<class>AAA_Estimate_Person</class>
<attribute>
<name>Canonical</name>
<value>ГАЛУШКА</value>
</attribute>
</entry>
<entry>
<id>11</id>
<offset>1442</offset>
<length>15</length>
<class>AAA_Estimate_Person</class>
<attribute>
<name>Canonical</name>
<value>СЕРГЕЙ ЖЕЛЕЗНЯК</value>
</attribute>
</entry>
<entry>
<id>12</id>
<offset>1540</offset>
<length>6</length>
<class>AAA_Estimate_Person</class>
<attribute>
<name>Canonical</name>
<value>ИСАЕВ</value>
</attribute>
</entry>
<entry>
<id>13</id>
<offset>1718</offset>
<length>28</length>
<class>AAA_Estimate_Person</class>
<attribute>
<name>Canonical</name>
<value>СЕРГЕЙ ЕВГЕНЬЕВИЧ НАРЫШКИН</value>
</attribute>
</entry>
<entry>
<id>14</id>
<offset>1839</offset>
<length>8</length>
<class>AAA_Estimate_Person</class>
<attribute>
<name>Canonical</name>
<value>ЖЕЛЕЗНЯК</value>
</attribute>
</entry>
<entry>
<id>15</id>
<offset>1882</offset>
<length>15</length>
<class>AAA_Estimate_Person</class>
<attribute>
<name>Canonical</name>
<value>СЕРГЕЙ НАРЫШКИН</value>
</attribute>
</entry>
</markup>
