﻿<markup>
<entry>
<id>1</id>
<offset>19</offset>
<length>16</length>
<class>AAA_Estimate_Person</class>
<attribute>
<name>Canonical</name>
<value>ГЕННАДИЙ ГУДКОВ</value>
</attribute>
</entry>
<entry>
<id>2</id>
<offset>126</offset>
<length>14</length>
<class>AAA_Estimate_Person</class>
<attribute>
<name>Canonical</name>
<value>КИРИЛЛ ЯНКОВ</value>
</attribute>
</entry>
<entry>
<id>3</id>
<offset>198</offset>
<length>7</length>
<class>AAA_Estimate_Person</class>
<attribute>
<name>Canonical</name>
<value>ГУДКОВ</value>
</attribute>
</entry>
<entry>
<id>4</id>
<offset>350</offset>
<length>16</length>
<class>AAA_Estimate_Person</class>
<attribute>
<name>Canonical</name>
<value>ГЕННАДИЙ ГУДКОВ</value>
</attribute>
</entry>
<entry>
<id>5</id>
<offset>592</offset>
<length>14</length>
<class>AAA_Estimate_Person</class>
<attribute>
<name>Canonical</name>
<value>КИРИЛЛ ЯНКОВ</value>
</attribute>
</entry>
<entry>
<id>6</id>
<offset>664</offset>
<length>7</length>
<class>AAA_Estimate_Person</class>
<attribute>
<name>Canonical</name>
<value>ГУДКОВ</value>
</attribute>
</entry>
<entry>
<id>7</id>
<offset>736</offset>
<length>6</length>
<class>AAA_Estimate_Person</class>
<attribute>
<name>Canonical</name>
<value>ГУДКОВ</value>
</attribute>
</entry>
<entry>
<id>8</id>
<offset>1167</offset>
<length>8</length>
<class>AAA_Estimate_Person</class>
<attribute>
<name>Canonical</name>
<value>ВОРОБЬЕВ</value>
</attribute>
</entry>
<entry>
<id>9</id>
<offset>1263</offset>
<length>12</length>
<class>AAA_Estimate_Person</class>
<attribute>
<name>Canonical</name>
<value>СЕРГЕЙ ШОЙГУ</value>
</attribute>
</entry>
</markup>
