﻿<markup>
<entry>
<id>1</id>
<offset>49</offset>
<length>15</length>
<class>AAA_Estimate_Person</class>
<attribute>
<name>Canonical</name>
<value>НИКОЛАЙ ПАЛЬЦЕВ</value>
</attribute>
</entry>
<entry>
<id>2</id>
<offset>128</offset>
<length>7</length>
<class>AAA_Estimate_Person</class>
<attribute>
<name>Canonical</name>
<value>ПАЛЬЦЕВ</value>
</attribute>
</entry>
<entry>
<id>3</id>
<offset>532</offset>
<length>14</length>
<class>AAA_Estimate_Person</class>
<attribute>
<name>Canonical</name>
<value>ИГОРЬ БЕСТУЖИЙ</value>
</attribute>
</entry>
<entry>
<id>4</id>
<offset>553</offset>
<length>7</length>
<class>AAA_Estimate_Person</class>
<attribute>
<name>Canonical</name>
<value>ПАЛЬЦЕВ</value>
</attribute>
</entry>
<entry>
<id>5</id>
<offset>618</offset>
<length>13</length>
<class>AAA_Estimate_Person</class>
<attribute>
<name>Canonical</name>
<value>ИВАН БОГДАНОВ</value>
</attribute>
</entry>
<entry>
<id>6</id>
<offset>788</offset>
<length>8</length>
<class>AAA_Estimate_Person</class>
<attribute>
<name>Canonical</name>
<value>БЕСТУЖИЙ</value>
</attribute>
</entry>
<entry>
<id>7</id>
<offset>801</offset>
<length>15</length>
<class>AAA_Estimate_Person</class>
<attribute>
<name>Canonical</name>
<value>НИКОЛАЙ ПАЛЬЦЕВ</value>
</attribute>
</entry>
</markup>
