﻿<markup>
<entry>
<id>7</id>
<offset>14</offset>
<length>7</length>
<class>AAA_Estimate_Person</class>
<attribute>
<name>Canonical</name>
<value>ГУДКОВ</value>
</attribute>
</entry>
<entry>
<id>8</id>
<offset>122</offset>
<length>13</length>
<class>AAA_Estimate_Person</class>
<attribute>
<name>Canonical</name>
<value>ГЕОРГИЙ ЧИЖОВ</value>
</attribute>
</entry>
<entry>
<id>9</id>
<offset>189</offset>
<length>16</length>
<class>AAA_Estimate_Person</class>
<attribute>
<name>Canonical</name>
<value>ГЕННАДИЙ ГУДКОВ</value>
</attribute>
</entry>
<entry>
<id>10</id>
<offset>260</offset>
<length>15</length>
<class>AAA_Estimate_Person</class>
<attribute>
<name>Canonical</name>
<value>ГЕННАДИЙ ГУДКОВ</value>
</attribute>
</entry>
<entry>
<id>11</id>
<offset>372</offset>
<length>5</length>
<class>AAA_Estimate_Person</class>
<attribute>
<name>Canonical</name>
<value>ЧИЖОВ</value>
</attribute>
</entry>
<entry>
<id>12</id>
<offset>1249</offset>
<length>12</length>
<class>AAA_Estimate_Person</class>
<attribute>
<name>Canonical</name>
<value>СЕРГЕЙ ШОЙГУ</value>
</attribute>
</entry>
<entry>
<id>13</id>
<offset>1390</offset>
<length>14</length>
<class>AAA_Estimate_Person</class>
<attribute>
<name>Canonical</name>
<value>ВЛАДИМИР ПУТИН</value>
</attribute>
</entry>
<entry>
<id>14</id>
<offset>1414</offset>
<length>16</length>
<class>AAA_Estimate_Person</class>
<attribute>
<name>Canonical</name>
<value>АНДРЕЙ ВОРОБЬЕВ</value>
</attribute>
</entry>
</markup>
