﻿<markup>
<entry>
<id>1</id>
<offset>28</offset>
<length>7</length>
<class>AAA_Estimate_Person</class>
<attribute>
<name>Canonical</name>
<value>ЭБЗЕЕВ</value>
</attribute>
</entry>
<entry>
<id>8</id>
<offset>81</offset>
<length>14</length>
<class>AAA_Estimate_Person</class>
<attribute>
<name>Canonical</name>
<value>БОРИС ЭБЗЕЕВ</value>
</attribute>
</entry>
<entry>
<id>2</id>
<offset>145</offset>
<length>19</length>
<class>AAA_Estimate_Person</class>
<attribute>
<name>Canonical</name>
<value>АЛЕКСЕЙ КУЗЬМИЦКИЙ</value>
</attribute>
</entry>
<entry>
<id>3</id>
<offset>766</offset>
<length>14</length>
<class>AAA_Estimate_Person</class>
<attribute>
<name>Canonical</name>
<value>БОРИС ЭБЗЕЕВ</value>
</attribute>
</entry>
<entry>
<id>4</id>
<offset>822</offset>
<length>6</length>
<class>AAA_Estimate_Person</class>
<attribute>
<name>Canonical</name>
<value>ЭБЗЕЕВ</value>
</attribute>
</entry>
<entry>
<id>5</id>
<offset>1057</offset>
<length>14</length>
<class>AAA_Estimate_Person</class>
<attribute>
<name>Canonical</name>
<value>РАШИД ТЕМРЕЗОВ</value>
</attribute>
</entry>
<entry>
<id>6</id>
<offset>1076</offset>
<length>6</length>
<class>AAA_Estimate_Person</class>
<attribute>
<name>Canonical</name>
<value>ЭБЗЕЕВ</value>
</attribute>
</entry>
<entry>
<id>7</id>
<offset>1159</offset>
<length>12</length>
<class>AAA_Estimate_Person</class>
<attribute>
<name>Canonical</name>
<value>БОРИС ЭБЗЕЕВ</value>
</attribute>
</entry>
</markup>
