﻿<markup>
<entry>
<id>1</id>
<offset>0</offset>
<length>5</length>
<class>AAA_Estimate_Person</class>
<attribute>
<name>Canonical</name>
<value>ПУТИН</value>
</attribute>
</entry>
<entry>
<id>2</id>
<offset>90</offset>
<length>14</length>
<class>AAA_Estimate_Person</class>
<attribute>
<name>Canonical</name>
<value>ВЛАДИМИР ПУТИН</value>
</attribute>
</entry>
<entry>
<id>3</id>
<offset>179</offset>
<length>15</length>
<class>AAA_Estimate_Person</class>
<attribute>
<name>Canonical</name>
<value>РИШАТ ХАЛИКОВ</value>
</attribute>
</entry>
<entry>
<id>4</id>
<offset>271</offset>
<length>16</length>
<class>AAA_Estimate_Person</class>
<attribute>
<name>Canonical</name>
<value>ВИКТОР КОКОРЕВ</value>
</attribute>
</entry>
<entry>
<id>5</id>
<offset>404</offset>
<length>7</length>
<class>AAA_Estimate_Person</class>
<attribute>
<name>Canonical</name>
<value>ХАЛИКОВ</value>
</attribute>
</entry>
<entry>
<id>6</id>
<offset>464</offset>
<length>7</length>
<class>AAA_Estimate_Person</class>
<attribute>
<name>Canonical</name>
<value>КОКОРЕВ</value>
</attribute>
</entry>
<entry>
<id>7</id>
<offset>605</offset>
<length>7</length>
<class>AAA_Estimate_Person</class>
<attribute>
<name>Canonical</name>
<value>ХАЛИКОВ</value>
</attribute>
</entry>
<entry>
<id>8</id>
<offset>775</offset>
<length>7</length>
<class>AAA_Estimate_Person</class>
<attribute>
<name>Canonical</name>
<value>КОКОРЕВ</value>
</attribute>
</entry>
</markup>
