﻿<markup>
<entry>
<id>1</id>
<offset>125</offset>
<length>16</length>
<class>AAA_Estimate_Person</class>
<attribute>
<name>Canonical</name>
<value>АЛЕКСАНДР ГОРЛОВ</value>
</attribute>
</entry>
<entry>
<id>2</id>
<offset>316</offset>
<length>16</length>
<class>AAA_Estimate_Person</class>
<attribute>
<name>Canonical</name>
<value>АЛЕКСАНДР ГОРЛОВ</value>
</attribute>
</entry>
<entry>
<id>3</id>
<offset>519</offset>
<length>15</length>
<class>AAA_Estimate_Person</class>
<attribute>
<name>Canonical</name>
<value>МИХАИЛ ДЕГТЯРЕВ</value>
</attribute>
</entry>
<entry>
<id>4</id>
<offset>546</offset>
<length>14</length>
<class>AAA_Estimate_Person</class>
<attribute>
<name>Canonical</name>
<value>ИВАН МЕЛЬНИКОВ</value>
</attribute>
</entry>
<entry>
<id>5</id>
<offset>583</offset>
<length>15</length>
<class>AAA_Estimate_Person</class>
<attribute>
<name>Canonical</name>
<value>СЕРГЕЙ МИТРОХИН</value>
</attribute>
</entry>
<entry>
<id>6</id>
<offset>613</offset>
<length>17</length>
<class>AAA_Estimate_Person</class>
<attribute>
<name>Canonical</name>
<value>АЛЕКСЕЙ НАВАЛЬНЫЙ</value>
</attribute>
</entry>
<entry>
<id>7</id>
<offset>648</offset>
<length>16</length>
<class>AAA_Estimate_Person</class>
<attribute>
<name>Canonical</name>
<value>СВЕТЛАНА ПЕУНОВА</value>
</attribute>
</entry>
<entry>
<id>8</id>
<offset>699</offset>
<length>14</length>
<class>AAA_Estimate_Person</class>
<attribute>
<name>Canonical</name>
<value>СЕРГЕЙ СОБЯНИН</value>
</attribute>
</entry>
</markup>
