﻿<markup>
<entry>
<id>1</id>
<offset>0</offset>
<length>11</length>
<class>AAA_Estimate_Person</class>
<attribute>
<name>Canonical</name>
<value>А ВОРОБЬЕВ</value>
</attribute>
</entry>
<entry>
<id>2</id>
<offset>52</offset>
<length>11</length>
<class>AAA_Estimate_Person</class>
<attribute>
<name>Canonical</name>
<value>А ВОРОБЬЕВ</value>
</attribute>
</entry>
<entry>
<id>3</id>
<offset>358</offset>
<length>15</length>
<class>AAA_Estimate_Person</class>
<attribute>
<name>Canonical</name>
<value>АНДРЕЙ ВОРОБЬЕВ</value>
</attribute>
</entry>
<entry>
<id>4</id>
<offset>564</offset>
<length>12</length>
<class>AAA_Estimate_Person</class>
<attribute>
<name>Canonical</name>
<value>СЕРГЕЙ ШОЙГУ</value>
</attribute>
</entry>
<entry>
<id>5</id>
<offset>628</offset>
<length>13</length>
<class>AAA_Estimate_Person</class>
<attribute>
<name>Canonical</name>
<value>АНДРЕЙ ШАРОВ</value>
</attribute>
</entry>
<entry>
<id>6</id>
<offset>689</offset>
<length>7</length>
<class>AAA_Estimate_Person</class>
<attribute>
<name>Canonical</name>
<value>С ШОЙГУ</value>
</attribute>
</entry>
<entry>
<id>7</id>
<offset>764</offset>
<length>14</length>
<class>AAA_Estimate_Person</class>
<attribute>
<name>Canonical</name>
<value>ВЛАДИМИР ПУТИН</value>
</attribute>
</entry>
<entry>
<id>8</id>
<offset>789</offset>
<length>11</length>
<class>AAA_Estimate_Person</class>
<attribute>
<name>Canonical</name>
<value>А ВОРОБЬЕВ</value>
</attribute>
</entry>
<entry>
<id>9</id>
<offset>934</offset>
<length>10</length>
<class>AAA_Estimate_Person</class>
<attribute>
<name>Canonical</name>
<value>А ВОРОБЬЕВ</value>
</attribute>
</entry>
<entry>
<id>10</id>
<offset>1340</offset>
<length>10</length>
<class>AAA_Estimate_Person</class>
<attribute>
<name>Canonical</name>
<value>А ВОРОБЬЕВ</value>
</attribute>
</entry>
<entry>
<id>11</id>
<offset>1426</offset>
<length>11</length>
<class>AAA_Estimate_Person</class>
<attribute>
<name>Canonical</name>
<value>А ВОРОБЬЕВ</value>
</attribute>
</entry>
<entry>
<id>12</id>
<offset>1474</offset>
<length>8</length>
<class>AAA_Estimate_Person</class>
<attribute>
<name>Canonical</name>
<value>А ШАРОВ</value>
</attribute>
</entry>
<entry>
<id>13</id>
<offset>1587</offset>
<length>10</length>
<class>AAA_Estimate_Person</class>
<attribute>
<name>Canonical</name>
<value>А ВОРОБЬЕВ</value>
</attribute>
</entry>
<entry>
<id>14</id>
<offset>1608</offset>
<length>8</length>
<class>AAA_Estimate_Person</class>
<attribute>
<name>Canonical</name>
<value>А ШАРОВ</value>
</attribute>
</entry>
<entry>
<id>15</id>
<offset>1675</offset>
<length>10</length>
<class>AAA_Estimate_Person</class>
<attribute>
<name>Canonical</name>
<value>А ВОРОБЬЕВ</value>
</attribute>
</entry>
<entry>
<id>16</id>
<offset>1882</offset>
<length>21</length>
<class>AAA_Estimate_Person</class>
<attribute>
<name>Canonical</name>
<value>ИЛЬДАР ГАБДРАХМАНОВ</value>
</attribute>
</entry>
</markup>
