﻿<markup>
<entry>
<id>1</id>
<offset>111</offset>
<length>31</length>
<class>AAA_Estimate_Person</class>
<attribute>
<name>Canonical</name>
<value>ДЭВИД ЭБЕРСМАН (DAVID EBERSMAN)</value>
</attribute>
</entry>
<entry>
<id>3</id>
<offset>227</offset>
<length>8</length>
<class>AAA_Estimate_Person</class>
<attribute>
<name>Canonical</name>
<value>ЭБЕРСМАН</value>
</attribute>
</entry>
<entry>
<id>4</id>
<offset>304</offset>
<length>8</length>
<class>AAA_Estimate_Person</class>
<attribute>
<name>Canonical</name>
<value>ЭБЕРСМАН</value>
</attribute>
</entry>
<entry>
<id>2</id>
<offset>564</offset>
<length>14</length>
<class>AAA_Estimate_Person</class>
<attribute>
<name>Canonical</name>
<value>ДЭВИД ЭБЕРСМАН</value>
</attribute>
</entry>
<entry>
<id>5</id>
<offset>662</offset>
<length>8</length>
<class>AAA_Estimate_Person</class>
<attribute>
<name>Canonical</name>
<value>ЭБЕРСМАН</value>
</attribute>
</entry>
<entry>
<id>6</id>
<offset>908</offset>
<length>36</length>
<class>AAA_Estimate_Person</class>
<attribute>
<name>Canonical</name>
<value>МАРК ЦУКЕРБЕРГ (MARK ZUCKERBERG)</value>
</attribute>
</entry>
<entry>
<id>7</id>
<offset>1024</offset>
<length>20</length>
<class>AAA_Estimate_Person</class>
<attribute>
<name>Canonical</name>
<value>ГИДЕОН Ю (GIDEON YU)</value>
</attribute>
</entry>
</markup>
