﻿<markup>
<entry>
<id>1</id>
<offset>194</offset>
<length>8</length>
<class>AAA_Estimate_Person</class>
<attribute>
<name>Canonical</name>
<value>СОРОКИН</value>
</attribute>
</entry>
<entry>
<id>2</id>
<offset>224</offset>
<length>18</length>
<class>AAA_Estimate_Person</class>
<attribute>
<name>Canonical</name>
<value>НИКОЛАЙ КОНДРАТЬЕВ</value>
</attribute>
</entry>
<entry>
<id>4</id>
<offset>311</offset>
<length>18</length>
<class>AAA_Estimate_Person</class>
<attribute>
<name>Canonical</name>
<value>ВИТАЛИЙ КИЧИНЕКОВ</value>
</attribute>
</entry>
<entry>
<id>5</id>
<offset>469</offset>
<length>14</length>
<class>AAA_Estimate_Person</class>
<attribute>
<name>Canonical</name>
<value>СЕРГЕЙ РОМАНОВ</value>
</attribute>
</entry>
<entry>
<id>6</id>
<offset>523</offset>
<length>13</length>
<class>AAA_Estimate_Person</class>
<attribute>
<name>Canonical</name>
<value>ЕЛЕНА КОЗЛОВА</value>
</attribute>
</entry>
<entry>
<id>7</id>
<offset>595</offset>
<length>14</length>
<class>AAA_Estimate_Person</class>
<attribute>
<name>Canonical</name>
<value>СЕРГЕЙ РОМАНОВ</value>
</attribute>
</entry>
<entry>
<id>8</id>
<offset>958</offset>
<length>14</length>
<class>AAA_Estimate_Person</class>
<attribute>
<name>Canonical</name>
<value>СЕРГЕЙ КОЗЫРЕВ</value>
</attribute>
</entry>
<entry>
<id>9</id>
<offset>1022</offset>
<length>12</length>
<class>AAA_Estimate_Person</class>
<attribute>
<name>Canonical</name>
<value>ЮРИЙ СОРОКИН</value>
</attribute>
</entry>
<entry>
<id>10</id>
<offset>1080</offset>
<length>17</length>
<class>AAA_Estimate_Person</class>
<attribute>
<name>Canonical</name>
<value>ГЕННАДИЙ МИКИЧУРА</value>
</attribute>
</entry>
<entry>
<id>11</id>
<offset>1177</offset>
<length>7</length>
<class>AAA_Estimate_Person</class>
<attribute>
<name>Canonical</name>
<value>РОМАНОВ</value>
</attribute>
</entry>
<entry>
<id>12</id>
<offset>1190</offset>
<length>14</length>
<class>AAA_Estimate_Person</class>
<attribute>
<name>Canonical</name>
<value>СЕРГЕЙ РОМАНОВ</value>
</attribute>
</entry>
<entry>
<id>13</id>
<offset>1380</offset>
<length>14</length>
<class>AAA_Estimate_Person</class>
<attribute>
<name>Canonical</name>
<value>ВЛАДИМИР ПУТИН</value>
</attribute>
</entry>
<entry>
<id>14</id>
<offset>1755</offset>
<length>7</length>
<class>AAA_Estimate_Person</class>
<attribute>
<name>Canonical</name>
<value>РОМАНОВ</value>
</attribute>
</entry>
</markup>
