﻿<markup>
<entry>
<id>1</id>
<offset>101</offset>
<length>29</length>
<class>AAA_Estimate_Person</class>
<attribute>
<name>Canonical</name>
<value>ФИЛИП КРОУЛИ (PHILIP CROWLEY)</value>
</attribute>
</entry>
<entry>
<id>2</id>
<offset>210</offset>
<length>15</length>
<class>AAA_Estimate_Person</class>
<attribute>
<name>Canonical</name>
<value>БРЭДЛИ МЭННИНГ</value>
</attribute>
</entry>
<entry>
<id>3</id>
<offset>329</offset>
<length>15</length>
<class>AAA_Estimate_Person</class>
<attribute>
<name>Canonical</name>
<value>ХИЛЛАРИ КЛИНТОН</value>
</attribute>
</entry>
<entry>
<id>4</id>
<offset>416</offset>
<length>6</length>
<class>AAA_Estimate_Person</class>
<attribute>
<name>Canonical</name>
<value>КРОУЛИ</value>
</attribute>
</entry>
<entry>
<id>5</id>
<offset>719</offset>
<length>13</length>
<class>AAA_Estimate_Person</class>
<attribute>
<name>Canonical</name>
<value>ФИЛИП КРОУЛИ</value>
</attribute>
</entry>
<entry>
<id>6</id>
<offset>763</offset>
<length>8</length>
<class>AAA_Estimate_Person</class>
<attribute>
<name>Canonical</name>
<value>МЭННИНГ</value>
</attribute>
</entry>
<entry>
<id>7</id>
<offset>951</offset>
<length>9</length>
<class>AAA_Estimate_Person</class>
<attribute>
<name>Canonical</name>
<value>МЭННИНГ</value>
</attribute>
</entry>
<entry>
<id>8</id>
<offset>1098</offset>
<length>6</length>
<class>AAA_Estimate_Person</class>
<attribute>
<name>Canonical</name>
<value>КРОУЛИ</value>
</attribute>
</entry>
<entry>
<id>9</id>
<offset>1228</offset>
<length>6</length>
<class>AAA_Estimate_Person</class>
<attribute>
<name>Canonical</name>
<value>КРОУЛИ</value>
</attribute>
</entry>
<entry>
<id>10</id>
<offset>1379</offset>
<length>8</length>
<class>AAA_Estimate_Person</class>
<attribute>
<name>Canonical</name>
<value>МЭННИНГ</value>
</attribute>
</entry>
<entry>
<id>11</id>
<offset>1477</offset>
<length>11</length>
<class>AAA_Estimate_Person</class>
<attribute>
<name>Canonical</name>
<value>БАРАК ОБАМА</value>
</attribute>
</entry>
<entry>
<id>12</id>
<offset>1594</offset>
<length>14</length>
<class>AAA_Estimate_Person</class>
<attribute>
<name>Canonical</name>
<value>БРЭДЛИ МЭННИНГ</value>
</attribute>
</entry>
<entry>
<id>13</id>
<offset>1667</offset>
<length>7</length>
<class>AAA_Estimate_Person</class>
<attribute>
<name>Canonical</name>
<value>МЭННИНГ</value>
</attribute>
</entry>
<entry>
<id>14</id>
<offset>1862</offset>
<length>7</length>
<class>AAA_Estimate_Person</class>
<attribute>
<name>Canonical</name>
<value>МЭННИНГ</value>
</attribute>
</entry>
</markup>
