﻿<markup>
<entry>
<id>1</id>
<offset>108</offset>
<length>17</length>
<class>AAA_Estimate_Person</class>
<attribute>
<name>Canonical</name>
<value>ВЛАДИМИР БОЛДЫРЕВ</value>
</attribute>
</entry>
<entry>
<id>2</id>
<offset>262</offset>
<length>9</length>
<class>AAA_Estimate_Person</class>
<attribute>
<name>Canonical</name>
<value>БОЛДЫРЕВ</value>
</attribute>
</entry>
<entry>
<id>3</id>
<offset>482</offset>
<length>15</length>
<class>AAA_Estimate_Person</class>
<attribute>
<name>Canonical</name>
<value>СЕРГЕЙ МАКАРОВ</value>
</attribute>
</entry>
<entry>
<id>4</id>
<offset>546</offset>
<length>8</length>
<class>AAA_Estimate_Person</class>
<attribute>
<name>Canonical</name>
<value>МАКАРОВ</value>
</attribute>
</entry>
<entry>
<id>5</id>
<offset>773</offset>
<length>16</length>
<class>AAA_Estimate_Person</class>
<attribute>
<name>Canonical</name>
<value>АНАТОЛИЙ ХРУЛЕВ</value>
</attribute>
</entry>
<entry>
<id>6</id>
<offset>801</offset>
<length>8</length>
<class>AAA_Estimate_Person</class>
<attribute>
<name>Canonical</name>
<value>БОЛДЫРЕВ</value>
</attribute>
</entry>
<entry>
<id>7</id>
<offset>812</offset>
<length>9</length>
<class>AAA_Estimate_Person</class>
<attribute>
<name>Canonical</name>
<value>МАКАРОВ</value>
</attribute>
</entry>
<entry>
<id>8</id>
<offset>1045</offset>
<length>19</length>
<class>AAA_Estimate_Person</class>
<attribute>
<name>Canonical</name>
<value>АЛЕКСАНДР ПОСТНИКОВ</value>
</attribute>
</entry>
<entry>
<id>9</id>
<offset>1087</offset>
<length>10</length>
<class>AAA_Estimate_Person</class>
<attribute>
<name>Canonical</name>
<value>ПОСТНИКОВ</value>
</attribute>
</entry>
<entry>
<id>10</id>
<offset>1123</offset>
<length>16</length>
<class>AAA_Estimate_Person</class>
<attribute>
<name>Canonical</name>
<value>АЛЕКСАНДР ГАЛКИН</value>
</attribute>
</entry>
</markup>
