﻿<markup>
<entry>
<id>1</id>
<offset>10</offset>
<length>9</length>
<class>AAA_Estimate_Person</class>
<attribute>
<name>Canonical</name>
<value>ТИМОШЕНКО</value>
</attribute>
</entry>
<entry>
<id>2</id>
<offset>95</offset>
<length>15</length>
<class>AAA_Estimate_Person</class>
<attribute>
<name>Canonical</name>
<value>СЕРГЕЙ ВЛАСЕНКО</value>
</attribute>
</entry>
<entry>
<id>3</id>
<offset>124</offset>
<length>14</length>
<class>AAA_Estimate_Person</class>
<attribute>
<name>Canonical</name>
<value>ЮЛИЯ ТИМОШЕНКО</value>
</attribute>
</entry>
<entry>
<id>4</id>
<offset>218</offset>
<length>14</length>
<class>AAA_Estimate_Person</class>
<attribute>
<name>Canonical</name>
<value>ЮЛИЯ ТИМОШЕНКО</value>
</attribute>
</entry>
<entry>
<id>5</id>
<offset>282</offset>
<length>17</length>
<class>AAA_Estimate_Person</class>
<attribute>
<name>Canonical</name>
<value>ВИКТОР ЯНУКОВИЧ</value>
</attribute>
</entry>
<entry>
<id>6</id>
<offset>347</offset>
<length>15</length>
<class>AAA_Estimate_Person</class>
<attribute>
<name>Canonical</name>
<value>СЕРГЕЙ ВЛАСЕНКО</value>
</attribute>
</entry>
<entry>
<id>12</id>
<offset>493</offset>
<length>8</length>
<class>AAA_Estimate_Person</class>
<attribute>
<name>Canonical</name>
<value>ВЛАСЕНКО</value>
</attribute>
</entry>
<entry>
<id>7</id>
<offset>548</offset>
<length>9</length>
<class>AAA_Estimate_Person</class>
<attribute>
<name>Canonical</name>
<value>ТИМОШЕНКО</value>
</attribute>
</entry>
<entry>
<id>8</id>
<offset>625</offset>
<length>8</length>
<class>AAA_Estimate_Person</class>
<attribute>
<name>Canonical</name>
<value>ВЛАСЕНКО</value>
</attribute>
</entry>
<entry>
<id>9</id>
<offset>693</offset>
<length>9</length>
<class>AAA_Estimate_Person</class>
<attribute>
<name>Canonical</name>
<value>ТИМОШЕНКО</value>
</attribute>
</entry>
<entry>
<id>10</id>
<offset>881</offset>
<length>9</length>
<class>AAA_Estimate_Person</class>
<attribute>
<name>Canonical</name>
<value>ТИМОШЕНКО</value>
</attribute>
</entry>
<entry>
<id>11</id>
<offset>1003</offset>
<length>9</length>
<class>AAA_Estimate_Person</class>
<attribute>
<name>Canonical</name>
<value>ТИМОШЕНКО</value>
</attribute>
</entry>
</markup>
