﻿<markup>
<entry>
<id>1</id>
<offset>141</offset>
<length>18</length>
<class>AAA_Estimate_Person</class>
<attribute>
<name>Canonical</name>
<value>АЛЕКСАНДР ДЮПЛЕССИ</value>
</attribute>
</entry>
<entry>
<id>2</id>
<offset>209</offset>
<length>8</length>
<class>AAA_Estimate_Person</class>
<attribute>
<name>Canonical</name>
<value>ДЮПЛЕССИ</value>
</attribute>
</entry>
<entry>
<id>3</id>
<offset>447</offset>
<length>40</length>
<class>AAA_Estimate_Person</class>
<attribute>
<name>Canonical</name>
<value>АЛЕКСАНДР ДЮПЛЕССИ (ALEXANDRE DUPLESSIS)</value>
</attribute>
</entry>
<entry>
<id>4</id>
<offset>579</offset>
<length>8</length>
<class>AAA_Estimate_Person</class>
<attribute>
<name>Canonical</name>
<value>ДЮПЛЕССИ</value>
</attribute>
</entry>
<entry>
<id>5</id>
<offset>819</offset>
<length>8</length>
<class>AAA_Estimate_Person</class>
<attribute>
<name>Canonical</name>
<value>ДЮПЛЕССИ</value>
</attribute>
</entry>
<entry>
<id>6</id>
<offset>903</offset>
<length>8</length>
<class>AAA_Estimate_Person</class>
<attribute>
<name>Canonical</name>
<value>ДЮПЛЕССИ</value>
</attribute>
</entry>
<entry>
<id>7</id>
<offset>1075</offset>
<length>8</length>
<class>AAA_Estimate_Person</class>
<attribute>
<name>Canonical</name>
<value>ДЮПЛЕССИ</value>
</attribute>
</entry>
<entry>
<id>8</id>
<offset>1194</offset>
<length>34</length>
<class>AAA_Estimate_Person</class>
<attribute>
<name>Canonical</name>
<value>ЖИЛЬ ВАЯНКУР (GILLES VAILLANCOURT)</value>
</attribute>
</entry>
<entry>
<id>9</id>
<offset>1359</offset>
<length>8</length>
<class>AAA_Estimate_Person</class>
<attribute>
<name>Canonical</name>
<value>ДЮПЛЕССИ</value>
</attribute>
</entry>
<entry>
<id>10</id>
<offset>1461</offset>
<length>14</length>
<class>AAA_Estimate_Person</class>
<attribute>
<name>Canonical</name>
<value>МАЙКЛ ЭППЛБАУМ</value>
</attribute>
</entry>
</markup>
