﻿<markup>
<entry>
<id>1</id>
<offset>320</offset>
<length>14</length>
<class>AAA_Estimate_Person</class>
<attribute>
<name>Canonical</name>
<value>ЕГОР БОРИСОВ</value>
</attribute>
</entry>
<entry>
<id>2</id>
<offset>989</offset>
<length>14</length>
<class>AAA_Estimate_Person</class>
<attribute>
<name>Canonical</name>
<value>ЕГОР БОРИСОВ</value>
</attribute>
</entry>
<entry>
<id>3</id>
<offset>1318</offset>
<length>14</length>
<class>AAA_Estimate_Person</class>
<attribute>
<name>Canonical</name>
<value>ЕГОР БОРИСОВ</value>
</attribute>
</entry>
<entry>
<id>4</id>
<offset>1624</offset>
<length>19</length>
<class>AAA_Estimate_Person</class>
<attribute>
<name>Canonical</name>
<value>АНАТОЛИЙ ПОДЛАСЕНКО</value>
</attribute>
</entry>
</markup>
