﻿<markup>
<entry>
<id>1</id>
<offset>114</offset>
<length>10</length>
<class>AAA_Estimate_Person</class>
<attribute>
<name>Canonical</name>
<value>ПЕТР НЕЧАС</value>
</attribute>
</entry>
<entry>
<id>2</id>
<offset>175</offset>
<length>13</length>
<class>AAA_Estimate_Person</class>
<attribute>
<name>Canonical</name>
<value>МИЛОШ ЗЕМАН</value>
</attribute>
</entry>
<entry>
<id>3</id>
<offset>756</offset>
<length>11</length>
<class>AAA_Estimate_Person</class>
<attribute>
<name>Canonical</name>
<value>МИЛОШ ЗЕМАН</value>
</attribute>
</entry>
<entry>
<id>4</id>
<offset>917</offset>
<length>5</length>
<class>AAA_Estimate_Person</class>
<attribute>
<name>Canonical</name>
<value>ЗЕМАН</value>
</attribute>
</entry>
<entry>
<id>5</id>
<offset>1098</offset>
<length>5</length>
<class>AAA_Estimate_Person</class>
<attribute>
<name>Canonical</name>
<value>ЗЕМАН</value>
</attribute>
</entry>
<entry>
<id>6</id>
<offset>1173</offset>
<length>6</length>
<class>AAA_Estimate_Person</class>
<attribute>
<name>Canonical</name>
<value>НЕЧАС</value>
</attribute>
</entry>
<entry>
<id>7</id>
<offset>1295</offset>
<length>5</length>
<class>AAA_Estimate_Person</class>
<attribute>
<name>Canonical</name>
<value>ЗЕМАН</value>
</attribute>
</entry>
<entry>
<id>8</id>
<offset>1435</offset>
<length>6</length>
<class>AAA_Estimate_Person</class>
<attribute>
<name>Canonical</name>
<value>НЕЧАС</value>
</attribute>
</entry>
<entry>
<id>9</id>
<offset>1726</offset>
<length>6</length>
<class>AAA_Estimate_Person</class>
<attribute>
<name>Canonical</name>
<value>НЕЧАС</value>
</attribute>
</entry>
<entry>
<id>10</id>
<offset>2204</offset>
<length>11</length>
<class>AAA_Estimate_Person</class>
<attribute>
<name>Canonical</name>
<value>МАРТИН КУБА</value>
</attribute>
</entry>
<entry>
<id>11</id>
<offset>2323</offset>
<length>5</length>
<class>AAA_Estimate_Person</class>
<attribute>
<name>Canonical</name>
<value>ЗЕМАН</value>
</attribute>
</entry>
<entry>
<id>12</id>
<offset>2523</offset>
<length>6</length>
<class>AAA_Estimate_Person</class>
<attribute>
<name>Canonical</name>
<value>ЗЕМАН</value>
</attribute>
</entry>
<entry>
<id>13</id>
<offset>2964</offset>
<length>17</length>
<class>AAA_Estimate_Person</class>
<attribute>
<name>Canonical</name>
<value>МИРОСЛАВА НЕМЦОВА</value>
</attribute>
</entry>
<entry>
<id>14</id>
<offset>3123</offset>
<length>18</length>
<class>AAA_Estimate_Person</class>
<attribute>
<name>Canonical</name>
<value>МИРОСЛАВА НЕМЦОВА</value>
</attribute>
</entry>
<entry>
<id>15</id>
<offset>3155</offset>
<length>8</length>
<class>AAA_Estimate_Person</class>
<attribute>
<name>Canonical</name>
<value>НЕМЦОВА</value>
</attribute>
</entry>
<entry>
<id>81</id>
<offset>3304</offset>
<length>7</length>
<class>AAA_Estimate_Person</class>
<attribute>
<name>Canonical</name>
<value>НЕЧАС</value>
</attribute>
</entry>
<entry>
<id>82</id>
<offset>3457</offset>
<length>8</length>
<class>AAA_Estimate_Person</class>
<attribute>
<name>Canonical</name>
<value>НЕМЦОВА</value>
</attribute>
</entry>
<entry>
<id>16</id>
<offset>3564</offset>
<length>5</length>
<class>AAA_Estimate_Person</class>
<attribute>
<name>Canonical</name>
<value>ЗЕМАН</value>
</attribute>
</entry>
<entry>
<id>17</id>
<offset>3706</offset>
<length>11</length>
<class>AAA_Estimate_Person</class>
<attribute>
<name>Canonical</name>
<value>МИЛОШ ЗЕМАН</value>
</attribute>
</entry>
<entry>
<id>18</id>
<offset>3799</offset>
<length>11</length>
<class>AAA_Estimate_Person</class>
<attribute>
<name>Canonical</name>
<value>ИРЖИ РУСНОК</value>
</attribute>
</entry>
<entry>
<id>19</id>
<offset>3828</offset>
<length>6</length>
<class>AAA_Estimate_Person</class>
<attribute>
<name>Canonical</name>
<value>ЗЕМАН</value>
</attribute>
</entry>
<entry>
<id>20</id>
<offset>3853</offset>
<length>6</length>
<class>AAA_Estimate_Person</class>
<attribute>
<name>Canonical</name>
<value>РУСНОК</value>
</attribute>
</entry>
<entry>
<id>21</id>
<offset>3921</offset>
<length>6</length>
<class>AAA_Estimate_Person</class>
<attribute>
<name>Canonical</name>
<value>ЗЕМАН</value>
</attribute>
</entry>
<entry>
<id>22</id>
<offset>3970</offset>
<length>16</length>
<class>AAA_Estimate_Person</class>
<attribute>
<name>Canonical</name>
<value>ВЛАДИМИР ШПИДЛА</value>
</attribute>
</entry>
<entry>
<id>23</id>
<offset>4005</offset>
<length>6</length>
<class>AAA_Estimate_Person</class>
<attribute>
<name>Canonical</name>
<value>РУСНОК</value>
</attribute>
</entry>
<entry>
<id>24</id>
<offset>4080</offset>
<length>6</length>
<class>AAA_Estimate_Person</class>
<attribute>
<name>Canonical</name>
<value>РУСНОК</value>
</attribute>
</entry>
<entry>
<id>25</id>
<offset>4205</offset>
<length>6</length>
<class>AAA_Estimate_Person</class>
<attribute>
<name>Canonical</name>
<value>ШПИДЛА</value>
</attribute>
</entry>
<entry>
<id>26</id>
<offset>4212</offset>
<length>6</length>
<class>AAA_Estimate_Person</class>
<attribute>
<name>Canonical</name>
<value>РУСНОК</value>
</attribute>
</entry>
<entry>
<id>27</id>
<offset>4284</offset>
<length>7</length>
<class>AAA_Estimate_Person</class>
<attribute>
<name>Canonical</name>
<value>ЗЕМАН</value>
</attribute>
</entry>
<entry>
<id>28</id>
<offset>4416</offset>
<length>6</length>
<class>AAA_Estimate_Person</class>
<attribute>
<name>Canonical</name>
<value>РУСНОК</value>
</attribute>
</entry>
<entry>
<id>29</id>
<offset>4547</offset>
<length>5</length>
<class>AAA_Estimate_Person</class>
<attribute>
<name>Canonical</name>
<value>ЗЕМАН</value>
</attribute>
</entry>
<entry>
<id>30</id>
<offset>4562</offset>
<length>7</length>
<class>AAA_Estimate_Person</class>
<attribute>
<name>Canonical</name>
<value>РУСНОК</value>
</attribute>
</entry>
<entry>
<id>31</id>
<offset>4678</offset>
<length>5</length>
<class>AAA_Estimate_Person</class>
<attribute>
<name>Canonical</name>
<value>ЗЕМАН</value>
</attribute>
</entry>
<entry>
<id>32</id>
<offset>4764</offset>
<length>7</length>
<class>AAA_Estimate_Person</class>
<attribute>
<name>Canonical</name>
<value>РУСНОК</value>
</attribute>
</entry>
<entry>
<id>33</id>
<offset>4908</offset>
<length>6</length>
<class>AAA_Estimate_Person</class>
<attribute>
<name>Canonical</name>
<value>РУСНОК</value>
</attribute>
</entry>
<entry>
<id>34</id>
<offset>5288</offset>
<length>5</length>
<class>AAA_Estimate_Person</class>
<attribute>
<name>Canonical</name>
<value>ЗЕМАН</value>
</attribute>
</entry>
<entry>
<id>35</id>
<offset>5349</offset>
<length>7</length>
<class>AAA_Estimate_Person</class>
<attribute>
<name>Canonical</name>
<value>РУСНОК</value>
</attribute>
</entry>
<entry>
<id>36</id>
<offset>5416</offset>
<length>6</length>
<class>AAA_Estimate_Person</class>
<attribute>
<name>Canonical</name>
<value>РУСНОК</value>
</attribute>
</entry>
<entry>
<id>37</id>
<offset>5627</offset>
<length>7</length>
<class>AAA_Estimate_Person</class>
<attribute>
<name>Canonical</name>
<value>РУСНОК</value>
</attribute>
</entry>
<entry>
<id>38</id>
<offset>5643</offset>
<length>14</length>
<class>AAA_Estimate_Person</class>
<attribute>
<name>Canonical</name>
<value>МАРТИН ПЕЦИН</value>
</attribute>
</entry>
<entry>
<id>39</id>
<offset>5721</offset>
<length>10</length>
<class>AAA_Estimate_Person</class>
<attribute>
<name>Canonical</name>
<value>ЯН ФИШЕР</value>
</attribute>
</entry>
<entry>
<id>40</id>
<offset>5817</offset>
<length>11</length>
<class>AAA_Estimate_Person</class>
<attribute>
<name>Canonical</name>
<value>ЯН КОГОУТ</value>
</attribute>
</entry>
<entry>
<id>41</id>
<offset>5858</offset>
<length>6</length>
<class>AAA_Estimate_Person</class>
<attribute>
<name>Canonical</name>
<value>ФИШЕР</value>
</attribute>
</entry>
<entry>
<id>42</id>
<offset>5869</offset>
<length>11</length>
<class>AAA_Estimate_Person</class>
<attribute>
<name>Canonical</name>
<value>ИРЖИ РУСНОК</value>
</attribute>
</entry>
<entry>
<id>43</id>
<offset>6188</offset>
<length>7</length>
<class>AAA_Estimate_Person</class>
<attribute>
<name>Canonical</name>
<value>СОБОТКА</value>
</attribute>
</entry>
<entry>
<id>44</id>
<offset>6541</offset>
<length>15</length>
<class>AAA_Estimate_Person</class>
<attribute>
<name>Canonical</name>
<value>МАРИЯ БЕНЕШОВА</value>
</attribute>
</entry>
<entry>
<id>45</id>
<offset>6582</offset>
<length>16</length>
<class>AAA_Estimate_Person</class>
<attribute>
<name>Canonical</name>
<value>БОГУСЛАВ СОБОТКА</value>
</attribute>
</entry>
<entry>
<id>46</id>
<offset>6622</offset>
<length>7</length>
<class>AAA_Estimate_Person</class>
<attribute>
<name>Canonical</name>
<value>ЗЕМАН</value>
</attribute>
</entry>
<entry>
<id>47</id>
<offset>6647</offset>
<length>7</length>
<class>AAA_Estimate_Person</class>
<attribute>
<name>Canonical</name>
<value>РУСНОК</value>
</attribute>
</entry>
<entry>
<id>48</id>
<offset>6745</offset>
<length>12</length>
<class>AAA_Estimate_Person</class>
<attribute>
<name>Canonical</name>
<value>ВОЙТЕХ ФИЛИП</value>
</attribute>
</entry>
<entry>
<id>49</id>
<offset>6897</offset>
<length>6</length>
<class>AAA_Estimate_Person</class>
<attribute>
<name>Canonical</name>
<value>ЗЕМАН</value>
</attribute>
</entry>
<entry>
<id>50</id>
<offset>7181</offset>
<length>7</length>
<class>AAA_Estimate_Person</class>
<attribute>
<name>Canonical</name>
<value>РУСНОК</value>
</attribute>
</entry>
<entry>
<id>51</id>
<offset>7311</offset>
<length>13</length>
<class>AAA_Estimate_Person</class>
<attribute>
<name>Canonical</name>
<value>МИЛОШ ЗЕМАН</value>
</attribute>
</entry>
<entry>
<id>52</id>
<offset>7442</offset>
<length>18</length>
<class>AAA_Estimate_Person</class>
<attribute>
<name>Canonical</name>
<value>МИРОСЛАВА НЕМЦОВА</value>
</attribute>
</entry>
<entry>
<id>53</id>
<offset>7705</offset>
<length>17</length>
<class>AAA_Estimate_Person</class>
<attribute>
<name>Canonical</name>
<value>МИРОСЛАВА НЕМЦОВА</value>
</attribute>
</entry>
<entry>
<id>54</id>
<offset>7790</offset>
<length>21</length>
<class>AAA_Estimate_Person</class>
<attribute>
<name>Canonical</name>
<value>МИРОСЛАВ КАЛОУСЕК</value>
</attribute>
</entry>
<entry>
<id>55</id>
<offset>7845</offset>
<length>7</length>
<class>AAA_Estimate_Person</class>
<attribute>
<name>Canonical</name>
<value>РУСНОК</value>
</attribute>
</entry>
<entry>
<id>56</id>
<offset>7882</offset>
<length>6</length>
<class>AAA_Estimate_Person</class>
<attribute>
<name>Canonical</name>
<value>ЗЕМАН</value>
</attribute>
</entry>
<entry>
<id>57</id>
<offset>7891</offset>
<length>5</length>
<class>AAA_Estimate_Person</class>
<attribute>
<name>Canonical</name>
<value>ЗЕМАН</value>
</attribute>
</entry>
<entry>
<id>58</id>
<offset>8003</offset>
<length>20</length>
<class>AAA_Estimate_Person</class>
<attribute>
<name>Canonical</name>
<value>КАРЛ ШВАРЦЕНБЕРГ</value>
</attribute>
</entry>
<entry>
<id>59</id>
<offset>8168</offset>
<length>5</length>
<class>AAA_Estimate_Person</class>
<attribute>
<name>Canonical</name>
<value>ЗЕМАН</value>
</attribute>
</entry>
<entry>
<id>60</id>
<offset>8200</offset>
<length>16</length>
<class>AAA_Estimate_Person</class>
<attribute>
<name>Canonical</name>
<value>ВЛАДИМИР РЕМЕК</value>
</attribute>
</entry>
<entry>
<id>61</id>
<offset>8325</offset>
<length>6</length>
<class>AAA_Estimate_Person</class>
<attribute>
<name>Canonical</name>
<value>ЗЕМАН</value>
</attribute>
</entry>
<entry>
<id>62</id>
<offset>8381</offset>
<length>14</length>
<class>AAA_Estimate_Person</class>
<attribute>
<name>Canonical</name>
<value>ЛИВИЯ КЛАУСОВА</value>
</attribute>
</entry>
<entry>
<id>63</id>
<offset>8534</offset>
<length>12</length>
<class>AAA_Estimate_Person</class>
<attribute>
<name>Canonical</name>
<value>МАРТИН КУБА</value>
</attribute>
</entry>
<entry>
<id>64</id>
<offset>9135</offset>
<length>7</length>
<class>AAA_Estimate_Person</class>
<attribute>
<name>Canonical</name>
<value>РУСНОК</value>
</attribute>
</entry>
<entry>
<id>65</id>
<offset>9220</offset>
<length>19</length>
<class>AAA_Estimate_Person</class>
<attribute>
<name>Canonical</name>
<value>МИРОСЛАВА НЕМЦОВА</value>
</attribute>
</entry>
<entry>
<id>66</id>
<offset>9443</offset>
<length>12</length>
<class>AAA_Estimate_Person</class>
<attribute>
<name>Canonical</name>
<value>ИРЖИ РУСНОК</value>
</attribute>
</entry>
<entry>
<id>67</id>
<offset>9478</offset>
<length>6</length>
<class>AAA_Estimate_Person</class>
<attribute>
<name>Canonical</name>
<value>ЗЕМАН</value>
</attribute>
</entry>
<entry>
<id>68</id>
<offset>9584</offset>
<length>7</length>
<class>AAA_Estimate_Person</class>
<attribute>
<name>Canonical</name>
<value>РУСНОК</value>
</attribute>
</entry>
<entry>
<id>69</id>
<offset>9687</offset>
<length>6</length>
<class>AAA_Estimate_Person</class>
<attribute>
<name>Canonical</name>
<value>ЗЕМАН</value>
</attribute>
</entry>
<entry>
<id>83</id>
<offset>9763</offset>
<length>7</length>
<class>AAA_Estimate_Person</class>
<attribute>
<name>Canonical</name>
<value>РУСНОК</value>
</attribute>
</entry>
<entry>
<id>70</id>
<offset>10034</offset>
<length>7</length>
<class>AAA_Estimate_Person</class>
<attribute>
<name>Canonical</name>
<value>РУСНОК</value>
</attribute>
</entry>
<entry>
<id>71</id>
<offset>10918</offset>
<length>8</length>
<class>AAA_Estimate_Person</class>
<attribute>
<name>Canonical</name>
<value>НАДЬОВА</value>
</attribute>
</entry>
<entry>
<id>80</id>
<offset>10959</offset>
<length>6</length>
<class>AAA_Estimate_Person</class>
<attribute>
<name>Canonical</name>
<value>ЗЕМАН</value>
</attribute>
</entry>
<entry>
<id>72</id>
<offset>11385</offset>
<length>6</length>
<class>AAA_Estimate_Person</class>
<attribute>
<name>Canonical</name>
<value>НЕЧАС</value>
</attribute>
</entry>
<entry>
<id>73</id>
<offset>11412</offset>
<length>11</length>
<class>AAA_Estimate_Person</class>
<attribute>
<name>Canonical</name>
<value>МИЛОШ ЗЕМАН</value>
</attribute>
</entry>
<entry>
<id>74</id>
<offset>11582</offset>
<length>6</length>
<class>AAA_Estimate_Person</class>
<attribute>
<name>Canonical</name>
<value>ЗЕМАН</value>
</attribute>
</entry>
<entry>
<id>75</id>
<offset>11626</offset>
<length>16</length>
<class>AAA_Estimate_Person</class>
<attribute>
<name>Canonical</name>
<value>КАРЛ ШВАРЦЕНБЕРГ</value>
</attribute>
</entry>
<entry>
<id>76</id>
<offset>11832</offset>
<length>6</length>
<class>AAA_Estimate_Person</class>
<attribute>
<name>Canonical</name>
<value>ЗЕМАН</value>
</attribute>
</entry>
<entry>
<id>77</id>
<offset>12190</offset>
<length>5</length>
<class>AAA_Estimate_Person</class>
<attribute>
<name>Canonical</name>
<value>ЗЕМАН</value>
</attribute>
</entry>
<entry>
<id>79</id>
<offset>12449</offset>
<length>7</length>
<class>AAA_Estimate_Person</class>
<attribute>
<name>Canonical</name>
<value>ЗЕМАН</value>
</attribute>
</entry>
</markup>
