﻿<markup>
<entry>
<id>1</id>
<offset>519</offset>
<length>10</length>
<class>AAA_Estimate_Person</class>
<attribute>
<name>Canonical</name>
<value>НИЛ УШАКОВ</value>
</attribute>
</entry>
<entry>
<id>2</id>
<offset>576</offset>
<length>19</length>
<class>AAA_Estimate_Person</class>
<attribute>
<name>Canonical</name>
<value>ВЯЧЕСЛАВ СТЕПАНЕНКО</value>
</attribute>
</entry>
<entry>
<id>3</id>
<offset>621</offset>
<length>15</length>
<class>AAA_Estimate_Person</class>
<attribute>
<name>Canonical</name>
<value>НИКОЛАЙ ЗАХАРОВ</value>
</attribute>
</entry>
<entry>
<id>4</id>
<offset>714</offset>
<length>14</length>
<class>AAA_Estimate_Person</class>
<attribute>
<name>Canonical</name>
<value>АНДРИС АМЕРИКС</value>
</attribute>
</entry>
<entry>
<id>5</id>
<offset>754</offset>
<length>11</length>
<class>AAA_Estimate_Person</class>
<attribute>
<name>Canonical</name>
<value>АЙНА КРУКЛЕ</value>
</attribute>
</entry>
<entry>
<id>6</id>
<offset>774</offset>
<length>15</length>
<class>AAA_Estimate_Person</class>
<attribute>
<name>Canonical</name>
<value>ВЛАДИМИР ДОЛГИН</value>
</attribute>
</entry>
<entry>
<id>7</id>
<offset>838</offset>
<length>13</length>
<class>AAA_Estimate_Person</class>
<attribute>
<name>Canonical</name>
<value>ОЛЬГА ВЕЙДИНЯ</value>
</attribute>
</entry>
<entry>
<id>8</id>
<offset>873</offset>
<length>15</length>
<class>AAA_Estimate_Person</class>
<attribute>
<name>Canonical</name>
<value>БАЙБА РОЗЕНТАЛЕ</value>
</attribute>
</entry>
<entry>
<id>9</id>
<offset>895</offset>
<length>12</length>
<class>AAA_Estimate_Person</class>
<attribute>
<name>Canonical</name>
<value>ИРИНА ВИННИК</value>
</attribute>
</entry>
<entry>
<id>10</id>
<offset>916</offset>
<length>13</length>
<class>AAA_Estimate_Person</class>
<attribute>
<name>Canonical</name>
<value>АЙНАР БАШТИКС</value>
</attribute>
</entry>
<entry>
<id>11</id>
<offset>992</offset>
<length>14</length>
<class>AAA_Estimate_Person</class>
<attribute>
<name>Canonical</name>
<value>ВАДИМ БАРАННИК</value>
</attribute>
</entry>
<entry>
<id>12</id>
<offset>1027</offset>
<length>15</length>
<class>AAA_Estimate_Person</class>
<attribute>
<name>Canonical</name>
<value>НИКОЛАЙ ЗАХАРОВ</value>
</attribute>
</entry>
<entry>
<id>13</id>
<offset>1044</offset>
<length>13</length>
<class>AAA_Estimate_Person</class>
<attribute>
<name>Canonical</name>
<value>ВАДИМ ФАЛЬКОВ</value>
</attribute>
</entry>
<entry>
<id>14</id>
<offset>1065</offset>
<length>15</length>
<class>AAA_Estimate_Person</class>
<attribute>
<name>Canonical</name>
<value>АНДРИС БЕРЗИНЬШ</value>
</attribute>
</entry>
<entry>
<id>15</id>
<offset>1138</offset>
<length>17</length>
<class>AAA_Estimate_Person</class>
<attribute>
<name>Canonical</name>
<value>ЭЙДЖЕНИЯ АЛДЕРМАНЕ</value>
</attribute>
</entry>
<entry>
<id>16</id>
<offset>1177</offset>
<length>17</length>
<class>AAA_Estimate_Person</class>
<attribute>
<name>Canonical</name>
<value>СВЕТЛАНА САВИЦКАЯ</value>
</attribute>
</entry>
<entry>
<id>17</id>
<offset>1201</offset>
<length>10</length>
<class>AAA_Estimate_Person</class>
<attribute>
<name>Canonical</name>
<value>ЮРИС ЗАКИС</value>
</attribute>
</entry>
<entry>
<id>18</id>
<offset>1219</offset>
<length>12</length>
<class>AAA_Estimate_Person</class>
<attribute>
<name>Canonical</name>
<value>АННА ВЛАДОВА</value>
</attribute>
</entry>
<entry>
<id>19</id>
<offset>1239</offset>
<length>17</length>
<class>AAA_Estimate_Person</class>
<attribute>
<name>Canonical</name>
<value>ЕФИМИЙ КЛЕМЕНТЬЕВ</value>
</attribute>
</entry>
<entry>
<id>20</id>
<offset>1355</offset>
<length>14</length>
<class>AAA_Estimate_Person</class>
<attribute>
<name>Canonical</name>
<value>ДАНИС ТУРЛАЙС</value>
</attribute>
</entry>
<entry>
<id>21</id>
<offset>1391</offset>
<length>15</length>
<class>AAA_Estimate_Person</class>
<attribute>
<name>Canonical</name>
<value>ВЛАДИМИР ФРОЛОВ</value>
</attribute>
</entry>
<entry>
<id>22</id>
<offset>1451</offset>
<length>14</length>
<class>AAA_Estimate_Person</class>
<attribute>
<name>Canonical</name>
<value>МАКСИМ ТОЛСТОЙ</value>
</attribute>
</entry>
<entry>
<id>23</id>
<offset>1481</offset>
<length>15</length>
<class>AAA_Estimate_Person</class>
<attribute>
<name>Canonical</name>
<value>ВИТА ЕРМОЛОВИЧА</value>
</attribute>
</entry>
<entry>
<id>24</id>
<offset>1499</offset>
<length>14</length>
<class>AAA_Estimate_Person</class>
<attribute>
<name>Canonical</name>
<value>РАЙМОНД ГАЙЛИС</value>
</attribute>
</entry>
<entry>
<id>25</id>
<offset>1569</offset>
<length>19</length>
<class>AAA_Estimate_Person</class>
<attribute>
<name>Canonical</name>
<value>ВЯЧЕСЛАВ СТЕПАНЕНКО</value>
</attribute>
</entry>
<entry>
<id>26</id>
<offset>1604</offset>
<length>14</length>
<class>AAA_Estimate_Person</class>
<attribute>
<name>Canonical</name>
<value>ВАДИМ БАРАННИК</value>
</attribute>
</entry>
<entry>
<id>27</id>
<offset>1620</offset>
<length>13</length>
<class>AAA_Estimate_Person</class>
<attribute>
<name>Canonical</name>
<value>ЯНИС ЛОЧМЕЛИС</value>
</attribute>
</entry>
<entry>
<id>28</id>
<offset>1641</offset>
<length>11</length>
<class>AAA_Estimate_Person</class>
<attribute>
<name>Canonical</name>
<value>АЙНА КРУКЛЕ</value>
</attribute>
</entry>
</markup>
