﻿<markup>
<entry>
<id>1</id>
<offset>2</offset>
<length>7</length>
<class>AAA_Estimate_Person</class>
<attribute>
<name>Canonical</name>
<value>СОБЯНИН</value>
</attribute>
</entry>
<entry>
<id>2</id>
<offset>94</offset>
<length>14</length>
<class>AAA_Estimate_Person</class>
<attribute>
<name>Canonical</name>
<value>СЕРГЕЙ СОБЯНИН</value>
</attribute>
</entry>
<entry>
<id>3</id>
<offset>266</offset>
<length>14</length>
<class>AAA_Estimate_Person</class>
<attribute>
<name>Canonical</name>
<value>СЕРГЕЙ СОБЯНИН</value>
</attribute>
</entry>
<entry>
<id>4</id>
<offset>461</offset>
<length>15</length>
<class>AAA_Estimate_Person</class>
<attribute>
<name>Canonical</name>
<value>ЛЮДМИЛА ШВЕЦОВА</value>
</attribute>
</entry>
<entry>
<id>5</id>
<offset>498</offset>
<length>14</length>
<class>AAA_Estimate_Person</class>
<attribute>
<name>Canonical</name>
<value>ВЛАДИМИР ПУТИН</value>
</attribute>
</entry>
<entry>
<id>6</id>
<offset>562</offset>
<length>8</length>
<class>AAA_Estimate_Person</class>
<attribute>
<name>Canonical</name>
<value>СОБЯНИН</value>
</attribute>
</entry>
<entry>
<id>7</id>
<offset>716</offset>
<length>7</length>
<class>AAA_Estimate_Person</class>
<attribute>
<name>Canonical</name>
<value>СОБЯНИН</value>
</attribute>
</entry>
<entry>
<id>8</id>
<offset>920</offset>
<length>7</length>
<class>AAA_Estimate_Person</class>
<attribute>
<name>Canonical</name>
<value>СОБЯНИН</value>
</attribute>
</entry>
<entry>
<id>9</id>
<offset>1084</offset>
<length>8</length>
<class>AAA_Estimate_Person</class>
<attribute>
<name>Canonical</name>
<value>СОБЯНИН</value>
</attribute>
</entry>
<entry>
<id>10</id>
<offset>1230</offset>
<length>7</length>
<class>AAA_Estimate_Person</class>
<attribute>
<name>Canonical</name>
<value>ШВЕЦОВА</value>
</attribute>
</entry>
<entry>
<id>11</id>
<offset>1521</offset>
<length>7</length>
<class>AAA_Estimate_Person</class>
<attribute>
<name>Canonical</name>
<value>ШВЕЦОВА</value>
</attribute>
</entry>
<entry>
<id>12</id>
<offset>2326</offset>
<length>8</length>
<class>AAA_Estimate_Person</class>
<attribute>
<name>Canonical</name>
<value>СОБЯНИН</value>
</attribute>
</entry>
<entry>
<id>13</id>
<offset>2600</offset>
<length>7</length>
<class>AAA_Estimate_Person</class>
<attribute>
<name>Canonical</name>
<value>ШВЕЦОВА</value>
</attribute>
</entry>
</markup>
