﻿<markup>
<entry>
<id>1</id>
<offset>12</offset>
<length>7</length>
<class>AAA_Estimate_Person</class>
<attribute>
<name>Canonical</name>
<value>БОТАШЕВ</value>
</attribute>
</entry>
<entry>
<id>2</id>
<offset>144</offset>
<length>11</length>
<class>AAA_Estimate_Person</class>
<attribute>
<name>Canonical</name>
<value>АХМЕТХАНОВ</value>
</attribute>
</entry>
<entry>
<id>3</id>
<offset>179</offset>
<length>15</length>
<class>AAA_Estimate_Person</class>
<attribute>
<name>Canonical</name>
<value>КАЗИМИР БОТАШЕВ</value>
</attribute>
</entry>
<entry>
<id>4</id>
<offset>326</offset>
<length>28</length>
<class>AAA_Estimate_Person</class>
<attribute>
<name>Canonical</name>
<value>КАЗИМИР ХАЛИСОВИЧ БОТАШЕВ</value>
</attribute>
</entry>
<entry>
<id>5</id>
<offset>575</offset>
<length>19</length>
<class>AAA_Estimate_Person</class>
<attribute>
<name>Canonical</name>
<value>ЖАУДАТ АХМЕТХАНОВ</value>
</attribute>
</entry>
<entry>
<id>6</id>
<offset>596</offset>
<length>10</length>
<class>AAA_Estimate_Person</class>
<attribute>
<name>Canonical</name>
<value>АХМЕТХАНОВ</value>
</attribute>
</entry>
<entry>
<id>7</id>
<offset>768</offset>
<length>7</length>
<class>AAA_Estimate_Person</class>
<attribute>
<name>Canonical</name>
<value>БОТАШЕВ</value>
</attribute>
</entry>
</markup>
