﻿<markup>
<entry>
<id>1</id>
<offset>0</offset>
<length>20</length>
<class>AAA_Estimate_Person</class>
<attribute>
<name>Canonical</name>
<value>АРНОЛЬД ШВАРЦЕНЕГГЕР</value>
</attribute>
</entry>
<entry>
<id>2</id>
<offset>43</offset>
<length>20</length>
<class>AAA_Estimate_Person</class>
<attribute>
<name>Canonical</name>
<value>АРНОЛЬД ШВАРЦЕНЕГГЕР</value>
</attribute>
</entry>
<entry>
<id>3</id>
<offset>182</offset>
<length>12</length>
<class>AAA_Estimate_Person</class>
<attribute>
<name>Canonical</name>
<value>ШВАРЦЕНЕГГЕР</value>
</attribute>
</entry>
<entry>
<id>4</id>
<offset>419</offset>
<length>13</length>
<class>AAA_Estimate_Person</class>
<attribute>
<name>Canonical</name>
<value>ШВАРЦЕНЕГГЕР</value>
</attribute>
</entry>
<entry>
<id>5</id>
<offset>743</offset>
<length>14</length>
<class>AAA_Estimate_Person</class>
<attribute>
<name>Canonical</name>
<value>РЭНДОЛЛ УОЛЛЕС</value>
</attribute>
</entry>
<entry>
<id>7</id>
<offset>894</offset>
<length>13</length>
<class>AAA_Estimate_Person</class>
<attribute>
<name>Canonical</name>
<value>ШВАРЦЕНЕГГЕР</value>
</attribute>
</entry>
<entry>
<id>8</id>
<offset>989</offset>
<length>12</length>
<class>AAA_Estimate_Person</class>
<attribute>
<name>Canonical</name>
<value>ШВАРЦЕНЕГГЕР</value>
</attribute>
</entry>
<entry>
<id>9</id>
<offset>1114</offset>
<length>13</length>
<class>AAA_Estimate_Person</class>
<attribute>
<name>Canonical</name>
<value>ДЖЕРРИ БРАУН</value>
</attribute>
</entry>
<entry>
<id>10</id>
<offset>1167</offset>
<length>12</length>
<class>AAA_Estimate_Person</class>
<attribute>
<name>Canonical</name>
<value>ШВАРЦЕНЕГГЕР</value>
</attribute>
</entry>
<entry>
<id>11</id>
<offset>1286</offset>
<length>19</length>
<class>AAA_Estimate_Person</class>
<attribute>
<name>Canonical</name>
<value>СИЛЬВЕСТР СТАЛЛОНЕ</value>
</attribute>
</entry>
<entry>
<id>12</id>
<offset>1364</offset>
<length>12</length>
<class>AAA_Estimate_Person</class>
<attribute>
<name>Canonical</name>
<value>ШВАРЦЕНЕГГЕР</value>
</attribute>
</entry>
<entry>
<id>13</id>
<offset>1492</offset>
<length>12</length>
<class>AAA_Estimate_Person</class>
<attribute>
<name>Canonical</name>
<value>ШВАРЦЕНЕГГЕР</value>
</attribute>
</entry>
</markup>
