﻿<markup>
<entry>
<id>1</id>
<offset>0</offset>
<length>8</length>
<class>AAA_Estimate_Person</class>
<attribute>
<name>Canonical</name>
<value>ЯНУКОВИЧ</value>
</attribute>
</entry>
<entry>
<id>2</id>
<offset>33</offset>
<length>9</length>
<class>AAA_Estimate_Person</class>
<attribute>
<name>Canonical</name>
<value>ТИМОШЕНКО</value>
</attribute>
</entry>
<entry>
<id>3</id>
<offset>174</offset>
<length>9</length>
<class>AAA_Estimate_Person</class>
<attribute>
<name>Canonical</name>
<value>ТИМОШЕНКО</value>
</attribute>
</entry>
<entry>
<id>4</id>
<offset>334</offset>
<length>14</length>
<class>AAA_Estimate_Person</class>
<attribute>
<name>Canonical</name>
<value>АРСЕНИЙ ЯЦЕНЮК</value>
</attribute>
</entry>
<entry>
<id>5</id>
<offset>415</offset>
<length>15</length>
<class>AAA_Estimate_Person</class>
<attribute>
<name>Canonical</name>
<value>ВИКТОР ЯНУКОВИЧ</value>
</attribute>
</entry>
<entry>
<id>6</id>
<offset>520</offset>
<length>14</length>
<class>AAA_Estimate_Person</class>
<attribute>
<name>Canonical</name>
<value>ЮЛИЯ ТИМОШЕНКО</value>
</attribute>
</entry>
<entry>
<id>7</id>
<offset>601</offset>
<length>7</length>
<class>AAA_Estimate_Person</class>
<attribute>
<name>Canonical</name>
<value>ЯЦЕНЮК</value>
</attribute>
</entry>
<entry>
<id>8</id>
<offset>661</offset>
<length>10</length>
<class>AAA_Estimate_Person</class>
<attribute>
<name>Canonical</name>
<value>ЯНУКОВИЧ</value>
</attribute>
</entry>
<entry>
<id>9</id>
<offset>698</offset>
<length>9</length>
<class>AAA_Estimate_Person</class>
<attribute>
<name>Canonical</name>
<value>ТИМОШЕНКО</value>
</attribute>
</entry>
<entry>
<id>10</id>
<offset>1012</offset>
<length>7</length>
<class>AAA_Estimate_Person</class>
<attribute>
<name>Canonical</name>
<value>ЯЦЕНЮК</value>
</attribute>
</entry>
<entry>
<id>11</id>
<offset>1104</offset>
<length>14</length>
<class>AAA_Estimate_Person</class>
<attribute>
<name>Canonical</name>
<value>ЮЛИЯ ТИМОШЕНКО</value>
</attribute>
</entry>
<entry>
<id>12</id>
<offset>1198</offset>
<length>9</length>
<class>AAA_Estimate_Person</class>
<attribute>
<name>Canonical</name>
<value>ТИМОШЕНКО</value>
</attribute>
</entry>
<entry>
<id>13</id>
<offset>1369</offset>
<length>9</length>
<class>AAA_Estimate_Person</class>
<attribute>
<name>Canonical</name>
<value>ТИМОШЕНКО</value>
</attribute>
</entry>
</markup>
