﻿<markup>
<entry>
<id>1</id>
<offset>90</offset>
<length>10</length>
<class>AAA_Estimate_Person</class>
<attribute>
<name>Canonical</name>
<value>РОН ЗОММЕР</value>
</attribute>
</entry>
<entry>
<id>2</id>
<offset>255</offset>
<length>16</length>
<class>AAA_Estimate_Person</class>
<attribute>
<name>Canonical</name>
<value>АЛЕКСАНДР КОРСИК</value>
</attribute>
</entry>
<entry>
<id>3</id>
<offset>388</offset>
<length>14</length>
<class>AAA_Estimate_Person</class>
<attribute>
<name>Canonical</name>
<value>ЛЕОНИД МЕЛАМЕД</value>
</attribute>
</entry>
<entry>
<id>4</id>
<offset>1210</offset>
<length>10</length>
<class>AAA_Estimate_Person</class>
<attribute>
<name>Canonical</name>
<value>РОН ЗОММЕР</value>
</attribute>
</entry>
<entry>
<id>5</id>
<offset>1254</offset>
<length>16</length>
<class>AAA_Estimate_Person</class>
<attribute>
<name>Canonical</name>
<value>АЛЕКСАНДР КОРСИК</value>
</attribute>
</entry>
</markup>
