﻿<markup>
<entry>
<id>1</id>
<offset>11</offset>
<length>9</length>
<class>AAA_Estimate_Person</class>
<attribute>
<name>Canonical</name>
<value>ТЯГНИБОК</value>
</attribute>
</entry>
<entry>
<id>2</id>
<offset>111</offset>
<length>13</length>
<class>AAA_Estimate_Person</class>
<attribute>
<name>Canonical</name>
<value>ОЛЕГ ТЯГНИБОК</value>
</attribute>
</entry>
<entry>
<id>3</id>
<offset>127</offset>
<length>18</length>
<class>AAA_Estimate_Person</class>
<attribute>
<name>Canonical</name>
<value>ИГОРЬ МИРОШНИЧЕНКО</value>
</attribute>
</entry>
<entry>
<id>4</id>
<offset>396</offset>
<length>11</length>
<class>AAA_Estimate_Person</class>
<attribute>
<name>Canonical</name>
<value>ДЖОН КЕРРИ</value>
</attribute>
</entry>
<entry>
<id>5</id>
<offset>553</offset>
<length>15</length>
<class>AAA_Estimate_Person</class>
<attribute>
<name>Canonical</name>
<value>ХИЛЛАРИ КЛИНТОН</value>
</attribute>
</entry>
<entry>
<id>6</id>
<offset>640</offset>
<length>7</length>
<class>AAA_Estimate_Person</class>
<attribute>
<name>Canonical</name>
<value>КЛИНТОН</value>
</attribute>
</entry>
<entry>
<id>7</id>
<offset>675</offset>
<length>9</length>
<class>AAA_Estimate_Person</class>
<attribute>
<name>Canonical</name>
<value>ТИМОШЕНКО</value>
</attribute>
</entry>
<entry>
<id>8</id>
<offset>718</offset>
<length>7</length>
<class>AAA_Estimate_Person</class>
<attribute>
<name>Canonical</name>
<value>КЛИНТОН</value>
</attribute>
</entry>
<entry>
<id>9</id>
<offset>726</offset>
<length>12</length>
<class>AAA_Estimate_Person</class>
<attribute>
<name>Canonical</name>
<value>ДЖОН КЕРРИ</value>
</attribute>
</entry>
<entry>
<id>10</id>
<offset>1103</offset>
<length>18</length>
<class>AAA_Estimate_Person</class>
<attribute>
<name>Canonical</name>
<value>АЛЕКСАНДР ФЕЛЬДМАН</value>
</attribute>
</entry>
</markup>
