﻿<markup>
<entry>
<id>1</id>
<offset>84</offset>
<length>27</length>
<class>AAA_Estimate_Person</class>
<attribute>
<name>Canonical</name>
<value>ДЖЕФФ СЕШНС (JEFF SESSIONS)</value>
</attribute>
</entry>
<entry>
<id>2</id>
<offset>201</offset>
<length>5</length>
<class>AAA_Estimate_Person</class>
<attribute>
<name>Canonical</name>
<value>СЕШНС</value>
</attribute>
</entry>
<entry>
<id>3</id>
<offset>214</offset>
<length>31</length>
<class>AAA_Estimate_Person</class>
<attribute>
<name>Canonical</name>
<value>АРЛЕН СПЕКТЕР (ARLEN SPECTER)</value>
</attribute>
</entry>
<entry>
<id>4</id>
<offset>408</offset>
<length>11</length>
<class>AAA_Estimate_Person</class>
<attribute>
<name>Canonical</name>
<value>БАРАК ОБАМА</value>
</attribute>
</entry>
<entry>
<id>5</id>
<offset>444</offset>
<length>5</length>
<class>AAA_Estimate_Person</class>
<attribute>
<name>Canonical</name>
<value>СЕШНС</value>
</attribute>
</entry>
<entry>
<id>6</id>
<offset>501</offset>
<length>8</length>
<class>AAA_Estimate_Person</class>
<attribute>
<name>Canonical</name>
<value>СПЕКТЕР</value>
</attribute>
</entry>
<entry>
<id>7</id>
<offset>516</offset>
<length>7</length>
<class>AAA_Estimate_Person</class>
<attribute>
<name>Canonical</name>
<value>СПЕКТЕР</value>
</attribute>
</entry>
<entry>
<id>8</id>
<offset>608</offset>
<length>5</length>
<class>AAA_Estimate_Person</class>
<attribute>
<name>Canonical</name>
<value>ОБАМА</value>
</attribute>
</entry>
<entry>
<id>9</id>
<offset>618</offset>
<length>5</length>
<class>AAA_Estimate_Person</class>
<attribute>
<name>Canonical</name>
<value>СЕШНС</value>
</attribute>
</entry>
<entry>
<id>10</id>
<offset>832</offset>
<length>29</length>
<class>AAA_Estimate_Person</class>
<attribute>
<name>Canonical</name>
<value>ДЭВИД САУТЕР (DAVID SOUTER)</value>
</attribute>
</entry>
<entry>
<id>11</id>
<offset>872</offset>
<length>6</length>
<class>AAA_Estimate_Person</class>
<attribute>
<name>Canonical</name>
<value>САУТЕР</value>
</attribute>
</entry>
<entry>
<id>12</id>
<offset>936</offset>
<length>5</length>
<class>AAA_Estimate_Person</class>
<attribute>
<name>Canonical</name>
<value>ОБАМА</value>
</attribute>
</entry>
<entry>
<id>13</id>
<offset>1136</offset>
<length>26</length>
<class>AAA_Estimate_Person</class>
<attribute>
<name>Canonical</name>
<value>ОРРИН ХЭТЧ (ORRIN HATCH)</value>
</attribute>
</entry>
<entry>
<id>14</id>
<offset>1164</offset>
<length>5</length>
<class>AAA_Estimate_Person</class>
<attribute>
<name>Canonical</name>
<value>ОБАМА</value>
</attribute>
</entry>
<entry>
<id>15</id>
<offset>1231</offset>
<length>4</length>
<class>AAA_Estimate_Person</class>
<attribute>
<name>Canonical</name>
<value>ХЭТЧ</value>
</attribute>
</entry>
<entry>
<id>16</id>
<offset>1272</offset>
<length>5</length>
<class>AAA_Estimate_Person</class>
<attribute>
<name>Canonical</name>
<value>СЕШНС</value>
</attribute>
</entry>
<entry>
<id>17</id>
<offset>1307</offset>
<length>11</length>
<class>AAA_Estimate_Person</class>
<attribute>
<name>Canonical</name>
<value>ДЖЕФФ СЕШНС</value>
</attribute>
</entry>
<entry>
<id>18</id>
<offset>1435</offset>
<length>5</length>
<class>AAA_Estimate_Person</class>
<attribute>
<name>Canonical</name>
<value>СЕШНС</value>
</attribute>
</entry>
<entry>
<id>19</id>
<offset>1640</offset>
<length>6</length>
<class>AAA_Estimate_Person</class>
<attribute>
<name>Canonical</name>
<value>СЕШНС</value>
</attribute>
</entry>
<entry>
<id>20</id>
<offset>1657</offset>
<length>9</length>
<class>AAA_Estimate_Person</class>
<attribute>
<name>Canonical</name>
<value>СПЕКТЕР</value>
</attribute>
</entry>
<entry>
<id>21</id>
<offset>1710</offset>
<length>6</length>
<class>AAA_Estimate_Person</class>
<attribute>
<name>Canonical</name>
<value>СЕШНС</value>
</attribute>
</entry>
</markup>
