﻿<markup>
<entry>
<id>1</id>
<offset>50</offset>
<length>27</length>
<class>AAA_Estimate_Person</class>
<attribute>
<name>Canonical</name>
<value>ДЭВИД УЭСТИН (DAVID WESTIN)</value>
</attribute>
</entry>
<entry>
<id>2</id>
<offset>234</offset>
<length>6</length>
<class>AAA_Estimate_Person</class>
<attribute>
<name>Canonical</name>
<value>УЭСТИН</value>
</attribute>
</entry>
<entry>
<id>3</id>
<offset>402</offset>
<length>6</length>
<class>AAA_Estimate_Person</class>
<attribute>
<name>Canonical</name>
<value>УЭСТИН</value>
</attribute>
</entry>
<entry>
<id>4</id>
<offset>473</offset>
<length>6</length>
<class>AAA_Estimate_Person</class>
<attribute>
<name>Canonical</name>
<value>УЭСТИН</value>
</attribute>
</entry>
<entry>
<id>5</id>
<offset>640</offset>
<length>12</length>
<class>AAA_Estimate_Person</class>
<attribute>
<name>Canonical</name>
<value>ДЭВИД УЭСТИН</value>
</attribute>
</entry>
<entry>
<id>6</id>
<offset>725</offset>
<length>12</length>
<class>AAA_Estimate_Person</class>
<attribute>
<name>Canonical</name>
<value>ДЭВИД УЭСТИН</value>
</attribute>
</entry>
<entry>
<id>7</id>
<offset>849</offset>
<length>7</length>
<class>AAA_Estimate_Person</class>
<attribute>
<name>Canonical</name>
<value>УЭСТИН</value>
</attribute>
</entry>
<entry>
<id>8</id>
<offset>985</offset>
<length>6</length>
<class>AAA_Estimate_Person</class>
<attribute>
<name>Canonical</name>
<value>УЭСТИН</value>
</attribute>
</entry>
<entry>
<id>9</id>
<offset>1153</offset>
<length>39</length>
<class>AAA_Estimate_Person</class>
<attribute>
<name>Canonical</name>
<value>КРИСТИАНА АМАНПУР (CHRISTIANE AMANPOUR)</value>
</attribute>
</entry>
</markup>
