﻿<markup>
<entry>
<id>1</id>
<offset>267</offset>
<length>17</length>
<class>AAA_Estimate_Person</class>
<attribute>
<name>Canonical</name>
<value>МИХАИЛ МЯСНИКОВИЧ</value>
</attribute>
</entry>
<entry>
<id>2</id>
<offset>399</offset>
<length>20</length>
<class>AAA_Estimate_Person</class>
<attribute>
<name>Canonical</name>
<value>ВИКТОР ТОЛОКОНСКИЙ</value>
</attribute>
</entry>
<entry>
<id>3</id>
<offset>441</offset>
<length>10</length>
<class>AAA_Estimate_Person</class>
<attribute>
<name>Canonical</name>
<value>МЯСНИКОВИЧ</value>
</attribute>
</entry>
<entry>
<id>4</id>
<offset>834</offset>
<length>10</length>
<class>AAA_Estimate_Person</class>
<attribute>
<name>Canonical</name>
<value>МЯСНИКОВИЧ</value>
</attribute>
</entry>
<entry>
<id>5</id>
<offset>1232</offset>
<length>19</length>
<class>AAA_Estimate_Person</class>
<attribute>
<name>Canonical</name>
<value>АЛЕКСАНДР ЛУКАШЕНКО</value>
</attribute>
</entry>
<entry>
<id>6</id>
<offset>1560</offset>
<length>10</length>
<class>AAA_Estimate_Person</class>
<attribute>
<name>Canonical</name>
<value>МЯСНИКОВИЧ</value>
</attribute>
</entry>
<entry>
<id>7</id>
<offset>2012</offset>
<length>10</length>
<class>AAA_Estimate_Person</class>
<attribute>
<name>Canonical</name>
<value>МЯСНИКОВИЧ</value>
</attribute>
</entry>
<entry>
<id>8</id>
<offset>2230</offset>
<length>11</length>
<class>AAA_Estimate_Person</class>
<attribute>
<name>Canonical</name>
<value>ТОЛОКОНСКИЙ</value>
</attribute>
</entry>
<entry>
<id>9</id>
<offset>2823</offset>
<length>19</length>
<class>AAA_Estimate_Person</class>
<attribute>
<name>Canonical</name>
<value>АЛЕКСАНДР ЛУКАШЕНКО</value>
</attribute>
</entry>
<entry>
<id>10</id>
<offset>2971</offset>
<length>20</length>
<class>AAA_Estimate_Person</class>
<attribute>
<name>Canonical</name>
<value>ВИКТОР ТОЛОКОНСКИЙ</value>
</attribute>
</entry>
<entry>
<id>11</id>
<offset>3266</offset>
<length>9</length>
<class>AAA_Estimate_Person</class>
<attribute>
<name>Canonical</name>
<value>ЛУКАШЕНКО</value>
</attribute>
</entry>
<entry>
<id>12</id>
<offset>3437</offset>
<length>9</length>
<class>AAA_Estimate_Person</class>
<attribute>
<name>Canonical</name>
<value>ЛУКАШЕНКО</value>
</attribute>
</entry>
</markup>
