﻿<markup>
<entry>
<id>1</id>
<offset>0</offset>
<length>9</length>
<class>AAA_Estimate_Person</class>
<attribute>
<name>Canonical</name>
<value>А УСМАНОВ</value>
</attribute>
</entry>
<entry>
<id>2</id>
<offset>58</offset>
<length>14</length>
<class>AAA_Estimate_Person</class>
<attribute>
<name>Canonical</name>
<value>АЛИШЕР УСМАНОВ</value>
</attribute>
</entry>
<entry>
<id>3</id>
<offset>127</offset>
<length>16</length>
<class>AAA_Estimate_Person</class>
<attribute>
<name>Canonical</name>
<value>ВЛАДИМИР ПУТИН</value>
</attribute>
</entry>
<entry>
<id>4</id>
<offset>238</offset>
<length>9</length>
<class>AAA_Estimate_Person</class>
<attribute>
<name>Canonical</name>
<value>А УСМАНОВ</value>
</attribute>
</entry>
<entry>
<id>5</id>
<offset>431</offset>
<length>9</length>
<class>AAA_Estimate_Person</class>
<attribute>
<name>Canonical</name>
<value>А УСМАНОВ</value>
</attribute>
</entry>
<entry>
<id>6</id>
<offset>517</offset>
<length>9</length>
<class>AAA_Estimate_Person</class>
<attribute>
<name>Canonical</name>
<value>А УСМАНОВ</value>
</attribute>
</entry>
<entry>
<id>7</id>
<offset>708</offset>
<length>10</length>
<class>AAA_Estimate_Person</class>
<attribute>
<name>Canonical</name>
<value>А УСМАНОВ</value>
</attribute>
</entry>
<entry>
<id>8</id>
<offset>804</offset>
<length>14</length>
<class>AAA_Estimate_Person</class>
<attribute>
<name>Canonical</name>
<value>ВЛАДИМИР ПУТИН</value>
</attribute>
</entry>
<entry>
<id>9</id>
<offset>1209</offset>
<length>8</length>
<class>AAA_Estimate_Person</class>
<attribute>
<name>Canonical</name>
<value>В ПУТИН</value>
</attribute>
</entry>
<entry>
<id>10</id>
<offset>1536</offset>
<length>7</length>
<class>AAA_Estimate_Person</class>
<attribute>
<name>Canonical</name>
<value>В ПУТИН</value>
</attribute>
</entry>
<entry>
<id>11</id>
<offset>1642</offset>
<length>16</length>
<class>AAA_Estimate_Person</class>
<attribute>
<name>Canonical</name>
<value>ДМИТРИЙ МЕДВЕДЕВ</value>
</attribute>
</entry>
</markup>
