﻿<markup>
<entry>
<id>1</id>
<offset>15</offset>
<length>8</length>
<class>AAA_Estimate_Person</class>
<attribute>
<name>Canonical</name>
<value>ГАЙТНЕР</value>
</attribute>
</entry>
<entry>
<id>2</id>
<offset>88</offset>
<length>15</length>
<class>AAA_Estimate_Person</class>
<attribute>
<name>Canonical</name>
<value>ТИМОТИ ГАЙТНЕР</value>
</attribute>
</entry>
<entry>
<id>4</id>
<offset>183</offset>
<length>8</length>
<class>AAA_Estimate_Person</class>
<attribute>
<name>Canonical</name>
<value>ГАЙТНЕР</value>
</attribute>
</entry>
<entry>
<id>5</id>
<offset>204</offset>
<length>14</length>
<class>AAA_Estimate_Person</class>
<attribute>
<name>Canonical</name>
<value>БАРАК ОБАМА</value>
</attribute>
</entry>
<entry>
<id>6</id>
<offset>365</offset>
<length>8</length>
<class>AAA_Estimate_Person</class>
<attribute>
<name>Canonical</name>
<value>ГАЙТНЕР</value>
</attribute>
</entry>
<entry>
<id>7</id>
<offset>667</offset>
<length>8</length>
<class>AAA_Estimate_Person</class>
<attribute>
<name>Canonical</name>
<value>ГАЙТНЕР</value>
</attribute>
</entry>
<entry>
<id>8</id>
<offset>765</offset>
<length>5</length>
<class>AAA_Estimate_Person</class>
<attribute>
<name>Canonical</name>
<value>ОБАМА</value>
</attribute>
</entry>
</markup>
