﻿<markup>
<entry>
<id>1</id>
<offset>0</offset>
<length>6</length>
<class>AAA_Estimate_Person</class>
<attribute>
<name>Canonical</name>
<value>ГУДКОВ</value>
</attribute>
</entry>
<entry>
<id>2</id>
<offset>95</offset>
<length>15</length>
<class>AAA_Estimate_Person</class>
<attribute>
<name>Canonical</name>
<value>ГЕННАДИЙ ГУДКОВ</value>
</attribute>
</entry>
<entry>
<id>3</id>
<offset>214</offset>
<length>15</length>
<class>AAA_Estimate_Person</class>
<attribute>
<name>Canonical</name>
<value>ГЕННАДИЙ ГУДКОВ</value>
</attribute>
</entry>
<entry>
<id>4</id>
<offset>320</offset>
<length>9</length>
<class>AAA_Estimate_Person</class>
<attribute>
<name>Canonical</name>
<value>ВЛАДИМИР</value>
</attribute>
</entry>
<entry>
<id>5</id>
<offset>403</offset>
<length>16</length>
<class>AAA_Estimate_Person</class>
<attribute>
<name>Canonical</name>
<value>ГЕННАДИЙ ГУДКОВ</value>
</attribute>
</entry>
<entry>
<id>6</id>
<offset>431</offset>
<length>7</length>
<class>AAA_Estimate_Person</class>
<attribute>
<name>Canonical</name>
<value>ДМИТРИЙ</value>
</attribute>
</entry>
<entry>
<id>7</id>
<offset>880</offset>
<length>9</length>
<class>AAA_Estimate_Person</class>
<attribute>
<name>Canonical</name>
<value>ВЛАДИМИР</value>
</attribute>
</entry>
<entry>
<id>8</id>
<offset>901</offset>
<length>6</length>
<class>AAA_Estimate_Person</class>
<attribute>
<name>Canonical</name>
<value>ГУДКОВ</value>
</attribute>
</entry>
<entry>
<id>9</id>
<offset>939</offset>
<length>15</length>
<class>AAA_Estimate_Person</class>
<attribute>
<name>Canonical</name>
<value>ГЕННАДИЙ ГУДКОВ</value>
</attribute>
</entry>
<entry>
<id>10</id>
<offset>1052</offset>
<length>6</length>
<class>AAA_Estimate_Person</class>
<attribute>
<name>Canonical</name>
<value>ГУДКОВ</value>
</attribute>
</entry>
<entry>
<id>11</id>
<offset>1081</offset>
<length>14</length>
<class>AAA_Estimate_Person</class>
<attribute>
<name>Canonical</name>
<value>ВЛАДИМИР ПУТИН</value>
</attribute>
</entry>
<entry>
<id>12</id>
<offset>1488</offset>
<length>12</length>
<class>AAA_Estimate_Person</class>
<attribute>
<name>Canonical</name>
<value>СЕРГЕЙ ШОЙГУ</value>
</attribute>
</entry>
<entry>
<id>13</id>
<offset>1583</offset>
<length>15</length>
<class>AAA_Estimate_Person</class>
<attribute>
<name>Canonical</name>
<value>АНДРЕЙ ВОРОБЬЕВ</value>
</attribute>
</entry>
<entry>
<id>14</id>
<offset>1680</offset>
<length>14</length>
<class>AAA_Estimate_Person</class>
<attribute>
<name>Canonical</name>
<value>ИРИНА ГОРЬКОВА</value>
</attribute>
</entry>
<entry>
<id>15</id>
<offset>1718</offset>
<length>12</length>
<class>AAA_Estimate_Person</class>
<attribute>
<name>Canonical</name>
<value>ГЛЕБ ФЕТИСОВ</value>
</attribute>
</entry>
<entry>
<id>16</id>
<offset>1809</offset>
<length>15</length>
<class>AAA_Estimate_Person</class>
<attribute>
<name>Canonical</name>
<value>МИХАИЛ ПРОХОРОВ</value>
</attribute>
</entry>
</markup>
