﻿<markup>
<entry>
<id>1</id>
<offset>0</offset>
<length>5</length>
<class>AAA_Estimate_Person</class>
<attribute>
<name>Canonical</name>
<value>ОБАМА</value>
</attribute>
</entry>
<entry>
<id>2</id>
<offset>54</offset>
<length>11</length>
<class>AAA_Estimate_Person</class>
<attribute>
<name>Canonical</name>
<value>БАРАК ОБАМА</value>
</attribute>
</entry>
<entry>
<id>3</id>
<offset>308</offset>
<length>20</length>
<class>AAA_Estimate_Person</class>
<attribute>
<name>Canonical</name>
<value>ДЖОН РУС (JOHN ROOS)</value>
</attribute>
</entry>
<entry>
<id>4</id>
<offset>393</offset>
<length>5</length>
<class>AAA_Estimate_Person</class>
<attribute>
<name>Canonical</name>
<value>ОБАМА</value>
</attribute>
</entry>
<entry>
<id>5</id>
<offset>429</offset>
<length>30</length>
<class>AAA_Estimate_Person</class>
<attribute>
<name>Canonical</name>
<value>ТИМОТИ РОУМЕР (TIMOTHY ROEMER)</value>
</attribute>
</entry>
<entry>
<id>9</id>
<offset>523</offset>
<length>6</length>
<class>AAA_Estimate_Person</class>
<attribute>
<name>Canonical</name>
<value>РОУМЕР</value>
</attribute>
</entry>
<entry>
<id>6</id>
<offset>754</offset>
<length>4</length>
<class>AAA_Estimate_Person</class>
<attribute>
<name>Canonical</name>
<value>РУС</value>
</attribute>
</entry>
<entry>
<id>7</id>
<offset>761</offset>
<length>7</length>
<class>AAA_Estimate_Person</class>
<attribute>
<name>Canonical</name>
<value>РОУМЕР</value>
</attribute>
</entry>
<entry>
<id>8</id>
<offset>1021</offset>
<length>26</length>
<class>AAA_Estimate_Person</class>
<attribute>
<name>Canonical</name>
<value>ЛУИС САСМЭН (LOUIS SUSMAN)</value>
</attribute>
</entry>
</markup>
