﻿<markup>
<entry>
<id>1</id>
<offset>30</offset>
<length>8</length>
<class>AAA_Estimate_Person</class>
<attribute>
<name>Canonical</name>
<value>СИБЕЛИУС</value>
</attribute>
</entry>
<entry>
<id>2</id>
<offset>148</offset>
<length>15</length>
<class>AAA_Estimate_Person</class>
<attribute>
<name>Canonical</name>
<value>КЭТЛИН СИБЕЛИУС</value>
</attribute>
</entry>
<entry>
<id>11</id>
<offset>202</offset>
<length>8</length>
<class>AAA_Estimate_Person</class>
<attribute>
<name>Canonical</name>
<value>СИБЕЛИУС</value>
</attribute>
</entry>
<entry>
<id>3</id>
<offset>463</offset>
<length>8</length>
<class>AAA_Estimate_Person</class>
<attribute>
<name>Canonical</name>
<value>СИБЕЛИУС</value>
</attribute>
</entry>
<entry>
<id>4</id>
<offset>604</offset>
<length>8</length>
<class>AAA_Estimate_Person</class>
<attribute>
<name>Canonical</name>
<value>СИБЕЛИУС</value>
</attribute>
</entry>
<entry>
<id>5</id>
<offset>842</offset>
<length>14</length>
<class>AAA_Estimate_Person</class>
<attribute>
<name>Canonical</name>
<value>БАРАК ОБАМА</value>
</attribute>
</entry>
<entry>
<id>6</id>
<offset>873</offset>
<length>8</length>
<class>AAA_Estimate_Person</class>
<attribute>
<name>Canonical</name>
<value>СИБЕЛИУС</value>
</attribute>
</entry>
<entry>
<id>7</id>
<offset>882</offset>
<length>8</length>
<class>AAA_Estimate_Person</class>
<attribute>
<name>Canonical</name>
<value>ТОМ ДЭШЛ</value>
</attribute>
</entry>
<entry>
<id>9</id>
<offset>1002</offset>
<length>5</length>
<class>AAA_Estimate_Person</class>
<attribute>
<name>Canonical</name>
<value>ОБАМА</value>
</attribute>
</entry>
<entry>
<id>10</id>
<offset>1139</offset>
<length>8</length>
<class>AAA_Estimate_Person</class>
<attribute>
<name>Canonical</name>
<value>СИБЕЛИУС</value>
</attribute>
</entry>
</markup>
