﻿<markup>
<entry>
<id>1</id>
<offset>0</offset>
<length>16</length>
<class>AAA_Estimate_Person</class>
<attribute>
<name>Canonical</name>
<value>РУДОЛЬФ ДЖУЛИАНИ</value>
</attribute>
</entry>
<entry>
<id>2</id>
<offset>87</offset>
<length>16</length>
<class>AAA_Estimate_Person</class>
<attribute>
<name>Canonical</name>
<value>РУДОЛЬФ ДЖУЛИАНИ</value>
</attribute>
</entry>
<entry>
<id>3</id>
<offset>240</offset>
<length>8</length>
<class>AAA_Estimate_Person</class>
<attribute>
<name>Canonical</name>
<value>ДЖУЛИАНИ</value>
</attribute>
</entry>
<entry>
<id>4</id>
<offset>317</offset>
<length>8</length>
<class>AAA_Estimate_Person</class>
<attribute>
<name>Canonical</name>
<value>ДЖУЛИАНИ</value>
</attribute>
</entry>
<entry>
<id>5</id>
<offset>546</offset>
<length>8</length>
<class>AAA_Estimate_Person</class>
<attribute>
<name>Canonical</name>
<value>ДЖУЛИАНИ</value>
</attribute>
</entry>
<entry>
<id>6</id>
<offset>674</offset>
<length>8</length>
<class>AAA_Estimate_Person</class>
<attribute>
<name>Canonical</name>
<value>ДЖУЛИАНИ</value>
</attribute>
</entry>
<entry>
<id>7</id>
<offset>762</offset>
<length>16</length>
<class>AAA_Estimate_Person</class>
<attribute>
<name>Canonical</name>
<value>ДЭВИД ПЭТЕРСОН</value>
</attribute>
</entry>
<entry>
<id>8</id>
<offset>853</offset>
<length>16</length>
<class>AAA_Estimate_Person</class>
<attribute>
<name>Canonical</name>
<value>РУДОЛЬФ ДЖУЛИАНИ</value>
</attribute>
</entry>
<entry>
<id>9</id>
<offset>997</offset>
<length>8</length>
<class>AAA_Estimate_Person</class>
<attribute>
<name>Canonical</name>
<value>ДЖУЛИАНИ</value>
</attribute>
</entry>
<entry>
<id>10</id>
<offset>1138</offset>
<length>8</length>
<class>AAA_Estimate_Person</class>
<attribute>
<name>Canonical</name>
<value>ДЖУЛИАНИ</value>
</attribute>
</entry>
</markup>
