﻿<markup>
<entry>
<id>1</id>
<offset>16</offset>
<length>10</length>
<class>AAA_Estimate_Person</class>
<attribute>
<name>Canonical</name>
<value>ЛЕВ ЛЕВАЕВ</value>
</attribute>
</entry>
<entry>
<id>2</id>
<offset>93</offset>
<length>10</length>
<class>AAA_Estimate_Person</class>
<attribute>
<name>Canonical</name>
<value>ЛЕВ ЛЕВАЕВ</value>
</attribute>
</entry>
<entry>
<id>3</id>
<offset>119</offset>
<length>12</length>
<class>AAA_Estimate_Person</class>
<attribute>
<name>Canonical</name>
<value>ИГОРЬ КАТАЕВ</value>
</attribute>
</entry>
<entry>
<id>4</id>
<offset>184</offset>
<length>10</length>
<class>AAA_Estimate_Person</class>
<attribute>
<name>Canonical</name>
<value>ЛЕВ ЛЕВАЕВ</value>
</attribute>
</entry>
<entry>
<id>5</id>
<offset>568</offset>
<length>6</length>
<class>AAA_Estimate_Person</class>
<attribute>
<name>Canonical</name>
<value>ЛЕВАЕВ</value>
</attribute>
</entry>
<entry>
<id>6</id>
<offset>706</offset>
<length>6</length>
<class>AAA_Estimate_Person</class>
<attribute>
<name>Canonical</name>
<value>ЛЕВАЕВ</value>
</attribute>
</entry>
<entry>
<id>7</id>
<offset>976</offset>
<length>7</length>
<class>AAA_Estimate_Person</class>
<attribute>
<name>Canonical</name>
<value>ЛЕВАЕВ</value>
</attribute>
</entry>
<entry>
<id>8</id>
<offset>1175</offset>
<length>7</length>
<class>AAA_Estimate_Person</class>
<attribute>
<name>Canonical</name>
<value>ЛЕВАЕВ</value>
</attribute>
</entry>
<entry>
<id>9</id>
<offset>1249</offset>
<length>15</length>
<class>AAA_Estimate_Person</class>
<attribute>
<name>Canonical</name>
<value>МАРК ГРОЙСМАН</value>
</attribute>
</entry>
<entry>
<id>10</id>
<offset>1342</offset>
<length>6</length>
<class>AAA_Estimate_Person</class>
<attribute>
<name>Canonical</name>
<value>ЛЕВАЕВ</value>
</attribute>
</entry>
<entry>
<id>11</id>
<offset>1584</offset>
<length>12</length>
<class>AAA_Estimate_Person</class>
<attribute>
<name>Canonical</name>
<value>ЛЕВ ЛЕВАЕВ</value>
</attribute>
</entry>
</markup>
