﻿<markup>
<entry>
<id>1</id>
<offset>179</offset>
<length>17</length>
<class>AAA_Estimate_Person</class>
<attribute>
<name>Canonical</name>
<value>РОБЕРТО МИЧЕЛЕТТИ</value>
</attribute>
</entry>
<entry>
<id>3</id>
<offset>219</offset>
<length>9</length>
<class>AAA_Estimate_Person</class>
<attribute>
<name>Canonical</name>
<value>МИЧЕЛЕТТИ</value>
</attribute>
</entry>
<entry>
<id>4</id>
<offset>318</offset>
<length>14</length>
<class>AAA_Estimate_Person</class>
<attribute>
<name>Canonical</name>
<value>МАНУЭЛЬ СЕЛАЙЯ</value>
</attribute>
</entry>
<entry>
<id>5</id>
<offset>546</offset>
<length>13</length>
<class>AAA_Estimate_Person</class>
<attribute>
<name>Canonical</name>
<value>ХОСЕ АЛЬФРЕДО</value>
</attribute>
</entry>
<entry>
<id>2</id>
<offset>632</offset>
<length>17</length>
<class>AAA_Estimate_Person</class>
<attribute>
<name>Canonical</name>
<value>РОБЕРТО МИЧЕЛЕТТИ</value>
</attribute>
</entry>
<entry>
<id>6</id>
<offset>775</offset>
<length>14</length>
<class>AAA_Estimate_Person</class>
<attribute>
<name>Canonical</name>
<value>МАНУЭЛЬ СЕЛАЙЯ</value>
</attribute>
</entry>
<entry>
<id>7</id>
<offset>1160</offset>
<length>6</length>
<class>AAA_Estimate_Person</class>
<attribute>
<name>Canonical</name>
<value>СЕЛАЙЯ</value>
</attribute>
</entry>
<entry>
<id>8</id>
<offset>2224</offset>
<length>6</length>
<class>AAA_Estimate_Person</class>
<attribute>
<name>Canonical</name>
<value>СЕЛАЙЯ</value>
</attribute>
</entry>
<entry>
<id>9</id>
<offset>2428</offset>
<length>6</length>
<class>AAA_Estimate_Person</class>
<attribute>
<name>Canonical</name>
<value>СЕЛАЙЯ</value>
</attribute>
</entry>
<entry>
<id>11</id>
<offset>2499</offset>
<length>9</length>
<class>AAA_Estimate_Person</class>
<attribute>
<name>Canonical</name>
<value>УГО ЧАВЕС</value>
</attribute>
</entry>
<entry>
<id>10</id>
<offset>2579</offset>
<length>6</length>
<class>AAA_Estimate_Person</class>
<attribute>
<name>Canonical</name>
<value>СЕЛАЙЯ</value>
</attribute>
</entry>
</markup>
