﻿<markup>
<entry>
<id>1</id>
<offset>82</offset>
<length>13</length>
<class>AAA_Estimate_Person</class>
<attribute>
<name>Canonical</name>
<value>ЖОЗЕ СОКРАТЕШ</value>
</attribute>
</entry>
<entry>
<id>2</id>
<offset>334</offset>
<length>8</length>
<class>AAA_Estimate_Person</class>
<attribute>
<name>Canonical</name>
<value>СОКРАТЕШ</value>
</attribute>
</entry>
<entry>
<id>3</id>
<offset>548</offset>
<length>9</length>
<class>AAA_Estimate_Person</class>
<attribute>
<name>Canonical</name>
<value>СОКРАТЕШ</value>
</attribute>
</entry>
</markup>
