﻿<markup>
<entry>
<id>1</id>
<offset>106</offset>
<length>16</length>
<class>AAA_Estimate_Person</class>
<attribute>
<name>Canonical</name>
<value>ВЛАДИМИР БАХАРЬ</value>
</attribute>
</entry>
<entry>
<id>2</id>
<offset>189</offset>
<length>12</length>
<class>AAA_Estimate_Person</class>
<attribute>
<name>Canonical</name>
<value>ЛЕВ КУЗНЕЦОВ</value>
</attribute>
</entry>
<entry>
<id>3</id>
<offset>305</offset>
<length>16</length>
<class>AAA_Estimate_Person</class>
<attribute>
<name>Canonical</name>
<value>ВЛАДИМИР БАХАРЬ</value>
</attribute>
</entry>
<entry>
<id>4</id>
<offset>429</offset>
<length>12</length>
<class>AAA_Estimate_Person</class>
<attribute>
<name>Canonical</name>
<value>ЛЕВ КУЗНЕЦОВ</value>
</attribute>
</entry>
<entry>
<id>5</id>
<offset>516</offset>
<length>14</length>
<class>AAA_Estimate_Person</class>
<attribute>
<name>Canonical</name>
<value>АНДРЕЙ САМОХИН</value>
</attribute>
</entry>
<entry>
<id>6</id>
<offset>713</offset>
<length>15</length>
<class>AAA_Estimate_Person</class>
<attribute>
<name>Canonical</name>
<value>ВЛАДИМИР БАХАРЬ</value>
</attribute>
</entry>
<entry>
<id>7</id>
<offset>942</offset>
<length>13</length>
<class>AAA_Estimate_Person</class>
<attribute>
<name>Canonical</name>
<value>АЛЕКСАНДР УСС</value>
</attribute>
</entry>
<entry>
<id>8</id>
<offset>960</offset>
<length>6</length>
<class>AAA_Estimate_Person</class>
<attribute>
<name>Canonical</name>
<value>БАХАРЬ</value>
</attribute>
</entry>
<entry>
<id>9</id>
<offset>1251</offset>
<length>12</length>
<class>AAA_Estimate_Person</class>
<attribute>
<name>Canonical</name>
<value>ЛЕВ КУЗНЕЦОВ</value>
</attribute>
</entry>
<entry>
<id>10</id>
<offset>1265</offset>
<length>13</length>
<class>AAA_Estimate_Person</class>
<attribute>
<name>Canonical</name>
<value>АЛЕКСАНДР УСС</value>
</attribute>
</entry>
</markup>
