﻿<markup>
<entry>
<id>1</id>
<offset>0</offset>
<length>12</length>
<class>AAA_Estimate_Person</class>
<attribute>
<name>Canonical</name>
<value>АХМАТ ЭБЗЕЕВ</value>
</attribute>
</entry>
<entry>
<id>2</id>
<offset>106</offset>
<length>17</length>
<class>AAA_Estimate_Person</class>
<attribute>
<name>Canonical</name>
<value>КАЗИМИР БОТАШЕВ</value>
</attribute>
</entry>
<entry>
<id>3</id>
<offset>822</offset>
<length>12</length>
<class>AAA_Estimate_Person</class>
<attribute>
<name>Canonical</name>
<value>АХМАТ ЭБЗЕЕВ</value>
</attribute>
</entry>
<entry>
<id>4</id>
<offset>885</offset>
<length>14</length>
<class>AAA_Estimate_Person</class>
<attribute>
<name>Canonical</name>
<value>ВЛАДИМИР ПУТИН</value>
</attribute>
</entry>
<entry>
<id>5</id>
<offset>960</offset>
<length>17</length>
<class>AAA_Estimate_Person</class>
<attribute>
<name>Canonical</name>
<value>КАЗИМИР БОТАШЕВ</value>
</attribute>
</entry>
<entry>
<id>12</id>
<offset>1096</offset>
<length>7</length>
<class>AAA_Estimate_Person</class>
<attribute>
<name>Canonical</name>
<value>БОТАШЕВ</value>
</attribute>
</entry>
<entry>
<id>6</id>
<offset>1337</offset>
<length>5</length>
<class>AAA_Estimate_Person</class>
<attribute>
<name>Canonical</name>
<value>ПУТИН</value>
</attribute>
</entry>
<entry>
<id>7</id>
<offset>1422</offset>
<length>19</length>
<class>AAA_Estimate_Person</class>
<attribute>
<name>Canonical</name>
<value>ЖАУДАТ АХМЕТХАНОВ</value>
</attribute>
</entry>
<entry>
<id>8</id>
<offset>1511</offset>
<length>7</length>
<class>AAA_Estimate_Person</class>
<attribute>
<name>Canonical</name>
<value>БОТАШЕВ</value>
</attribute>
</entry>
<entry>
<id>9</id>
<offset>1804</offset>
<length>6</length>
<class>AAA_Estimate_Person</class>
<attribute>
<name>Canonical</name>
<value>ЭБЗЕЕВ</value>
</attribute>
</entry>
<entry>
<id>10</id>
<offset>1896</offset>
<length>8</length>
<class>AAA_Estimate_Person</class>
<attribute>
<name>Canonical</name>
<value>БОТАШЕВ</value>
</attribute>
</entry>
<entry>
<id>11</id>
<offset>2593</offset>
<length>6</length>
<class>AAA_Estimate_Person</class>
<attribute>
<name>Canonical</name>
<value>ЭБЗЕЕВ</value>
</attribute>
</entry>
</markup>
