﻿<markup>
<entry>
<id>1</id>
<offset>0</offset>
<length>9</length>
<class>AAA_Estimate_Person</class>
<attribute>
<name>Canonical</name>
<value>НУРГАЛИЕВ</value>
</attribute>
</entry>
<entry>
<id>2</id>
<offset>79</offset>
<length>14</length>
<class>AAA_Estimate_Person</class>
<attribute>
<name>Canonical</name>
<value>ВИКТОР ГРЕЧМАН</value>
</attribute>
</entry>
<entry>
<id>3</id>
<offset>222</offset>
<length>15</length>
<class>AAA_Estimate_Person</class>
<attribute>
<name>Canonical</name>
<value>РАШИД НУРГАЛИЕВ</value>
</attribute>
</entry>
<entry>
<id>4</id>
<offset>265</offset>
<length>17</length>
<class>AAA_Estimate_Person</class>
<attribute>
<name>Canonical</name>
<value>ДМИТРИЙ МЕДВЕДЕВ</value>
</attribute>
</entry>
<entry>
<id>5</id>
<offset>296</offset>
<length>8</length>
<class>AAA_Estimate_Person</class>
<attribute>
<name>Canonical</name>
<value>ГРЕЧМАН</value>
</attribute>
</entry>
<entry>
<id>6</id>
<offset>372</offset>
<length>18</length>
<class>AAA_Estimate_Person</class>
<attribute>
<name>Canonical</name>
<value>КОНСТАНТИН ПОПОВ</value>
</attribute>
</entry>
<entry>
<id>7</id>
<offset>508</offset>
<length>14</length>
<class>AAA_Estimate_Person</class>
<attribute>
<name>Canonical</name>
<value>АЛЕКСЕЙ МИТАЕВ</value>
</attribute>
</entry>
<entry>
<id>10</id>
<offset>524</offset>
<length>6</length>
<class>AAA_Estimate_Person</class>
<attribute>
<name>Canonical</name>
<value>ПОПОВ</value>
</attribute>
</entry>
<entry>
<id>8</id>
<offset>635</offset>
<length>6</length>
<class>AAA_Estimate_Person</class>
<attribute>
<name>Canonical</name>
<value>МИТАЕВ</value>
</attribute>
</entry>
<entry>
<id>9</id>
<offset>783</offset>
<length>7</length>
<class>AAA_Estimate_Person</class>
<attribute>
<name>Canonical</name>
<value>МИТАЕВ</value>
</attribute>
</entry>
</markup>
