﻿<markup>
<entry>
<id>1</id>
<offset>108</offset>
<length>15</length>
<class>AAA_Estimate_Person</class>
<attribute>
<name>Canonical</name>
<value>МОХАММЕД МУРСИ</value>
</attribute>
</entry>
<entry>
<id>2</id>
<offset>800</offset>
<length>5</length>
<class>AAA_Estimate_Person</class>
<attribute>
<name>Canonical</name>
<value>МУРСИ</value>
</attribute>
</entry>
<entry>
<id>3</id>
<offset>1014</offset>
<length>5</length>
<class>AAA_Estimate_Person</class>
<attribute>
<name>Canonical</name>
<value>МУРСИ</value>
</attribute>
</entry>
<entry>
<id>4</id>
<offset>1063</offset>
<length>14</length>
<class>AAA_Estimate_Person</class>
<attribute>
<name>Canonical</name>
<value>ТАЛГАТ ИБРАХИМ</value>
</attribute>
</entry>
<entry>
<id>5</id>
<offset>1101</offset>
<length>7</length>
<class>AAA_Estimate_Person</class>
<attribute>
<name>Canonical</name>
<value>ИБРАХИМ</value>
</attribute>
</entry>
<entry>
<id>6</id>
<offset>1116</offset>
<length>20</length>
<class>AAA_Estimate_Person</class>
<attribute>
<name>Canonical</name>
<value>АБДЕЛЬМАГИД МАХМУД</value>
</attribute>
</entry>
<entry>
<id>7</id>
<offset>1179</offset>
<length>14</length>
<class>AAA_Estimate_Person</class>
<attribute>
<name>Canonical</name>
<value>ХОСНИ МУБАРАК</value>
</attribute>
</entry>
<entry>
<id>8</id>
<offset>1391</offset>
<length>14</length>
<class>AAA_Estimate_Person</class>
<attribute>
<name>Canonical</name>
<value>ХОСНИ МУБАРАК</value>
</attribute>
</entry>
<entry>
<id>9</id>
<offset>1571</offset>
<length>19</length>
<class>AAA_Estimate_Person</class>
<attribute>
<name>Canonical</name>
<value>МОХАМЕД ЭЛЬ-БАРАДЕЙ</value>
</attribute>
</entry>
<entry>
<id>10</id>
<offset>1631</offset>
<length>8</length>
<class>AAA_Estimate_Person</class>
<attribute>
<name>Canonical</name>
<value>АМР МУСА</value>
</attribute>
</entry>
<entry>
<id>11</id>
<offset>1713</offset>
<length>5</length>
<class>AAA_Estimate_Person</class>
<attribute>
<name>Canonical</name>
<value>МУРСИ</value>
</attribute>
</entry>
<entry>
<id>12</id>
<offset>2007</offset>
<length>5</length>
<class>AAA_Estimate_Person</class>
<attribute>
<name>Canonical</name>
<value>МУРСИ</value>
</attribute>
</entry>
<entry>
<id>13</id>
<offset>2100</offset>
<length>14</length>
<class>AAA_Estimate_Person</class>
<attribute>
<name>Canonical</name>
<value>ХОСНИ МУБАРАК</value>
</attribute>
</entry>
<entry>
<id>14</id>
<offset>2205</offset>
<length>5</length>
<class>AAA_Estimate_Person</class>
<attribute>
<name>Canonical</name>
<value>МУРСИ</value>
</attribute>
</entry>
<entry>
<id>15</id>
<offset>2487</offset>
<length>5</length>
<class>AAA_Estimate_Person</class>
<attribute>
<name>Canonical</name>
<value>МУРСИ</value>
</attribute>
</entry>
<entry>
<id>16</id>
<offset>2497</offset>
<length>14</length>
<class>AAA_Estimate_Person</class>
<attribute>
<name>Canonical</name>
<value>МОХАММЕД МУРСИ</value>
</attribute>
</entry>
<entry>
<id>17</id>
<offset>2596</offset>
<length>14</length>
<class>AAA_Estimate_Person</class>
<attribute>
<name>Canonical</name>
<value>ХОСНИ МУБАРАК</value>
</attribute>
</entry>
<entry>
<id>18</id>
<offset>2651</offset>
<length>5</length>
<class>AAA_Estimate_Person</class>
<attribute>
<name>Canonical</name>
<value>МУРСИ</value>
</attribute>
</entry>
<entry>
<id>19</id>
<offset>2740</offset>
<length>5</length>
<class>AAA_Estimate_Person</class>
<attribute>
<name>Canonical</name>
<value>МУРСИ</value>
</attribute>
</entry>
<entry>
<id>20</id>
<offset>2871</offset>
<length>8</length>
<class>AAA_Estimate_Person</class>
<attribute>
<name>Canonical</name>
<value>МУБАРАК</value>
</attribute>
</entry>
</markup>
