﻿<markup>
<entry>
<id>1</id>
<offset>56</offset>
<length>15</length>
<class>AAA_Estimate_Person</class>
<attribute>
<name>Canonical</name>
<value>ИГОРЬ ГИОРГАДЗЕ</value>
</attribute>
</entry>
<entry>
<id>2</id>
<offset>111</offset>
<length>15</length>
<class>AAA_Estimate_Person</class>
<attribute>
<name>Canonical</name>
<value>ИГОРЬ ГИОРГАДЗЕ</value>
</attribute>
</entry>
<entry>
<id>16</id>
<offset>338</offset>
<length>9</length>
<class>AAA_Estimate_Person</class>
<attribute>
<name>Canonical</name>
<value>ГИОРГАДЗЕ</value>
</attribute>
</entry>
<entry>
<id>3</id>
<offset>536</offset>
<length>15</length>
<class>AAA_Estimate_Person</class>
<attribute>
<name>Canonical</name>
<value>ИГОРЬ ГИОРГАДЗЕ</value>
</attribute>
</entry>
<entry>
<id>4</id>
<offset>700</offset>
<length>18</length>
<class>AAA_Estimate_Person</class>
<attribute>
<name>Canonical</name>
<value>ЭДУАРД ШЕВАРДНАДЗЕ</value>
</attribute>
</entry>
<entry>
<id>5</id>
<offset>720</offset>
<length>9</length>
<class>AAA_Estimate_Person</class>
<attribute>
<name>Canonical</name>
<value>ГИОРГАДЗЕ</value>
</attribute>
</entry>
<entry>
<id>6</id>
<offset>805</offset>
<length>11</length>
<class>AAA_Estimate_Person</class>
<attribute>
<name>Canonical</name>
<value>ШЕВАРДНАДЗЕ</value>
</attribute>
</entry>
<entry>
<id>7</id>
<offset>818</offset>
<length>9</length>
<class>AAA_Estimate_Person</class>
<attribute>
<name>Canonical</name>
<value>ГИОРГАДЗЕ</value>
</attribute>
</entry>
<entry>
<id>8</id>
<offset>989</offset>
<length>9</length>
<class>AAA_Estimate_Person</class>
<attribute>
<name>Canonical</name>
<value>ГИОРГАДЗЕ</value>
</attribute>
</entry>
<entry>
<id>9</id>
<offset>1106</offset>
<length>17</length>
<class>AAA_Estimate_Person</class>
<attribute>
<name>Canonical</name>
<value>МИХАИЛ СААКАШВИЛИ</value>
</attribute>
</entry>
<entry>
<id>10</id>
<offset>1185</offset>
<length>9</length>
<class>AAA_Estimate_Person</class>
<attribute>
<name>Canonical</name>
<value>ГИОРГАДЗЕ</value>
</attribute>
</entry>
<entry>
<id>11</id>
<offset>1377</offset>
<length>9</length>
<class>AAA_Estimate_Person</class>
<attribute>
<name>Canonical</name>
<value>ГИОРГАДЗЕ</value>
</attribute>
</entry>
<entry>
<id>12</id>
<offset>1631</offset>
<length>18</length>
<class>AAA_Estimate_Person</class>
<attribute>
<name>Canonical</name>
<value>БИДЗИНА ИВАНИШВИЛИ</value>
</attribute>
</entry>
<entry>
<id>13</id>
<offset>1668</offset>
<length>17</length>
<class>AAA_Estimate_Person</class>
<attribute>
<name>Canonical</name>
<value>МИХАИЛ СААКАШВИЛИ</value>
</attribute>
</entry>
<entry>
<id>14</id>
<offset>1906</offset>
<length>15</length>
<class>AAA_Estimate_Person</class>
<attribute>
<name>Canonical</name>
<value>ТЕНГИЗ КИТОВАНИ</value>
</attribute>
</entry>
<entry>
<id>15</id>
<offset>1999</offset>
<length>9</length>
<class>AAA_Estimate_Person</class>
<attribute>
<name>Canonical</name>
<value>ГИОРГАДЗЕ</value>
</attribute>
</entry>
</markup>
