﻿<markup>
<entry>
<id>1</id>
<offset>10</offset>
<length>6</length>
<class>AAA_Estimate_Person</class>
<attribute>
<name>Canonical</name>
<value>СУРАЕВ</value>
</attribute>
</entry>
<entry>
<id>2</id>
<offset>39</offset>
<length>9</length>
<class>AAA_Estimate_Person</class>
<attribute>
<name>Canonical</name>
<value>ВОРОБЬЕВ</value>
</attribute>
</entry>
<entry>
<id>3</id>
<offset>133</offset>
<length>15</length>
<class>AAA_Estimate_Person</class>
<attribute>
<name>Canonical</name>
<value>АНДРЕЙ ВОРОБЬЕВ</value>
</attribute>
</entry>
<entry>
<id>4</id>
<offset>235</offset>
<length>13</length>
<class>AAA_Estimate_Person</class>
<attribute>
<name>Canonical</name>
<value>МАКСИМ СУРАЕВ</value>
</attribute>
</entry>
<entry>
<id>5</id>
<offset>287</offset>
<length>16</length>
<class>AAA_Estimate_Person</class>
<attribute>
<name>Canonical</name>
<value>АНДРЕЙ ВОРОБЬЕВ</value>
</attribute>
</entry>
<entry>
<id>6</id>
<offset>383</offset>
<length>13</length>
<class>AAA_Estimate_Person</class>
<attribute>
<name>Canonical</name>
<value>МАКСИМ СУРАЕВ</value>
</attribute>
</entry>
<entry>
<id>7</id>
<offset>497</offset>
<length>9</length>
<class>AAA_Estimate_Person</class>
<attribute>
<name>Canonical</name>
<value>ВОРОБЬЕВ</value>
</attribute>
</entry>
<entry>
<id>8</id>
<offset>588</offset>
<length>15</length>
<class>AAA_Estimate_Person</class>
<attribute>
<name>Canonical</name>
<value>АНДРЕЙ ВОРОБЬЕВ</value>
</attribute>
</entry>
<entry>
<id>9</id>
<offset>876</offset>
<length>13</length>
<class>AAA_Estimate_Person</class>
<attribute>
<name>Canonical</name>
<value>МАКСИМ СУРАЕВ</value>
</attribute>
</entry>
<entry>
<id>10</id>
<offset>921</offset>
<length>8</length>
<class>AAA_Estimate_Person</class>
<attribute>
<name>Canonical</name>
<value>ВОРОБЬЕВ</value>
</attribute>
</entry>
<entry>
<id>11</id>
<offset>994</offset>
<length>7</length>
<class>AAA_Estimate_Person</class>
<attribute>
<name>Canonical</name>
<value>СУРАЕВ</value>
</attribute>
</entry>
<entry>
<id>12</id>
<offset>1089</offset>
<length>6</length>
<class>AAA_Estimate_Person</class>
<attribute>
<name>Canonical</name>
<value>СУРАЕВ</value>
</attribute>
</entry>
<entry>
<id>13</id>
<offset>1225</offset>
<length>8</length>
<class>AAA_Estimate_Person</class>
<attribute>
<name>Canonical</name>
<value>ВОРОБЬЕВ</value>
</attribute>
</entry>
<entry>
<id>14</id>
<offset>1307</offset>
<length>12</length>
<class>AAA_Estimate_Person</class>
<attribute>
<name>Canonical</name>
<value>СЕРГЕЙ ШОЙГУ</value>
</attribute>
</entry>
<entry>
<id>15</id>
<offset>1370</offset>
<length>8</length>
<class>AAA_Estimate_Person</class>
<attribute>
<name>Canonical</name>
<value>ВОРОБЬЕВ</value>
</attribute>
</entry>
</markup>
