﻿<markup>
<entry>
<id>1</id>
<offset>0</offset>
<length>9</length>
<class>AAA_Estimate_Person</class>
<attribute>
<name>Canonical</name>
<value>ДВОРКОВИЧ</value>
</attribute>
</entry>
<entry>
<id>2</id>
<offset>79</offset>
<length>17</length>
<class>AAA_Estimate_Person</class>
<attribute>
<name>Canonical</name>
<value>АРКАДИЙ ДВОРКОВИЧ</value>
</attribute>
</entry>
<entry>
<id>3</id>
<offset>196</offset>
<length>18</length>
<class>AAA_Estimate_Person</class>
<attribute>
<name>Canonical</name>
<value>ВЛАДИСЛАВ СУРКОВ</value>
</attribute>
</entry>
<entry>
<id>4</id>
<offset>367</offset>
<length>6</length>
<class>AAA_Estimate_Person</class>
<attribute>
<name>Canonical</name>
<value>СУРКОВ</value>
</attribute>
</entry>
<entry>
<id>5</id>
<offset>630</offset>
<length>9</length>
<class>AAA_Estimate_Person</class>
<attribute>
<name>Canonical</name>
<value>ДВОРКОВИЧ</value>
</attribute>
</entry>
<entry>
<id>6</id>
<offset>658</offset>
<length>8</length>
<class>AAA_Estimate_Person</class>
<attribute>
<name>Canonical</name>
<value>СУРКОВ</value>
</attribute>
</entry>
<entry>
<id>7</id>
<offset>709</offset>
<length>9</length>
<class>AAA_Estimate_Person</class>
<attribute>
<name>Canonical</name>
<value>ДВОРКОВИЧ</value>
</attribute>
</entry>
</markup>
