﻿<markup>
<entry>
<id>1</id>
<offset>0</offset>
<length>10</length>
<class>AAA_Estimate_Person</class>
<attribute>
<name>Canonical</name>
<value>А ХИНШТЕЙН</value>
</attribute>
</entry>
<entry>
<id>2</id>
<offset>73</offset>
<length>10</length>
<class>AAA_Estimate_Person</class>
<attribute>
<name>Canonical</name>
<value>А ХИНШТЕЙН</value>
</attribute>
</entry>
<entry>
<id>3</id>
<offset>307</offset>
<length>18</length>
<class>AAA_Estimate_Person</class>
<attribute>
<name>Canonical</name>
<value>АЛЕКСАНДР ХИНШТЕЙН</value>
</attribute>
</entry>
<entry>
<id>4</id>
<offset>504</offset>
<length>16</length>
<class>AAA_Estimate_Person</class>
<attribute>
<name>Canonical</name>
<value>МАРИНА ЛОПАТИНА</value>
</attribute>
</entry>
<entry>
<id>5</id>
<offset>622</offset>
<length>10</length>
<class>AAA_Estimate_Person</class>
<attribute>
<name>Canonical</name>
<value>М ЛОПАТИНА</value>
</attribute>
</entry>
<entry>
<id>6</id>
<offset>695</offset>
<length>10</length>
<class>AAA_Estimate_Person</class>
<attribute>
<name>Canonical</name>
<value>А ХИНШТЕЙН</value>
</attribute>
</entry>
<entry>
<id>7</id>
<offset>1248</offset>
<length>10</length>
<class>AAA_Estimate_Person</class>
<attribute>
<name>Canonical</name>
<value>А ХИНШТЕЙН</value>
</attribute>
</entry>
<entry>
<id>8</id>
<offset>1314</offset>
<length>12</length>
<class>AAA_Estimate_Person</class>
<attribute>
<name>Canonical</name>
<value>СЕРГЕЙ ШОЙГУ</value>
</attribute>
</entry>
<entry>
<id>9</id>
<offset>1526</offset>
<length>11</length>
<class>AAA_Estimate_Person</class>
<attribute>
<name>Canonical</name>
<value>М ЛОПАТИНА</value>
</attribute>
</entry>
</markup>
