﻿<markup>
<entry>
<id>1</id>
<offset>245</offset>
<length>14</length>
<class>AAA_Estimate_Person</class>
<attribute>
<name>Canonical</name>
<value>НИКОЛАЙ ГУСЕВ</value>
</attribute>
</entry>
<entry>
<id>2</id>
<offset>467</offset>
<length>18</length>
<class>AAA_Estimate_Person</class>
<attribute>
<name>Canonical</name>
<value>ВИКТОРИЯ ЧЕРКАСОВА</value>
</attribute>
</entry>
<entry>
<id>3</id>
<offset>514</offset>
<length>6</length>
<class>AAA_Estimate_Person</class>
<attribute>
<name>Canonical</name>
<value>ГУСЕВ</value>
</attribute>
</entry>
<entry>
<id>4</id>
<offset>625</offset>
<length>5</length>
<class>AAA_Estimate_Person</class>
<attribute>
<name>Canonical</name>
<value>ГУСЕВ</value>
</attribute>
</entry>
<entry>
<id>5</id>
<offset>762</offset>
<length>5</length>
<class>AAA_Estimate_Person</class>
<attribute>
<name>Canonical</name>
<value>ГУСЕВ</value>
</attribute>
</entry>
<entry>
<id>6</id>
<offset>1340</offset>
<length>14</length>
<class>AAA_Estimate_Person</class>
<attribute>
<name>Canonical</name>
<value>НИКОЛАЙ ГУСЕВ</value>
</attribute>
</entry>
</markup>
