﻿<markup>
<entry>
<id>1</id>
<offset>289</offset>
<length>15</length>
<class>AAA_Estimate_Person</class>
<attribute>
<name>Canonical</name>
<value>ДМИТРИЙ ЛИВАНОВ</value>
</attribute>
</entry>
<entry>
<id>2</id>
<offset>488</offset>
<length>16</length>
<class>AAA_Estimate_Person</class>
<attribute>
<name>Canonical</name>
<value>ДМИТРИЙ МЕДВЕДЕВ</value>
</attribute>
</entry>
<entry>
<id>3</id>
<offset>531</offset>
<length>10</length>
<class>AAA_Estimate_Person</class>
<attribute>
<name>Canonical</name>
<value>Д ЛИВАНОВ</value>
</attribute>
</entry>
<entry>
<id>4</id>
<offset>907</offset>
<length>16</length>
<class>AAA_Estimate_Person</class>
<attribute>
<name>Canonical</name>
<value>ВЛАДИМИР ПУТИН</value>
</attribute>
</entry>
<entry>
<id>5</id>
<offset>1309</offset>
<length>10</length>
<class>AAA_Estimate_Person</class>
<attribute>
<name>Canonical</name>
<value>Д ЛИВАНОВ</value>
</attribute>
</entry>
</markup>
