﻿<markup>
<entry>
<id>1</id>
<offset>56</offset>
<length>10</length>
<class>AAA_Estimate_Person</class>
<attribute>
<name>Canonical</name>
<value>СААКАШВИЛИ</value>
</attribute>
</entry>
<entry>
<id>2</id>
<offset>101</offset>
<length>16</length>
<class>AAA_Estimate_Person</class>
<attribute>
<name>Canonical</name>
<value>МАЙЯ ПАНДЖИКИДЗЕ</value>
</attribute>
</entry>
<entry>
<id>3</id>
<offset>172</offset>
<length>18</length>
<class>AAA_Estimate_Person</class>
<attribute>
<name>Canonical</name>
<value>МИХАИЛ СААКАШВИЛИ</value>
</attribute>
</entry>
<entry>
<id>4</id>
<offset>265</offset>
<length>11</length>
<class>AAA_Estimate_Person</class>
<attribute>
<name>Canonical</name>
<value>ПАНДЖИКИДЗЕ</value>
</attribute>
</entry>
<entry>
<id>5</id>
<offset>1204</offset>
<length>11</length>
<class>AAA_Estimate_Person</class>
<attribute>
<name>Canonical</name>
<value>ПАНДЖИКИДЗЕ</value>
</attribute>
</entry>
<entry>
<id>6</id>
<offset>1571</offset>
<length>16</length>
<class>AAA_Estimate_Person</class>
<attribute>
<name>Canonical</name>
<value>МАЙЯ ПАНДЖИКИДЗЕ</value>
</attribute>
</entry>
<entry>
<id>7</id>
<offset>1754</offset>
<length>18</length>
<class>AAA_Estimate_Person</class>
<attribute>
<name>Canonical</name>
<value>МИХАИЛ СААКАШВИЛИ</value>
</attribute>
</entry>
</markup>
