﻿<markup>
<entry>
<id>1</id>
<offset>0</offset>
<length>12</length>
<class>AAA_Estimate_Person</class>
<attribute>
<name>Canonical</name>
<value>БИЛЛ КЛИНТОН</value>
</attribute>
</entry>
<entry>
<id>2</id>
<offset>76</offset>
<length>12</length>
<class>AAA_Estimate_Person</class>
<attribute>
<name>Canonical</name>
<value>БИЛЛ КЛИНТОН</value>
</attribute>
</entry>
<entry>
<id>3</id>
<offset>191</offset>
<length>8</length>
<class>AAA_Estimate_Person</class>
<attribute>
<name>Canonical</name>
<value>КЛИНТОН</value>
</attribute>
</entry>
<entry>
<id>4</id>
<offset>200</offset>
<length>29</length>
<class>AAA_Estimate_Person</class>
<attribute>
<name>Canonical</name>
<value>МЭТТ МАККЕННА (MATT MCKENNA)</value>
</attribute>
</entry>
<entry>
<id>5</id>
<offset>272</offset>
<length>14</length>
<class>AAA_Estimate_Person</class>
<attribute>
<name>Canonical</name>
<value>БИЛЛ КЛИНТОН</value>
</attribute>
</entry>
<entry>
<id>12</id>
<offset>434</offset>
<length>11</length>
<class>AAA_Estimate_Person</class>
<attribute>
<name>Canonical</name>
<value>ПАН ГИ МУН</value>
</attribute>
</entry>
<entry>
<id>7</id>
<offset>462</offset>
<length>10</length>
<class>AAA_Estimate_Person</class>
<attribute>
<name>Canonical</name>
<value>ПАН ГИ МУН</value>
</attribute>
</entry>
<entry>
<id>8</id>
<offset>505</offset>
<length>8</length>
<class>AAA_Estimate_Person</class>
<attribute>
<name>Canonical</name>
<value>КЛИНТОН</value>
</attribute>
</entry>
<entry>
<id>9</id>
<offset>532</offset>
<length>8</length>
<class>AAA_Estimate_Person</class>
<attribute>
<name>Canonical</name>
<value>КЛИНТОН</value>
</attribute>
</entry>
<entry>
<id>10</id>
<offset>870</offset>
<length>7</length>
<class>AAA_Estimate_Person</class>
<attribute>
<name>Canonical</name>
<value>КЛИНТОН</value>
</attribute>
</entry>
<entry>
<id>11</id>
<offset>1038</offset>
<length>14</length>
<class>AAA_Estimate_Person</class>
<attribute>
<name>Canonical</name>
<value>БИЛЛ КЛИНТОН</value>
</attribute>
</entry>
</markup>
