﻿<markup>
<entry>
<id>1</id>
<offset>120</offset>
<length>20</length>
<class>AAA_Estimate_Person</class>
<attribute>
<name>Canonical</name>
<value>ВЛАДИСЛАВ СКВОРЦОВ</value>
</attribute>
</entry>
<entry>
<id>2</id>
<offset>170</offset>
<length>8</length>
<class>AAA_Estimate_Person</class>
<attribute>
<name>Canonical</name>
<value>СКВОРЦОВ</value>
</attribute>
</entry>
<entry>
<id>3</id>
<offset>340</offset>
<length>8</length>
<class>AAA_Estimate_Person</class>
<attribute>
<name>Canonical</name>
<value>СКВОРЦОВ</value>
</attribute>
</entry>
<entry>
<id>4</id>
<offset>699</offset>
<length>8</length>
<class>AAA_Estimate_Person</class>
<attribute>
<name>Canonical</name>
<value>СКВОРЦОВ</value>
</attribute>
</entry>
<entry>
<id>6</id>
<offset>776</offset>
<length>8</length>
<class>AAA_Estimate_Person</class>
<attribute>
<name>Canonical</name>
<value>СКВОРЦОВ</value>
</attribute>
</entry>
<entry>
<id>5</id>
<offset>1228</offset>
<length>8</length>
<class>AAA_Estimate_Person</class>
<attribute>
<name>Canonical</name>
<value>СКВОРЦОВ</value>
</attribute>
</entry>
<entry>
<id>7</id>
<offset>1462</offset>
<length>8</length>
<class>AAA_Estimate_Person</class>
<attribute>
<name>Canonical</name>
<value>СКВОРЦОВ</value>
</attribute>
</entry>
</markup>
