﻿<markup>
<entry>
<id>1</id>
<offset>719</offset>
<length>11</length>
<class>AAA_Estimate_Person</class>
<attribute>
<name>Canonical</name>
<value>ЕЛЕНА КАГАН</value>
</attribute>
</entry>
<entry>
<id>2</id>
<offset>766</offset>
<length>5</length>
<class>AAA_Estimate_Person</class>
<attribute>
<name>Canonical</name>
<value>КАГАН</value>
</attribute>
</entry>
<entry>
<id>3</id>
<offset>851</offset>
<length>14</length>
<class>AAA_Estimate_Person</class>
<attribute>
<name>Canonical</name>
<value>БИЛЛ КЛИНТОН</value>
</attribute>
</entry>
<entry>
<id>4</id>
<offset>993</offset>
<length>14</length>
<class>AAA_Estimate_Person</class>
<attribute>
<name>Canonical</name>
<value>СОНЯ СОТОМАЙОР</value>
</attribute>
</entry>
<entry>
<id>5</id>
<offset>1048</offset>
<length>12</length>
<class>AAA_Estimate_Person</class>
<attribute>
<name>Canonical</name>
<value>РУТ ГИНСБУРГ</value>
</attribute>
</entry>
<entry>
<id>6</id>
<offset>1072</offset>
<length>5</length>
<class>AAA_Estimate_Person</class>
<attribute>
<name>Canonical</name>
<value>КАГАН</value>
</attribute>
</entry>
<entry>
<id>7</id>
<offset>1117</offset>
<length>12</length>
<class>AAA_Estimate_Person</class>
<attribute>
<name>Canonical</name>
<value>БАРАК ОБАМА</value>
</attribute>
</entry>
<entry>
<id>8</id>
<offset>1205</offset>
<length>14</length>
<class>AAA_Estimate_Person</class>
<attribute>
<name>Canonical</name>
<value>ДЖЕЙМС КЛАППЕР</value>
</attribute>
</entry>
<entry>
<id>9</id>
<offset>1289</offset>
<length>13</length>
<class>AAA_Estimate_Person</class>
<attribute>
<name>Canonical</name>
<value>ДЖЕЙМС МАТТИС</value>
</attribute>
</entry>
<entry>
<id>10</id>
<offset>1427</offset>
<length>15</length>
<class>AAA_Estimate_Person</class>
<attribute>
<name>Canonical</name>
<value>ДЭВИД ПЕТРЭУС</value>
</attribute>
</entry>
<entry>
<id>11</id>
<offset>1537</offset>
<length>18</length>
<class>AAA_Estimate_Person</class>
<attribute>
<name>Canonical</name>
<value>СТЭНЛИ МАККРИСТАЛ</value>
</attribute>
</entry>
<entry>
<id>12</id>
<offset>1560</offset>
<length>7</length>
<class>AAA_Estimate_Person</class>
<attribute>
<name>Canonical</name>
<value>КЛАППЕР</value>
</attribute>
</entry>
<entry>
<id>13</id>
<offset>1592</offset>
<length>12</length>
<class>AAA_Estimate_Person</class>
<attribute>
<name>Canonical</name>
<value>ДЖОРДЖ БУШ</value>
</attribute>
</entry>
<entry>
<id>14</id>
<offset>1704</offset>
<length>12</length>
<class>AAA_Estimate_Person</class>
<attribute>
<name>Canonical</name>
<value>БАРАК ОБАМА</value>
</attribute>
</entry>
<entry>
<id>15</id>
<offset>1718</offset>
<length>7</length>
<class>AAA_Estimate_Person</class>
<attribute>
<name>Canonical</name>
<value>КЛАППЕР</value>
</attribute>
</entry>
<entry>
<id>16</id>
<offset>1857</offset>
<length>11</length>
<class>AAA_Estimate_Person</class>
<attribute>
<name>Canonical</name>
<value>ДЕННИС БЛЭР</value>
</attribute>
</entry>
<entry>
<id>17</id>
<offset>2002</offset>
<length>7</length>
<class>AAA_Estimate_Person</class>
<attribute>
<name>Canonical</name>
<value>МАТТИС</value>
</attribute>
</entry>
<entry>
<id>18</id>
<offset>2080</offset>
<length>8</length>
<class>AAA_Estimate_Person</class>
<attribute>
<name>Canonical</name>
<value>ПЕТРЭУС</value>
</attribute>
</entry>
<entry>
<id>19</id>
<offset>2466</offset>
<length>6</length>
<class>AAA_Estimate_Person</class>
<attribute>
<name>Canonical</name>
<value>МАТТИС</value>
</attribute>
</entry>
<entry>
<id>20</id>
<offset>5020</offset>
<length>12</length>
<class>AAA_Estimate_Person</class>
<attribute>
<name>Canonical</name>
<value>МИШЕЛЬ ОБАМА</value>
</attribute>
</entry>
</markup>
