﻿<markup>
<entry>
<id>1</id>
<offset>79</offset>
<length>12</length>
<class>AAA_Estimate_Person</class>
<attribute>
<name>Canonical</name>
<value>БОРИС ЭБЗЕЕВ</value>
</attribute>
</entry>
<entry>
<id>2</id>
<offset>154</offset>
<length>6</length>
<class>AAA_Estimate_Person</class>
<attribute>
<name>Canonical</name>
<value>ЭБЗЕЕВ</value>
</attribute>
</entry>
<entry>
<id>3</id>
<offset>233</offset>
<length>7</length>
<class>AAA_Estimate_Person</class>
<attribute>
<name>Canonical</name>
<value>ЭБЗЕЕВ</value>
</attribute>
</entry>
<entry>
<id>4</id>
<offset>267</offset>
<length>16</length>
<class>AAA_Estimate_Person</class>
<attribute>
<name>Canonical</name>
<value>ДМИТРИЙ МЕДВЕДЕВ</value>
</attribute>
</entry>
<entry>
<id>5</id>
<offset>298</offset>
<length>9</length>
<class>AAA_Estimate_Person</class>
<attribute>
<name>Canonical</name>
<value>МЕДВЕДЕВ</value>
</attribute>
</entry>
<entry>
<id>6</id>
<offset>360</offset>
<length>14</length>
<class>AAA_Estimate_Person</class>
<attribute>
<name>Canonical</name>
<value>РАШИД ТЕМРЕЗОВ</value>
</attribute>
</entry>
<entry>
<id>7</id>
<offset>401</offset>
<length>12</length>
<class>AAA_Estimate_Person</class>
<attribute>
<name>Canonical</name>
<value>БОРИС ЭБЗЕЕВ</value>
</attribute>
</entry>
<entry>
<id>8</id>
<offset>507</offset>
<length>16</length>
<class>AAA_Estimate_Person</class>
<attribute>
<name>Canonical</name>
<value>МУСТАФА БАТДЫЕВ</value>
</attribute>
</entry>
<entry>
<id>9</id>
<offset>594</offset>
<length>7</length>
<class>AAA_Estimate_Person</class>
<attribute>
<name>Canonical</name>
<value>ЭБЗЕЕВ</value>
</attribute>
</entry>
<entry>
<id>10</id>
<offset>676</offset>
<length>7</length>
<class>AAA_Estimate_Person</class>
<attribute>
<name>Canonical</name>
<value>ЭБЗЕЕВ</value>
</attribute>
</entry>
<entry>
<id>11</id>
<offset>736</offset>
<length>8</length>
<class>AAA_Estimate_Person</class>
<attribute>
<name>Canonical</name>
<value>МЕДВЕДЕВ</value>
</attribute>
</entry>
<entry>
<id>14</id>
<offset>939</offset>
<length>7</length>
<class>AAA_Estimate_Person</class>
<attribute>
<name>Canonical</name>
<value>ЭБЗЕЕВ</value>
</attribute>
</entry>
<entry>
<id>15</id>
<offset>994</offset>
<length>16</length>
<class>AAA_Estimate_Person</class>
<attribute>
<name>Canonical</name>
<value>АЛЕКСАНДР ВОЛКОВ</value>
</attribute>
</entry>
<entry>
<id>12</id>
<offset>1047</offset>
<length>14</length>
<class>AAA_Estimate_Person</class>
<attribute>
<name>Canonical</name>
<value>НИКОЛАЙ ВОЛКОВ</value>
</attribute>
</entry>
<entry>
<id>13</id>
<offset>1096</offset>
<length>11</length>
<class>AAA_Estimate_Person</class>
<attribute>
<name>Canonical</name>
<value>АМАН ТУЛЕЕВ</value>
</attribute>
</entry>
</markup>
