﻿<markup>
<entry>
<id>1</id>
<offset>299</offset>
<length>11</length>
<class>AAA_Estimate_Person</class>
<attribute>
<name>Canonical</name>
<value>БАРАК ОБАМА</value>
</attribute>
</entry>
<entry>
<id>2</id>
<offset>768</offset>
<length>5</length>
<class>AAA_Estimate_Person</class>
<attribute>
<name>Canonical</name>
<value>ОБАМА</value>
</attribute>
</entry>
<entry>
<id>3</id>
<offset>824</offset>
<length>15</length>
<class>AAA_Estimate_Person</class>
<attribute>
<name>Canonical</name>
<value>ДЖЕЙКОБ ЗУМА</value>
</attribute>
</entry>
<entry>
<id>4</id>
<offset>1129</offset>
<length>15</length>
<class>AAA_Estimate_Person</class>
<attribute>
<name>Canonical</name>
<value>МУХАММЕД МУРСИ</value>
</attribute>
</entry>
<entry>
<id>5</id>
<offset>1398</offset>
<length>5</length>
<class>AAA_Estimate_Person</class>
<attribute>
<name>Canonical</name>
<value>МУРСИ</value>
</attribute>
</entry>
</markup>
