﻿<markup>
<entry>
<id>1</id>
<offset>0</offset>
<length>10</length>
<class>AAA_Estimate_Person</class>
<attribute>
<name>Canonical</name>
<value>Д МЕДВЕДЕВ</value>
</attribute>
</entry>
<entry>
<id>2</id>
<offset>74</offset>
<length>16</length>
<class>AAA_Estimate_Person</class>
<attribute>
<name>Canonical</name>
<value>ДМИТРИЙ МЕДВЕДЕВ</value>
</attribute>
</entry>
<entry>
<id>3</id>
<offset>257</offset>
<length>19</length>
<class>AAA_Estimate_Person</class>
<attribute>
<name>Canonical</name>
<value>АЛЕКСАНДР МИШАРИН</value>
</attribute>
</entry>
<entry>
<id>4</id>
<offset>309</offset>
<length>9</length>
<class>AAA_Estimate_Person</class>
<attribute>
<name>Canonical</name>
<value>А МИШАРИН</value>
</attribute>
</entry>
<entry>
<id>5</id>
<offset>627</offset>
<length>15</length>
<class>AAA_Estimate_Person</class>
<attribute>
<name>Canonical</name>
<value>ЭДУАРД РОССЕЛЬ</value>
</attribute>
</entry>
<entry>
<id>6</id>
<offset>772</offset>
<length>9</length>
<class>AAA_Estimate_Person</class>
<attribute>
<name>Canonical</name>
<value>Э РОССЕЛЬ</value>
</attribute>
</entry>
<entry>
<id>7</id>
<offset>784</offset>
<length>10</length>
<class>AAA_Estimate_Person</class>
<attribute>
<name>Canonical</name>
<value>А МИШАРИН</value>
</attribute>
</entry>
<entry>
<id>8</id>
<offset>848</offset>
<length>15</length>
<class>AAA_Estimate_Person</class>
<attribute>
<name>Canonical</name>
<value>ВИКТОР КОКШАРОВ</value>
</attribute>
</entry>
<entry>
<id>9</id>
<offset>903</offset>
<length>13</length>
<class>AAA_Estimate_Person</class>
<attribute>
<name>Canonical</name>
<value>БОРИС ГРЫЗЛОВ</value>
</attribute>
</entry>
<entry>
<id>10</id>
<offset>1043</offset>
<length>10</length>
<class>AAA_Estimate_Person</class>
<attribute>
<name>Canonical</name>
<value>А МИШАРИН</value>
</attribute>
</entry>
<entry>
<id>11</id>
<offset>1537</offset>
<length>9</length>
<class>AAA_Estimate_Person</class>
<attribute>
<name>Canonical</name>
<value>Б ГРЫЗЛОВ</value>
</attribute>
</entry>
<entry>
<id>12</id>
<offset>1567</offset>
<length>9</length>
<class>AAA_Estimate_Person</class>
<attribute>
<name>Canonical</name>
<value>А МИШАРИН</value>
</attribute>
</entry>
</markup>
