﻿<markup>
<entry>
<id>1</id>
<offset>216</offset>
<length>17</length>
<class>AAA_Estimate_Person</class>
<attribute>
<name>Canonical</name>
<value>АНАТОЛИЙ БАШЛАКОВ</value>
</attribute>
</entry>
<entry>
<id>5</id>
<offset>529</offset>
<length>8</length>
<class>AAA_Estimate_Person</class>
<attribute>
<name>Canonical</name>
<value>БАШЛАКОВ</value>
</attribute>
</entry>
<entry>
<id>2</id>
<offset>693</offset>
<length>9</length>
<class>AAA_Estimate_Person</class>
<attribute>
<name>Canonical</name>
<value>БАШЛАКОВ</value>
</attribute>
</entry>
<entry>
<id>4</id>
<offset>923</offset>
<length>9</length>
<class>AAA_Estimate_Person</class>
<attribute>
<name>Canonical</name>
<value>БАШЛАКОВ</value>
</attribute>
</entry>
<entry>
<id>3</id>
<offset>1156</offset>
<length>8</length>
<class>AAA_Estimate_Person</class>
<attribute>
<name>Canonical</name>
<value>БАШЛАКОВ</value>
</attribute>
</entry>
</markup>
