﻿<markup>
<entry>
<id>1</id>
<offset>0</offset>
<length>11</length>
<class>AAA_Estimate_Person</class>
<attribute>
<name>Canonical</name>
<value>Р АБРАМОВИЧ</value>
</attribute>
</entry>
<entry>
<id>2</id>
<offset>61</offset>
<length>15</length>
<class>AAA_Estimate_Person</class>
<attribute>
<name>Canonical</name>
<value>РОМАН АБРАМОВИЧ</value>
</attribute>
</entry>
<entry>
<id>3</id>
<offset>184</offset>
<length>12</length>
<class>AAA_Estimate_Person</class>
<attribute>
<name>Canonical</name>
<value>Р АБРАМОВИЧ</value>
</attribute>
</entry>
<entry>
<id>4</id>
<offset>436</offset>
<length>11</length>
<class>AAA_Estimate_Person</class>
<attribute>
<name>Canonical</name>
<value>Р АБРАМОВИЧ</value>
</attribute>
</entry>
</markup>
