﻿<markup>
<entry>
<id>1</id>
<offset>12</offset>
<length>6</length>
<class>AAA_Estimate_Person</class>
<attribute>
<name>Canonical</name>
<value>СОБОЛЬ</value>
</attribute>
</entry>
<entry>
<id>2</id>
<offset>158</offset>
<length>14</length>
<class>AAA_Estimate_Person</class>
<attribute>
<name>Canonical</name>
<value>ЭДУАРД СОБОЛЬ</value>
</attribute>
</entry>
<entry>
<id>3</id>
<offset>289</offset>
<length>23</length>
<class>AAA_Estimate_Person</class>
<attribute>
<name>Canonical</name>
<value>ЭДУАРД ЮРЬЕВИЧ СОБОЛЬ</value>
</attribute>
</entry>
</markup>
