﻿<markup>
<entry>
<id>1</id>
<offset>212</offset>
<length>14</length>
<class>AAA_Estimate_Person</class>
<attribute>
<name>Canonical</name>
<value>АНДРЕЙ МАРКОВ</value>
</attribute>
</entry>
<entry>
<id>2</id>
<offset>367</offset>
<length>6</length>
<class>AAA_Estimate_Person</class>
<attribute>
<name>Canonical</name>
<value>МАРКОВ</value>
</attribute>
</entry>
<entry>
<id>3</id>
<offset>514</offset>
<length>17</length>
<class>AAA_Estimate_Person</class>
<attribute>
<name>Canonical</name>
<value>СЕРГЕЙ АБРОСИМОВ</value>
</attribute>
</entry>
<entry>
<id>4</id>
<offset>538</offset>
<length>10</length>
<class>AAA_Estimate_Person</class>
<attribute>
<name>Canonical</name>
<value>АБРОСИМОВ</value>
</attribute>
</entry>
<entry>
<id>5</id>
<offset>698</offset>
<length>18</length>
<class>AAA_Estimate_Person</class>
<attribute>
<name>Canonical</name>
<value>АЛЕКСАНДР ШЕСТУН</value>
</attribute>
</entry>
<entry>
<id>6</id>
<offset>740</offset>
<length>9</length>
<class>AAA_Estimate_Person</class>
<attribute>
<name>Canonical</name>
<value>АБРОСИМОВ</value>
</attribute>
</entry>
<entry>
<id>7</id>
<offset>919</offset>
<length>7</length>
<class>AAA_Estimate_Person</class>
<attribute>
<name>Canonical</name>
<value>ШЕСТУН</value>
</attribute>
</entry>
<entry>
<id>8</id>
<offset>940</offset>
<length>14</length>
<class>AAA_Estimate_Person</class>
<attribute>
<name>Canonical</name>
<value>АНДРЕЙ МАРКОВ</value>
</attribute>
</entry>
<entry>
<id>9</id>
<offset>1004</offset>
<length>9</length>
<class>AAA_Estimate_Person</class>
<attribute>
<name>Canonical</name>
<value>АБРОСИМОВ</value>
</attribute>
</entry>
<entry>
<id>10</id>
<offset>1098</offset>
<length>7</length>
<class>AAA_Estimate_Person</class>
<attribute>
<name>Canonical</name>
<value>МАРКОВ</value>
</attribute>
</entry>
<entry>
<id>11</id>
<offset>1113</offset>
<length>10</length>
<class>AAA_Estimate_Person</class>
<attribute>
<name>Canonical</name>
<value>АБРОСИМОВ</value>
</attribute>
</entry>
<entry>
<id>12</id>
<offset>1354</offset>
<length>15</length>
<class>AAA_Estimate_Person</class>
<attribute>
<name>Canonical</name>
<value>МАРИНА ГРИДНЕВА</value>
</attribute>
</entry>
<entry>
<id>13</id>
<offset>1655</offset>
<length>14</length>
<class>AAA_Estimate_Person</class>
<attribute>
<name>Canonical</name>
<value>ИВАН НАЗАРОВ</value>
</attribute>
</entry>
<entry>
<id>14</id>
<offset>1773</offset>
<length>8</length>
<class>AAA_Estimate_Person</class>
<attribute>
<name>Canonical</name>
<value>НАЗАРОВ</value>
</attribute>
</entry>
<entry>
<id>15</id>
<offset>1849</offset>
<length>8</length>
<class>AAA_Estimate_Person</class>
<attribute>
<name>Canonical</name>
<value>НАЗАРОВ</value>
</attribute>
</entry>
<entry>
<id>16</id>
<offset>1958</offset>
<length>20</length>
<class>AAA_Estimate_Person</class>
<attribute>
<name>Canonical</name>
<value>АЛЕКСАНДР ИГНАТЕНКО</value>
</attribute>
</entry>
<entry>
<id>17</id>
<offset>2003</offset>
<length>15</length>
<class>AAA_Estimate_Person</class>
<attribute>
<name>Canonical</name>
<value>АЛЕКСАНДР МОХОВ</value>
</attribute>
</entry>
<entry>
<id>18</id>
<offset>2107</offset>
<length>8</length>
<class>AAA_Estimate_Person</class>
<attribute>
<name>Canonical</name>
<value>НАЗАРОВ</value>
</attribute>
</entry>
<entry>
<id>19</id>
<offset>2120</offset>
<length>9</length>
<class>AAA_Estimate_Person</class>
<attribute>
<name>Canonical</name>
<value>ИГНАТЕНКО</value>
</attribute>
</entry>
<entry>
<id>20</id>
<offset>2131</offset>
<length>6</length>
<class>AAA_Estimate_Person</class>
<attribute>
<name>Canonical</name>
<value>МОХОВ</value>
</attribute>
</entry>
<entry>
<id>21</id>
<offset>2323</offset>
<length>9</length>
<class>AAA_Estimate_Person</class>
<attribute>
<name>Canonical</name>
<value>НАЗАРОВ</value>
</attribute>
</entry>
<entry>
<id>22</id>
<offset>2393</offset>
<length>6</length>
<class>AAA_Estimate_Person</class>
<attribute>
<name>Canonical</name>
<value>МОХОВ</value>
</attribute>
</entry>
<entry>
<id>23</id>
<offset>2402</offset>
<length>9</length>
<class>AAA_Estimate_Person</class>
<attribute>
<name>Canonical</name>
<value>ИГНАТЕНКО</value>
</attribute>
</entry>
<entry>
<id>24</id>
<offset>2603</offset>
<length>8</length>
<class>AAA_Estimate_Person</class>
<attribute>
<name>Canonical</name>
<value>НАЗАРОВ</value>
</attribute>
</entry>
<entry>
<id>25</id>
<offset>2636</offset>
<length>10</length>
<class>AAA_Estimate_Person</class>
<attribute>
<name>Canonical</name>
<value>ЮРИЙ ЧАЙКА</value>
</attribute>
</entry>
<entry>
<id>26</id>
<offset>2647</offset>
<length>14</length>
<class>AAA_Estimate_Person</class>
<attribute>
<name>Canonical</name>
<value>АРТЕМ ЧАЙКА</value>
</attribute>
</entry>
<entry>
<id>27</id>
<offset>2869</offset>
<length>18</length>
<class>AAA_Estimate_Person</class>
<attribute>
<name>Canonical</name>
<value>СТАНИСЛАВ БУЯНСКИЙ</value>
</attribute>
</entry>
<entry>
<id>28</id>
<offset>2900</offset>
<length>8</length>
<class>AAA_Estimate_Person</class>
<attribute>
<name>Canonical</name>
<value>БУЯНСКИЙ</value>
</attribute>
</entry>
<entry>
<id>29</id>
<offset>3037</offset>
<length>6</length>
<class>AAA_Estimate_Person</class>
<attribute>
<name>Canonical</name>
<value>ШЕСТУН</value>
</attribute>
</entry>
<entry>
<id>30</id>
<offset>3119</offset>
<length>8</length>
<class>AAA_Estimate_Person</class>
<attribute>
<name>Canonical</name>
<value>НАЗАРОВ</value>
</attribute>
</entry>
<entry>
<id>31</id>
<offset>3129</offset>
<length>6</length>
<class>AAA_Estimate_Person</class>
<attribute>
<name>Canonical</name>
<value>ШЕСТУН</value>
</attribute>
</entry>
<entry>
<id>32</id>
<offset>3182</offset>
<length>9</length>
<class>AAA_Estimate_Person</class>
<attribute>
<name>Canonical</name>
<value>НАЗАРОВ</value>
</attribute>
</entry>
<entry>
<id>33</id>
<offset>3215</offset>
<length>12</length>
<class>AAA_Estimate_Person</class>
<attribute>
<name>Canonical</name>
<value>АРТЕМ ЧАЙКА</value>
</attribute>
</entry>
<entry>
<id>34</id>
<offset>3288</offset>
<length>12</length>
<class>AAA_Estimate_Person</class>
<attribute>
<name>Canonical</name>
<value>АРТЕМ ЧАЙКА</value>
</attribute>
</entry>
<entry>
<id>35</id>
<offset>3395</offset>
<length>14</length>
<class>AAA_Estimate_Person</class>
<attribute>
<name>Canonical</name>
<value>ЧАЙКА [-МЛАДШИЙ]</value>
</attribute>
</entry>
<entry>
<id>36</id>
<offset>3449</offset>
<length>8</length>
<class>AAA_Estimate_Person</class>
<attribute>
<name>Canonical</name>
<value>НАЗАРОВ</value>
</attribute>
</entry>
<entry>
<id>37</id>
<offset>3498</offset>
<length>6</length>
<class>AAA_Estimate_Person</class>
<attribute>
<name>Canonical</name>
<value>ЧАЙКА</value>
</attribute>
</entry>
</markup>
