﻿<markup>
<entry>
<id>1</id>
<offset>61</offset>
<length>16</length>
<class>AAA_Estimate_Person</class>
<attribute>
<name>Canonical</name>
<value>ДМИТРИЙ МЕДВЕДЕВ</value>
</attribute>
</entry>
<entry>
<id>2</id>
<offset>335</offset>
<length>16</length>
<class>AAA_Estimate_Person</class>
<attribute>
<name>Canonical</name>
<value>ВЛАДИМИР БУЛАТОВ</value>
</attribute>
</entry>
<entry>
<id>7</id>
<offset>537</offset>
<length>11</length>
<class>AAA_Estimate_Person</class>
<attribute>
<name>Canonical</name>
<value>ИГОРЬ ЖУКОВ</value>
</attribute>
</entry>
<entry>
<id>3</id>
<offset>628</offset>
<length>17</length>
<class>AAA_Estimate_Person</class>
<attribute>
<name>Canonical</name>
<value>АЛЕКСАНДР КУЛИКОВ</value>
</attribute>
</entry>
<entry>
<id>4</id>
<offset>727</offset>
<length>15</length>
<class>AAA_Estimate_Person</class>
<attribute>
<name>Canonical</name>
<value>ВЛАДИМИР ФУРСОВ</value>
</attribute>
</entry>
<entry>
<id>5</id>
<offset>896</offset>
<length>17</length>
<class>AAA_Estimate_Person</class>
<attribute>
<name>Canonical</name>
<value>НИКОЛАЙ МИХАЙЛОВ</value>
</attribute>
</entry>
<entry>
<id>6</id>
<offset>988</offset>
<length>18</length>
<class>AAA_Estimate_Person</class>
<attribute>
<name>Canonical</name>
<value>АЛЕКСАНДР ЧИСЛОВ</value>
</attribute>
</entry>
</markup>
