﻿<markup>
<entry>
<id>1</id>
<offset>0</offset>
<length>8</length>
<class>AAA_Estimate_Person</class>
<attribute>
<name>Canonical</name>
<value>ИГНАТЬЕВ</value>
</attribute>
</entry>
<entry>
<id>2</id>
<offset>95</offset>
<length>15</length>
<class>AAA_Estimate_Person</class>
<attribute>
<name>Canonical</name>
<value>СЕРГЕЙ ИГНАТЬЕВ</value>
</attribute>
</entry>
<entry>
<id>3</id>
<offset>289</offset>
<length>15</length>
<class>AAA_Estimate_Person</class>
<attribute>
<name>Canonical</name>
<value>СЕРГЕЙ ИГНАТЬЕВ</value>
</attribute>
</entry>
<entry>
<id>4</id>
<offset>1148</offset>
<length>8</length>
<class>AAA_Estimate_Person</class>
<attribute>
<name>Canonical</name>
<value>ИГНАТЬЕВ</value>
</attribute>
</entry>
<entry>
<id>5</id>
<offset>1538</offset>
<length>14</length>
<class>AAA_Estimate_Person</class>
<attribute>
<name>Canonical</name>
<value>АНТОН СИЛУАНОВ</value>
</attribute>
</entry>
</markup>
