﻿<markup>
<entry>
<id>1</id>
<offset>0</offset>
<length>11</length>
<class>AAA_Estimate_Person</class>
<attribute>
<name>Canonical</name>
<value>Ю ТИМОШЕНКО</value>
</attribute>
</entry>
<entry>
<id>2</id>
<offset>87</offset>
<length>14</length>
<class>AAA_Estimate_Person</class>
<attribute>
<name>Canonical</name>
<value>ЮЛИЯ ТИМОШЕНКО</value>
</attribute>
</entry>
<entry>
<id>3</id>
<offset>263</offset>
<length>14</length>
<class>AAA_Estimate_Person</class>
<attribute>
<name>Canonical</name>
<value>ЮЛИЯ ТИМОШЕНКО</value>
</attribute>
</entry>
<entry>
<id>4</id>
<offset>278</offset>
<length>18</length>
<class>AAA_Estimate_Person</class>
<attribute>
<name>Canonical</name>
<value>АЛЕКСАНДР ТУРЧИНОВ</value>
</attribute>
</entry>
<entry>
<id>5</id>
<offset>612</offset>
<length>10</length>
<class>AAA_Estimate_Person</class>
<attribute>
<name>Canonical</name>
<value>А ТУРЧИНОВ</value>
</attribute>
</entry>
<entry>
<id>6</id>
<offset>683</offset>
<length>17</length>
<class>AAA_Estimate_Person</class>
<attribute>
<name>Canonical</name>
<value>ВИКТОР ЯНУКОВИЧ</value>
</attribute>
</entry>
<entry>
<id>7</id>
<offset>943</offset>
<length>14</length>
<class>AAA_Estimate_Person</class>
<attribute>
<name>Canonical</name>
<value>ЮЛИЯ ТИМОШЕНКО</value>
</attribute>
</entry>
<entry>
<id>8</id>
<offset>995</offset>
<length>11</length>
<class>AAA_Estimate_Person</class>
<attribute>
<name>Canonical</name>
<value>В ЯНУКОВИЧ</value>
</attribute>
</entry>
<entry>
<id>9</id>
<offset>1019</offset>
<length>10</length>
<class>AAA_Estimate_Person</class>
<attribute>
<name>Canonical</name>
<value>А ТУРЧИНОВ</value>
</attribute>
</entry>
<entry>
<id>10</id>
<offset>1035</offset>
<length>11</length>
<class>AAA_Estimate_Person</class>
<attribute>
<name>Canonical</name>
<value>Ю ТИМОШЕНКО</value>
</attribute>
</entry>
<entry>
<id>11</id>
<offset>1218</offset>
<length>11</length>
<class>AAA_Estimate_Person</class>
<attribute>
<name>Canonical</name>
<value>В ЯНУКОВИЧ</value>
</attribute>
</entry>
<entry>
<id>12</id>
<offset>1290</offset>
<length>10</length>
<class>AAA_Estimate_Person</class>
<attribute>
<name>Canonical</name>
<value>А ТУРЧИНОВ</value>
</attribute>
</entry>
<entry>
<id>13</id>
<offset>1408</offset>
<length>17</length>
<class>AAA_Estimate_Person</class>
<attribute>
<name>Canonical</name>
<value>ВИКТОР ЯНУКОВИЧ</value>
</attribute>
</entry>
<entry>
<id>14</id>
<offset>1463</offset>
<length>14</length>
<class>AAA_Estimate_Person</class>
<attribute>
<name>Canonical</name>
<value>ЮЛИЯ ТИМОШЕНКО</value>
</attribute>
</entry>
<entry>
<id>15</id>
<offset>1491</offset>
<length>14</length>
<class>AAA_Estimate_Person</class>
<attribute>
<name>Canonical</name>
<value>СЕРГЕЙ ТИГИПКО</value>
</attribute>
</entry>
<entry>
<id>16</id>
<offset>1519</offset>
<length>15</length>
<class>AAA_Estimate_Person</class>
<attribute>
<name>Canonical</name>
<value>АРСЕНИЙ ЯЦЕНЮК</value>
</attribute>
</entry>
<entry>
<id>17</id>
<offset>1547</offset>
<length>14</length>
<class>AAA_Estimate_Person</class>
<attribute>
<name>Canonical</name>
<value>ВИКТОР ЮЩЕНКО</value>
</attribute>
</entry>
<entry>
<id>18</id>
<offset>1574</offset>
<length>15</length>
<class>AAA_Estimate_Person</class>
<attribute>
<name>Canonical</name>
<value>ПЕТР СИМОНЕНКО</value>
</attribute>
</entry>
<entry>
<id>19</id>
<offset>1602</offset>
<length>17</length>
<class>AAA_Estimate_Person</class>
<attribute>
<name>Canonical</name>
<value>ВЛАДИМИР ЛИТВИН</value>
</attribute>
</entry>
</markup>
