﻿<markup>
<entry>
<id>1</id>
<offset>123</offset>
<length>13</length>
<class>AAA_Estimate_Person</class>
<attribute>
<name>Canonical</name>
<value>ТАУФИК ИКАШ</value>
</attribute>
</entry>
<entry>
<id>7</id>
<offset>285</offset>
<length>14</length>
<class>AAA_Estimate_Person</class>
<attribute>
<name>Canonical</name>
<value>ТАЛААТ АБДАЛАА</value>
</attribute>
</entry>
<entry>
<id>8</id>
<offset>424</offset>
<length>13</length>
<class>AAA_Estimate_Person</class>
<attribute>
<name>Canonical</name>
<value>ТАУФИК ИКАШ</value>
</attribute>
</entry>
<entry>
<id>2</id>
<offset>585</offset>
<length>5</length>
<class>AAA_Estimate_Person</class>
<attribute>
<name>Canonical</name>
<value>ИКАША</value>
</attribute>
</entry>
<entry>
<id>3</id>
<offset>919</offset>
<length>11</length>
<class>AAA_Estimate_Person</class>
<attribute>
<name>Canonical</name>
<value>БАССЕМ ЮСЕФ</value>
</attribute>
</entry>
<entry>
<id>4</id>
<offset>989</offset>
<length>15</length>
<class>AAA_Estimate_Person</class>
<attribute>
<name>Canonical</name>
<value>МУХАММЕД МУРСИ</value>
</attribute>
</entry>
<entry>
<id>5</id>
<offset>1134</offset>
<length>5</length>
<class>AAA_Estimate_Person</class>
<attribute>
<name>Canonical</name>
<value>МУРСИ</value>
</attribute>
</entry>
<entry>
<id>6</id>
<offset>1539</offset>
<length>5</length>
<class>AAA_Estimate_Person</class>
<attribute>
<name>Canonical</name>
<value>МУРСИ</value>
</attribute>
</entry>
</markup>
