﻿<markup>
<entry>
<id>1</id>
<offset>92</offset>
<length>15</length>
<class>AAA_Estimate_Person</class>
<attribute>
<name>Canonical</name>
<value>ТАТЬЯНА КЛЯВИНА</value>
</attribute>
</entry>
<entry>
<id>2</id>
<offset>358</offset>
<length>16</length>
<class>AAA_Estimate_Person</class>
<attribute>
<name>Canonical</name>
<value>ДЖАМИЛЯ КУМУКОВА</value>
</attribute>
</entry>
<entry>
<id>3</id>
<offset>401</offset>
<length>15</length>
<class>AAA_Estimate_Person</class>
<attribute>
<name>Canonical</name>
<value>ТАТЬЯНА КЛЯВИНА</value>
</attribute>
</entry>
<entry>
<id>4</id>
<offset>620</offset>
<length>9</length>
<class>AAA_Estimate_Person</class>
<attribute>
<name>Canonical</name>
<value>МЕДИНСКИЙ</value>
</attribute>
</entry>
<entry>
<id>5</id>
<offset>642</offset>
<length>8</length>
<class>AAA_Estimate_Person</class>
<attribute>
<name>Canonical</name>
<value>КУМУКОВА</value>
</attribute>
</entry>
<entry>
<id>6</id>
<offset>1047</offset>
<length>18</length>
<class>AAA_Estimate_Person</class>
<attribute>
<name>Canonical</name>
<value>ВАЛЕНТИН ЗУБОВ</value>
</attribute>
</entry>
</markup>
