﻿<markup>
<entry>
<id>1</id>
<offset>100</offset>
<length>13</length>
<class>AAA_Estimate_Person</class>
<attribute>
<name>Canonical</name>
<value>ИГОРЬ ГОЛИКОВ</value>
</attribute>
</entry>
<entry>
<id>2</id>
<offset>1425</offset>
<length>14</length>
<class>AAA_Estimate_Person</class>
<attribute>
<name>Canonical</name>
<value>ИГОРЬ ГОЛИКОВ</value>
</attribute>
</entry>
<entry>
<id>3</id>
<offset>2835</offset>
<length>13</length>
<class>AAA_Estimate_Person</class>
<attribute>
<name>Canonical</name>
<value>ИГОРЬ ГОЛИКОВ</value>
</attribute>
</entry>
<entry>
<id>4</id>
<offset>3014</offset>
<length>7</length>
<class>AAA_Estimate_Person</class>
<attribute>
<name>Canonical</name>
<value>ГОЛИКОВ</value>
</attribute>
</entry>
</markup>
