﻿<markup>
<entry>
<id>1</id>
<offset>0</offset>
<length>16</length>
<class>AAA_Estimate_Person</class>
<attribute>
<name>Canonical</name>
<value>НАДЕЖДА КОРНЕЕВА</value>
</attribute>
</entry>
<entry>
<id>2</id>
<offset>213</offset>
<length>16</length>
<class>AAA_Estimate_Person</class>
<attribute>
<name>Canonical</name>
<value>НАДЕЖДА КОРНЕЕВА</value>
</attribute>
</entry>
<entry>
<id>3</id>
<offset>319</offset>
<length>16</length>
<class>AAA_Estimate_Person</class>
<attribute>
<name>Canonical</name>
<value>НАДЕЖДА КОРНЕЕВА</value>
</attribute>
</entry>
<entry>
<id>4</id>
<offset>450</offset>
<length>16</length>
<class>AAA_Estimate_Person</class>
<attribute>
<name>Canonical</name>
<value>НАДЕЖДА КОРНЕЕВА</value>
</attribute>
</entry>
<entry>
<id>5</id>
<offset>736</offset>
<length>16</length>
<class>AAA_Estimate_Person</class>
<attribute>
<name>Canonical</name>
<value>НАДЕЖДА КОРНЕЕВА</value>
</attribute>
</entry>
<entry>
<id>6</id>
<offset>901</offset>
<length>16</length>
<class>AAA_Estimate_Person</class>
<attribute>
<name>Canonical</name>
<value>ГЕННАДИЙ СЕМИГИН</value>
</attribute>
</entry>
</markup>
