﻿<markup>
<entry>
<id>1</id>
<offset>41</offset>
<length>7</length>
<class>AAA_Estimate_Person</class>
<attribute>
<name>Canonical</name>
<value>ЯКУНИН</value>
</attribute>
</entry>
<entry>
<id>2</id>
<offset>59</offset>
<length>7</length>
<class>AAA_Estimate_Person</class>
<attribute>
<name>Canonical</name>
<value>ДОРЕНКО</value>
</attribute>
</entry>
<entry>
<id>3</id>
<offset>180</offset>
<length>14</length>
<class>AAA_Estimate_Person</class>
<attribute>
<name>Canonical</name>
<value>СЕРГЕЙ ДОРЕНКО</value>
</attribute>
</entry>
<entry>
<id>4</id>
<offset>214</offset>
<length>6</length>
<class>AAA_Estimate_Person</class>
<attribute>
<name>Canonical</name>
<value>ЯКУНИН</value>
</attribute>
</entry>
<entry>
<id>5</id>
<offset>223</offset>
<length>15</length>
<class>AAA_Estimate_Person</class>
<attribute>
<name>Canonical</name>
<value>ВЛАДИМИР ЯКУНИН</value>
</attribute>
</entry>
<entry>
<id>6</id>
<offset>242</offset>
<length>17</length>
<class>AAA_Estimate_Person</class>
<attribute>
<name>Canonical</name>
<value>АЛЕКСЕЙ МЕЛЬНИКОВ</value>
</attribute>
</entry>
<entry>
<id>7</id>
<offset>279</offset>
<length>17</length>
<class>AAA_Estimate_Person</class>
<attribute>
<name>Canonical</name>
<value>ВЛАДИМИР ЯКУНИН</value>
</attribute>
</entry>
<entry>
<id>8</id>
<offset>395</offset>
<length>7</length>
<class>AAA_Estimate_Person</class>
<attribute>
<name>Canonical</name>
<value>ЯКУНИН</value>
</attribute>
</entry>
<entry>
<id>9</id>
<offset>417</offset>
<length>15</length>
<class>AAA_Estimate_Person</class>
<attribute>
<name>Canonical</name>
<value>СЕРГЕЙ ДОРЕНКО</value>
</attribute>
</entry>
<entry>
<id>10</id>
<offset>544</offset>
<length>7</length>
<class>AAA_Estimate_Person</class>
<attribute>
<name>Canonical</name>
<value>ЯКУНИН</value>
</attribute>
</entry>
<entry>
<id>11</id>
<offset>606</offset>
<length>19</length>
<class>AAA_Estimate_Person</class>
<attribute>
<name>Canonical</name>
<value>АЛЕКСАНДР МИШАРИН</value>
</attribute>
</entry>
<entry>
<id>12</id>
<offset>1045</offset>
<length>6</length>
<class>AAA_Estimate_Person</class>
<attribute>
<name>Canonical</name>
<value>ЯКУНИН</value>
</attribute>
</entry>
<entry>
<id>13</id>
<offset>1193</offset>
<length>7</length>
<class>AAA_Estimate_Person</class>
<attribute>
<name>Canonical</name>
<value>ЯКУНИН</value>
</attribute>
</entry>
<entry>
<id>14</id>
<offset>1229</offset>
<length>7</length>
<class>AAA_Estimate_Person</class>
<attribute>
<name>Canonical</name>
<value>ЯКУНИН</value>
</attribute>
</entry>
<entry>
<id>15</id>
<offset>1331</offset>
<length>14</length>
<class>AAA_Estimate_Person</class>
<attribute>
<name>Canonical</name>
<value>СЕРГЕЙ ДОРЕНКО</value>
</attribute>
</entry>
<entry>
<id>16</id>
<offset>1365</offset>
<length>6</length>
<class>AAA_Estimate_Person</class>
<attribute>
<name>Canonical</name>
<value>ЯКУНИН</value>
</attribute>
</entry>
<entry>
<id>17</id>
<offset>1483</offset>
<length>17</length>
<class>AAA_Estimate_Person</class>
<attribute>
<name>Canonical</name>
<value>АЛЕКСЕЙ МЕЛЬНИКОВ</value>
</attribute>
</entry>
<entry>
<id>18</id>
<offset>1565</offset>
<length>14</length>
<class>AAA_Estimate_Person</class>
<attribute>
<name>Canonical</name>
<value>СЕРГЕЙ ДОРЕНКО</value>
</attribute>
</entry>
<entry>
<id>19</id>
<offset>1615</offset>
<length>7</length>
<class>AAA_Estimate_Person</class>
<attribute>
<name>Canonical</name>
<value>ЯКУНИН</value>
</attribute>
</entry>
<entry>
<id>41</id>
<offset>1738</offset>
<length>9</length>
<class>AAA_Estimate_Person</class>
<attribute>
<name>Canonical</name>
<value>МЕДВЕДЕВ</value>
</attribute>
</entry>
<entry>
<id>21</id>
<offset>1786</offset>
<length>8</length>
<class>AAA_Estimate_Person</class>
<attribute>
<name>Canonical</name>
<value>МИШАРИН</value>
</attribute>
</entry>
<entry>
<id>22</id>
<offset>1919</offset>
<length>13</length>
<class>AAA_Estimate_Person</class>
<attribute>
<name>Canonical</name>
<value>ЛЮДМИЛА АЙВАР</value>
</attribute>
</entry>
<entry>
<id>23</id>
<offset>2260</offset>
<length>16</length>
<class>AAA_Estimate_Person</class>
<attribute>
<name>Canonical</name>
<value>ВЯЧЕСЛАВ ЛЕБЕДЕВ</value>
</attribute>
</entry>
<entry>
<id>24</id>
<offset>2526</offset>
<length>7</length>
<class>AAA_Estimate_Person</class>
<attribute>
<name>Canonical</name>
<value>ЛЕБЕДЕВ</value>
</attribute>
</entry>
<entry>
<id>25</id>
<offset>2657</offset>
<length>7</length>
<class>AAA_Estimate_Person</class>
<attribute>
<name>Canonical</name>
<value>ЯКУНИН</value>
</attribute>
</entry>
<entry>
<id>26</id>
<offset>2788</offset>
<length>14</length>
<class>AAA_Estimate_Person</class>
<attribute>
<name>Canonical</name>
<value>СЕРГЕЙ ДОРЕНКО</value>
</attribute>
</entry>
<entry>
<id>27</id>
<offset>2805</offset>
<length>15</length>
<class>AAA_Estimate_Person</class>
<attribute>
<name>Canonical</name>
<value>ВЛАДИМИР ЯКУНИН</value>
</attribute>
</entry>
<entry>
<id>28</id>
<offset>2866</offset>
<length>14</length>
<class>AAA_Estimate_Person</class>
<attribute>
<name>Canonical</name>
<value>СЕРГЕЙ ДОРЕНКО</value>
</attribute>
</entry>
<entry>
<id>29</id>
<offset>2989</offset>
<length>7</length>
<class>AAA_Estimate_Person</class>
<attribute>
<name>Canonical</name>
<value>ДОРЕНКО</value>
</attribute>
</entry>
<entry>
<id>30</id>
<offset>3092</offset>
<length>6</length>
<class>AAA_Estimate_Person</class>
<attribute>
<name>Canonical</name>
<value>ЯКУНИН</value>
</attribute>
</entry>
<entry>
<id>31</id>
<offset>3112</offset>
<length>10</length>
<class>AAA_Estimate_Person</class>
<attribute>
<name>Canonical</name>
<value>СЕРДЮКОВ</value>
</attribute>
</entry>
<entry>
<id>40</id>
<offset>3144</offset>
<length>10</length>
<class>AAA_Estimate_Person</class>
<attribute>
<name>Canonical</name>
<value>СЕРДЮКОВ</value>
</attribute>
</entry>
<entry>
<id>32</id>
<offset>3169</offset>
<length>6</length>
<class>AAA_Estimate_Person</class>
<attribute>
<name>Canonical</name>
<value>ЯКУНИН</value>
</attribute>
</entry>
<entry>
<id>33</id>
<offset>3186</offset>
<length>7</length>
<class>AAA_Estimate_Person</class>
<attribute>
<name>Canonical</name>
<value>ДОРЕНКО</value>
</attribute>
</entry>
<entry>
<id>34</id>
<offset>3434</offset>
<length>7</length>
<class>AAA_Estimate_Person</class>
<attribute>
<name>Canonical</name>
<value>ДОРЕНКО</value>
</attribute>
</entry>
<entry>
<id>36</id>
<offset>3500</offset>
<length>17</length>
<class>AAA_Estimate_Person</class>
<attribute>
<name>Canonical</name>
<value>АЛЕКСЕЙ МЕЛЬНИКОВ</value>
</attribute>
</entry>
<entry>
<id>37</id>
<offset>3586</offset>
<length>7</length>
<class>AAA_Estimate_Person</class>
<attribute>
<name>Canonical</name>
<value>ДОРЕНКО</value>
</attribute>
</entry>
<entry>
<id>38</id>
<offset>3684</offset>
<length>6</length>
<class>AAA_Estimate_Person</class>
<attribute>
<name>Canonical</name>
<value>ЯКУНИН</value>
</attribute>
</entry>
<entry>
<id>39</id>
<offset>3757</offset>
<length>19</length>
<class>AAA_Estimate_Person</class>
<attribute>
<name>Canonical</name>
<value>КОНСТАНТИН БОГДАНОВ</value>
</attribute>
</entry>
</markup>
