﻿<markup>
<entry>
<id>1</id>
<offset>173</offset>
<length>15</length>
<class>AAA_Estimate_Person</class>
<attribute>
<name>Canonical</name>
<value>ВАЛЕРИЙ СМОЛЕГО</value>
</attribute>
</entry>
<entry>
<id>2</id>
<offset>1178</offset>
<length>19</length>
<class>AAA_Estimate_Person</class>
<attribute>
<name>Canonical</name>
<value>АЛЕКСАНДР КРУМГОЛЬЦ</value>
</attribute>
</entry>
<entry>
<id>3</id>
<offset>1458</offset>
<length>11</length>
<class>AAA_Estimate_Person</class>
<attribute>
<name>Canonical</name>
<value>АМАН ТУЛЕЕВ</value>
</attribute>
</entry>
<entry>
<id>4</id>
<offset>1483</offset>
<length>7</length>
<class>AAA_Estimate_Person</class>
<attribute>
<name>Canonical</name>
<value>СМОЛЕГО</value>
</attribute>
</entry>
<entry>
<id>5</id>
<offset>1519</offset>
<length>15</length>
<class>AAA_Estimate_Person</class>
<attribute>
<name>Canonical</name>
<value>ВАЛЕРИЙ СМОЛЕГО</value>
</attribute>
</entry>
<entry>
<id>6</id>
<offset>1786</offset>
<length>7</length>
<class>AAA_Estimate_Person</class>
<attribute>
<name>Canonical</name>
<value>СМОЛЕГО</value>
</attribute>
</entry>
</markup>
