﻿<markup>
<entry>
<id>1</id>
<offset>2</offset>
<length>6</length>
<class>AAA_Estimate_Person</class>
<attribute>
<name>Canonical</name>
<value>ИСАЕВ</value>
</attribute>
</entry>
<entry>
<id>2</id>
<offset>241</offset>
<length>13</length>
<class>AAA_Estimate_Person</class>
<attribute>
<name>Canonical</name>
<value>АНДРЕЙ ИСАЕВ</value>
</attribute>
</entry>
<entry>
<id>3</id>
<offset>401</offset>
<length>12</length>
<class>AAA_Estimate_Person</class>
<attribute>
<name>Canonical</name>
<value>АНДРЕЙ ИСАЕВ</value>
</attribute>
</entry>
<entry>
<id>4</id>
<offset>578</offset>
<length>13</length>
<class>AAA_Estimate_Person</class>
<attribute>
<name>Canonical</name>
<value>ВИКТОР КЛИМОВ</value>
</attribute>
</entry>
<entry>
<id>11</id>
<offset>1035</offset>
<length>6</length>
<class>AAA_Estimate_Person</class>
<attribute>
<name>Canonical</name>
<value>ИСАЕВ</value>
</attribute>
</entry>
<entry>
<id>5</id>
<offset>1117</offset>
<length>16</length>
<class>AAA_Estimate_Person</class>
<attribute>
<name>Canonical</name>
<value>ВЯЧЕСЛАВ ЛЫСАКОВ</value>
</attribute>
</entry>
<entry>
<id>6</id>
<offset>1223</offset>
<length>6</length>
<class>AAA_Estimate_Person</class>
<attribute>
<name>Canonical</name>
<value>ИСАЕВ</value>
</attribute>
</entry>
<entry>
<id>7</id>
<offset>1407</offset>
<length>5</length>
<class>AAA_Estimate_Person</class>
<attribute>
<name>Canonical</name>
<value>ИСАЕВ</value>
</attribute>
</entry>
<entry>
<id>8</id>
<offset>1652</offset>
<length>14</length>
<class>AAA_Estimate_Person</class>
<attribute>
<name>Canonical</name>
<value>СЕРГЕЙ НЕВЕРОВ</value>
</attribute>
</entry>
<entry>
<id>9</id>
<offset>1831</offset>
<length>7</length>
<class>AAA_Estimate_Person</class>
<attribute>
<name>Canonical</name>
<value>ИСАЕВ</value>
</attribute>
</entry>
<entry>
<id>10</id>
<offset>1865</offset>
<length>5</length>
<class>AAA_Estimate_Person</class>
<attribute>
<name>Canonical</name>
<value>ИСАЕВ</value>
</attribute>
</entry>
</markup>
