﻿<markup>
<entry>
<id>1</id>
<offset>0</offset>
<length>10</length>
<class>AAA_Estimate_Person</class>
<attribute>
<name>Canonical</name>
<value>ДЖАБРАИЛОВ</value>
</attribute>
</entry>
<entry>
<id>2</id>
<offset>101</offset>
<length>17</length>
<class>AAA_Estimate_Person</class>
<attribute>
<name>Canonical</name>
<value>УМАР ДЖАБРАИЛОВ</value>
</attribute>
</entry>
<entry>
<id>3</id>
<offset>295</offset>
<length>11</length>
<class>AAA_Estimate_Person</class>
<attribute>
<name>Canonical</name>
<value>ДЖАБРАИЛОВ</value>
</attribute>
</entry>
<entry>
<id>4</id>
<offset>352</offset>
<length>18</length>
<class>AAA_Estimate_Person</class>
<attribute>
<name>Canonical</name>
<value>КРИСТИНА ОРБАКАЙТЕ</value>
</attribute>
</entry>
<entry>
<id>5</id>
<offset>371</offset>
<length>15</length>
<class>AAA_Estimate_Person</class>
<attribute>
<name>Canonical</name>
<value>РУСЛАН БАЙСАРОВ</value>
</attribute>
</entry>
<entry>
<id>6</id>
<offset>452</offset>
<length>17</length>
<class>AAA_Estimate_Person</class>
<attribute>
<name>Canonical</name>
<value>УМАР ДЖАБРАИЛОВ</value>
</attribute>
</entry>
<entry>
<id>7</id>
<offset>776</offset>
<length>18</length>
<class>AAA_Estimate_Person</class>
<attribute>
<name>Canonical</name>
<value>РАМЗАН КАДЫРОВ</value>
</attribute>
</entry>
<entry>
<id>8</id>
<offset>922</offset>
<length>15</length>
<class>AAA_Estimate_Person</class>
<attribute>
<name>Canonical</name>
<value>СЕРГЕЙ МИРОНОВ</value>
</attribute>
</entry>
<entry>
<id>9</id>
<offset>1385</offset>
<length>11</length>
<class>AAA_Estimate_Person</class>
<attribute>
<name>Canonical</name>
<value>ДЖАБРАИЛОВ</value>
</attribute>
</entry>
<entry>
<id>10</id>
<offset>1407</offset>
<length>15</length>
<class>AAA_Estimate_Person</class>
<attribute>
<name>Canonical</name>
<value>УМАР ДЖАБРАИЛОВ</value>
</attribute>
</entry>
<entry>
<id>11</id>
<offset>1518</offset>
<length>11</length>
<class>AAA_Estimate_Person</class>
<attribute>
<name>Canonical</name>
<value>ДЖАБРАИЛОВ</value>
</attribute>
</entry>
<entry>
<id>12</id>
<offset>1636</offset>
<length>18</length>
<class>AAA_Estimate_Person</class>
<attribute>
<name>Canonical</name>
<value>РАМЗАН КАДЫРОВ</value>
</attribute>
</entry>
<entry>
<id>13</id>
<offset>1777</offset>
<length>10</length>
<class>AAA_Estimate_Person</class>
<attribute>
<name>Canonical</name>
<value>ДЖАБРАИЛОВ</value>
</attribute>
</entry>
<entry>
<id>14</id>
<offset>1855</offset>
<length>8</length>
<class>AAA_Estimate_Person</class>
<attribute>
<name>Canonical</name>
<value>КАДЫРОВ</value>
</attribute>
</entry>
<entry>
<id>15</id>
<offset>1919</offset>
<length>12</length>
<class>AAA_Estimate_Person</class>
<attribute>
<name>Canonical</name>
<value>АЛУ АЛХАНОВ</value>
</attribute>
</entry>
<entry>
<id>16</id>
<offset>1987</offset>
<length>8</length>
<class>AAA_Estimate_Person</class>
<attribute>
<name>Canonical</name>
<value>КАДЫРОВ</value>
</attribute>
</entry>
<entry>
<id>17</id>
<offset>2018</offset>
<length>10</length>
<class>AAA_Estimate_Person</class>
<attribute>
<name>Canonical</name>
<value>ДЖАБРАИЛОВ</value>
</attribute>
</entry>
<entry>
<id>18</id>
<offset>2159</offset>
<length>11</length>
<class>AAA_Estimate_Person</class>
<attribute>
<name>Canonical</name>
<value>ДЖАБРАИЛОВ</value>
</attribute>
</entry>
<entry>
<id>19</id>
<offset>2302</offset>
<length>13</length>
<class>AAA_Estimate_Person</class>
<attribute>
<name>Canonical</name>
<value>АЛЬВИ КАРИМОВ</value>
</attribute>
</entry>
<entry>
<id>20</id>
<offset>2411</offset>
<length>11</length>
<class>AAA_Estimate_Person</class>
<attribute>
<name>Canonical</name>
<value>ДЖАБРАИЛОВ</value>
</attribute>
</entry>
<entry>
<id>21</id>
<offset>2483</offset>
<length>18</length>
<class>AAA_Estimate_Person</class>
<attribute>
<name>Canonical</name>
<value>КРИСТИНА ОРБАКАЙТЕ</value>
</attribute>
</entry>
<entry>
<id>22</id>
<offset>2502</offset>
<length>17</length>
<class>AAA_Estimate_Person</class>
<attribute>
<name>Canonical</name>
<value>РУСЛАН БАЙСАРОВ</value>
</attribute>
</entry>
<entry>
<id>23</id>
<offset>2597</offset>
<length>8</length>
<class>AAA_Estimate_Person</class>
<attribute>
<name>Canonical</name>
<value>БАЙСАРОВ</value>
</attribute>
</entry>
<entry>
<id>24</id>
<offset>2658</offset>
<length>7</length>
<class>AAA_Estimate_Person</class>
<attribute>
<name>Canonical</name>
<value>КАРИМОВ</value>
</attribute>
</entry>
<entry>
<id>25</id>
<offset>2689</offset>
<length>14</length>
<class>AAA_Estimate_Person</class>
<attribute>
<name>Canonical</name>
<value>РАМЗАН КАДЫРОВ</value>
</attribute>
</entry>
<entry>
<id>26</id>
<offset>2726</offset>
<length>8</length>
<class>AAA_Estimate_Person</class>
<attribute>
<name>Canonical</name>
<value>БАЙСАРОВ</value>
</attribute>
</entry>
<entry>
<id>27</id>
<offset>2824</offset>
<length>15</length>
<class>AAA_Estimate_Person</class>
<attribute>
<name>Canonical</name>
<value>УМАР ДЖАБРАИЛОВ</value>
</attribute>
</entry>
</markup>
