﻿<markup>
<entry>
<id>1</id>
<offset>0</offset>
<length>7</length>
<class>AAA_Estimate_Person</class>
<attribute>
<name>Canonical</name>
<value>РАДЖЕРО</value>
</attribute>
</entry>
<entry>
<id>2</id>
<offset>203</offset>
<length>16</length>
<class>AAA_Estimate_Person</class>
<attribute>
<name>Canonical</name>
<value>РИЧАРД ХОЛБРУК</value>
</attribute>
</entry>
<entry>
<id>4</id>
<offset>310</offset>
<length>13</length>
<class>AAA_Estimate_Person</class>
<attribute>
<name>Canonical</name>
<value>ФРЭНК РАДЖЕРО</value>
</attribute>
</entry>
<entry>
<id>5</id>
<offset>374</offset>
<length>12</length>
<class>AAA_Estimate_Person</class>
<attribute>
<name>Canonical</name>
<value>ФИЛИП КРОУЛИ</value>
</attribute>
</entry>
<entry>
<id>6</id>
<offset>392</offset>
<length>13</length>
<class>AAA_Estimate_Person</class>
<attribute>
<name>Canonical</name>
<value>ФРЭНК РАДЖЕРО</value>
</attribute>
</entry>
<entry>
<id>7</id>
<offset>422</offset>
<length>8</length>
<class>AAA_Estimate_Person</class>
<attribute>
<name>Canonical</name>
<value>ХОЛБРУК</value>
</attribute>
</entry>
<entry>
<id>8</id>
<offset>552</offset>
<length>9</length>
<class>AAA_Estimate_Person</class>
<attribute>
<name>Canonical</name>
<value>ХОЛБРУК</value>
</attribute>
</entry>
<entry>
<id>9</id>
<offset>635</offset>
<length>12</length>
<class>AAA_Estimate_Person</class>
<attribute>
<name>Canonical</name>
<value>ДЭН ФЕЛЬДМАН</value>
</attribute>
</entry>
<entry>
<id>10</id>
<offset>650</offset>
<length>12</length>
<class>AAA_Estimate_Person</class>
<attribute>
<name>Canonical</name>
<value>ВИКРАМ СИНГХ</value>
</attribute>
</entry>
<entry>
<id>11</id>
<offset>674</offset>
<length>6</length>
<class>AAA_Estimate_Person</class>
<attribute>
<name>Canonical</name>
<value>КРОУЛИ</value>
</attribute>
</entry>
<entry>
<id>12</id>
<offset>779</offset>
<length>7</length>
<class>AAA_Estimate_Person</class>
<attribute>
<name>Canonical</name>
<value>ХОЛБРУК</value>
</attribute>
</entry>
</markup>
