﻿<markup>
<entry>
<id>1</id>
<offset>63</offset>
<length>6</length>
<class>AAA_Estimate_Person</class>
<attribute>
<name>Canonical</name>
<value>ФРОЛОВ</value>
</attribute>
</entry>
<entry>
<id>2</id>
<offset>152</offset>
<length>13</length>
<class>AAA_Estimate_Person</class>
<attribute>
<name>Canonical</name>
<value>МИХАИЛ ФРОЛОВ</value>
</attribute>
</entry>
<entry>
<id>3</id>
<offset>276</offset>
<length>13</length>
<class>AAA_Estimate_Person</class>
<attribute>
<name>Canonical</name>
<value>МИХАИЛ ФРОЛОВ</value>
</attribute>
</entry>
<entry>
<id>4</id>
<offset>391</offset>
<length>19</length>
<class>AAA_Estimate_Person</class>
<attribute>
<name>Canonical</name>
<value>МИХАИЛ ИЛЬИЧ ФРОЛОВ</value>
</attribute>
</entry>
<entry>
<id>5</id>
<offset>647</offset>
<length>15</length>
<class>AAA_Estimate_Person</class>
<attribute>
<name>Canonical</name>
<value>МИХАИЛ ДЕГТЯРЕВ</value>
</attribute>
</entry>
<entry>
<id>6</id>
<offset>674</offset>
<length>14</length>
<class>AAA_Estimate_Person</class>
<attribute>
<name>Canonical</name>
<value>ИВАН МЕЛЬНИКОВ</value>
</attribute>
</entry>
<entry>
<id>7</id>
<offset>711</offset>
<length>15</length>
<class>AAA_Estimate_Person</class>
<attribute>
<name>Canonical</name>
<value>СЕРГЕЙ МИТРОХИН</value>
</attribute>
</entry>
<entry>
<id>8</id>
<offset>741</offset>
<length>17</length>
<class>AAA_Estimate_Person</class>
<attribute>
<name>Canonical</name>
<value>АЛЕКСЕЙ НАВАЛЬНЫЙ</value>
</attribute>
</entry>
<entry>
<id>9</id>
<offset>776</offset>
<length>16</length>
<class>AAA_Estimate_Person</class>
<attribute>
<name>Canonical</name>
<value>СВЕТЛАНА ПЕУНОВА</value>
</attribute>
</entry>
<entry>
<id>10</id>
<offset>827</offset>
<length>14</length>
<class>AAA_Estimate_Person</class>
<attribute>
<name>Canonical</name>
<value>СЕРГЕЙ СОБЯНИН</value>
</attribute>
</entry>
<entry>
<id>11</id>
<offset>1390</offset>
<length>14</length>
<class>AAA_Estimate_Person</class>
<attribute>
<name>Canonical</name>
<value>СЕРГЕЙ СОБЯНИН</value>
</attribute>
</entry>
<entry>
<id>12</id>
<offset>1596</offset>
<length>14</length>
<class>AAA_Estimate_Person</class>
<attribute>
<name>Canonical</name>
<value>ИЛЬЯ БУЛАВИНОВ</value>
</attribute>
</entry>
</markup>
