﻿<markup>
<entry>
<id>1</id>
<offset>0</offset>
<length>5</length>
<class>AAA_Estimate_Person</class>
<attribute>
<name>Canonical</name>
<value>ОБАМА</value>
</attribute>
</entry>
<entry>
<id>2</id>
<offset>65</offset>
<length>11</length>
<class>AAA_Estimate_Person</class>
<attribute>
<name>Canonical</name>
<value>БАРАК ОБАМА</value>
</attribute>
</entry>
<entry>
<id>3</id>
<offset>249</offset>
<length>26</length>
<class>AAA_Estimate_Person</class>
<attribute>
<name>Canonical</name>
<value>ДЖОН БАСС (JOHN R BASS)</value>
</attribute>
</entry>
<entry>
<id>4</id>
<offset>294</offset>
<length>4</length>
<class>AAA_Estimate_Person</class>
<attribute>
<name>Canonical</name>
<value>БАСС</value>
</attribute>
</entry>
<entry>
<id>5</id>
<offset>421</offset>
<length>4</length>
<class>AAA_Estimate_Person</class>
<attribute>
<name>Canonical</name>
<value>БАСС</value>
</attribute>
</entry>
<entry>
<id>6</id>
<offset>692</offset>
<length>4</length>
<class>AAA_Estimate_Person</class>
<attribute>
<name>Canonical</name>
<value>БАСС</value>
</attribute>
</entry>
<entry>
<id>7</id>
<offset>857</offset>
<length>11</length>
<class>AAA_Estimate_Person</class>
<attribute>
<name>Canonical</name>
<value>БАРАК ОБАМА</value>
</attribute>
</entry>
<entry>
<id>8</id>
<offset>890</offset>
<length>33</length>
<class>AAA_Estimate_Person</class>
<attribute>
<name>Canonical</name>
<value>КЕННЕТ ГРОСС (KENNETH E. GROSS)</value>
</attribute>
</entry>
<entry>
<id>9</id>
<offset>931</offset>
<length>5</length>
<class>AAA_Estimate_Person</class>
<attribute>
<name>Canonical</name>
<value>ГРОСС</value>
</attribute>
</entry>
</markup>
