﻿<markup>
<entry>
<id>1</id>
<offset>414</offset>
<length>14</length>
<class>AAA_Estimate_Person</class>
<attribute>
<name>Canonical</name>
<value>ВАДИМ ЗАЙЦЕВ</value>
</attribute>
</entry>
<entry>
<id>2</id>
<offset>587</offset>
<length>17</length>
<class>AAA_Estimate_Person</class>
<attribute>
<name>Canonical</name>
<value>АЛЕКСАНДР КАЗАК</value>
</attribute>
</entry>
<entry>
<id>3</id>
<offset>1154</offset>
<length>7</length>
<class>AAA_Estimate_Person</class>
<attribute>
<name>Canonical</name>
<value>ЗАЙЦЕВ</value>
</attribute>
</entry>
<entry>
<id>4</id>
<offset>1549</offset>
<length>9</length>
<class>AAA_Estimate_Person</class>
<attribute>
<name>Canonical</name>
<value>ЛУКАШЕНКО</value>
</attribute>
</entry>
<entry>
<id>5</id>
<offset>1635</offset>
<length>6</length>
<class>AAA_Estimate_Person</class>
<attribute>
<name>Canonical</name>
<value>КАЗАК</value>
</attribute>
</entry>
<entry>
<id>6</id>
<offset>1674</offset>
<length>7</length>
<class>AAA_Estimate_Person</class>
<attribute>
<name>Canonical</name>
<value>ЗАЙЦЕВ</value>
</attribute>
</entry>
<entry>
<id>7</id>
<offset>1713</offset>
<length>7</length>
<class>AAA_Estimate_Person</class>
<attribute>
<name>Canonical</name>
<value>МАЛЬЦЕВ</value>
</attribute>
</entry>
<entry>
<id>8</id>
<offset>1960</offset>
<length>9</length>
<class>AAA_Estimate_Person</class>
<attribute>
<name>Canonical</name>
<value>ЛУКАШЕНКО</value>
</attribute>
</entry>
<entry>
<id>9</id>
<offset>1979</offset>
<length>7</length>
<class>AAA_Estimate_Person</class>
<attribute>
<name>Canonical</name>
<value>ЗАЙЦЕВ</value>
</attribute>
</entry>
<entry>
<id>10</id>
<offset>2392</offset>
<length>9</length>
<class>AAA_Estimate_Person</class>
<attribute>
<name>Canonical</name>
<value>ЛУКАШЕНКО</value>
</attribute>
</entry>
<entry>
<id>11</id>
<offset>2542</offset>
<length>11</length>
<class>AAA_Estimate_Person</class>
<attribute>
<name>Canonical</name>
<value>РАЧКОВСКИЙ</value>
</attribute>
</entry>
<entry>
<id>12</id>
<offset>2768</offset>
<length>6</length>
<class>AAA_Estimate_Person</class>
<attribute>
<name>Canonical</name>
<value>ШЕЙМАН</value>
</attribute>
</entry>
<entry>
<id>13</id>
<offset>2897</offset>
<length>9</length>
<class>AAA_Estimate_Person</class>
<attribute>
<name>Canonical</name>
<value>ЛУКАШЕНКО</value>
</attribute>
</entry>
<entry>
<id>14</id>
<offset>2935</offset>
<length>7</length>
<class>AAA_Estimate_Person</class>
<attribute>
<name>Canonical</name>
<value>ЗАЙЦЕВ</value>
</attribute>
</entry>
<entry>
<id>15</id>
<offset>3454</offset>
<length>7</length>
<class>AAA_Estimate_Person</class>
<attribute>
<name>Canonical</name>
<value>МАЛЬЦЕВ</value>
</attribute>
</entry>
<entry>
<id>16</id>
<offset>3736</offset>
<length>9</length>
<class>AAA_Estimate_Person</class>
<attribute>
<name>Canonical</name>
<value>ЛУКАШЕНКО</value>
</attribute>
</entry>
<entry>
<id>17</id>
<offset>4719</offset>
<length>7</length>
<class>AAA_Estimate_Person</class>
<attribute>
<name>Canonical</name>
<value>НАУМОВ</value>
</attribute>
</entry>
<entry>
<id>18</id>
<offset>5525</offset>
<length>4</length>
<class>AAA_Estimate_Person</class>
<attribute>
<name>Canonical</name>
<value>ЕРИН</value>
</attribute>
</entry>
<entry>
<id>19</id>
<offset>5579</offset>
<length>9</length>
<class>AAA_Estimate_Person</class>
<attribute>
<name>Canonical</name>
<value>СУХАРЕНКО</value>
</attribute>
</entry>
<entry>
<id>20</id>
<offset>5654</offset>
<length>6</length>
<class>AAA_Estimate_Person</class>
<attribute>
<name>Canonical</name>
<value>ЛОМАТЬ</value>
</attribute>
</entry>
<entry>
<id>21</id>
<offset>5710</offset>
<length>9</length>
<class>AAA_Estimate_Person</class>
<attribute>
<name>Canonical</name>
<value>ЛУКАШЕНКО</value>
</attribute>
</entry>
<entry>
<id>22</id>
<offset>5765</offset>
<length>9</length>
<class>AAA_Estimate_Person</class>
<attribute>
<name>Canonical</name>
<value>ЛУКАШЕНКО</value>
</attribute>
</entry>
<entry>
<id>23</id>
<offset>6057</offset>
<length>7</length>
<class>AAA_Estimate_Person</class>
<attribute>
<name>Canonical</name>
<value>ЗАЙЦЕВ</value>
</attribute>
</entry>
<entry>
<id>24</id>
<offset>6740</offset>
<length>7</length>
<class>AAA_Estimate_Person</class>
<attribute>
<name>Canonical</name>
<value>СИВАКОВ</value>
</attribute>
</entry>
<entry>
<id>25</id>
<offset>6956</offset>
<length>9</length>
<class>AAA_Estimate_Person</class>
<attribute>
<name>Canonical</name>
<value>ЛУКАШЕНКО</value>
</attribute>
</entry>
<entry>
<id>26</id>
<offset>7046</offset>
<length>9</length>
<class>AAA_Estimate_Person</class>
<attribute>
<name>Canonical</name>
<value>МАЦКЕВИЧ</value>
</attribute>
</entry>
<entry>
<id>27</id>
<offset>7057</offset>
<length>5</length>
<class>AAA_Estimate_Person</class>
<attribute>
<name>Canonical</name>
<value>ЕРИН</value>
</attribute>
</entry>
<entry>
<id>28</id>
<offset>7064</offset>
<length>9</length>
<class>AAA_Estimate_Person</class>
<attribute>
<name>Canonical</name>
<value>СУХАРЕНКО</value>
</attribute>
</entry>
<entry>
<id>29</id>
<offset>7337</offset>
<length>10</length>
<class>AAA_Estimate_Person</class>
<attribute>
<name>Canonical</name>
<value>РАЧКОВСКИЙ</value>
</attribute>
</entry>
<entry>
<id>30</id>
<offset>7349</offset>
<length>6</length>
<class>AAA_Estimate_Person</class>
<attribute>
<name>Canonical</name>
<value>ЗАЙЦЕВ</value>
</attribute>
</entry>
<entry>
<id>31</id>
<offset>7429</offset>
<length>17</length>
<class>AAA_Estimate_Person</class>
<attribute>
<name>Canonical</name>
<value>ВИКТОР ЛУКАШЕНКО</value>
</attribute>
</entry>
</markup>
