﻿<markup>
<entry>
<id>1</id>
<offset>273</offset>
<length>8</length>
<class>AAA_Estimate_Person</class>
<attribute>
<name>Canonical</name>
<value>В АЛАДИН</value>
</attribute>
</entry>
<entry>
<id>2</id>
<offset>338</offset>
<length>11</length>
<class>AAA_Estimate_Person</class>
<attribute>
<name>Canonical</name>
<value>А СВЕШНИКОВ</value>
</attribute>
</entry>
<entry>
<id>3</id>
<offset>620</offset>
<length>15</length>
<class>AAA_Estimate_Person</class>
<attribute>
<name>Canonical</name>
<value>СЕРГЕЙ ЧЕРНЫШЕВ</value>
</attribute>
</entry>
<entry>
<id>4</id>
<offset>723</offset>
<length>11</length>
<class>AAA_Estimate_Person</class>
<attribute>
<name>Canonical</name>
<value>И ТЯМУШКИН</value>
</attribute>
</entry>
</markup>
