﻿<markup>
<entry>
<id>1</id>
<offset>782</offset>
<length>16</length>
<class>AAA_Estimate_Person</class>
<attribute>
<name>Canonical</name>
<value>НАТАЛЬЯ БУРЫКИНА</value>
</attribute>
</entry>
<entry>
<id>2</id>
<offset>1075</offset>
<length>8</length>
<class>AAA_Estimate_Person</class>
<attribute>
<name>Canonical</name>
<value>БУРЫКИНА</value>
</attribute>
</entry>
<entry>
<id>3</id>
<offset>1209</offset>
<length>15</length>
<class>AAA_Estimate_Person</class>
<attribute>
<name>Canonical</name>
<value>АЛЕКСЕЙ МОИСЕЕВ</value>
</attribute>
</entry>
<entry>
<id>4</id>
<offset>1437</offset>
<length>13</length>
<class>AAA_Estimate_Person</class>
<attribute>
<name>Canonical</name>
<value>СЕРГЕЙ ШВЕЦОВ</value>
</attribute>
</entry>
<entry>
<id>5</id>
<offset>1911</offset>
<length>16</length>
<class>AAA_Estimate_Person</class>
<attribute>
<name>Canonical</name>
<value>КОНСТАНТИН ШОР</value>
</attribute>
</entry>
<entry>
<id>6</id>
<offset>1930</offset>
<length>16</length>
<class>AAA_Estimate_Person</class>
<attribute>
<name>Canonical</name>
<value>АЛЕКСЕЙ УЛЮКАЕВ</value>
</attribute>
</entry>
<entry>
<id>7</id>
<offset>1948</offset>
<length>3</length>
<class>AAA_Estimate_Person</class>
<attribute>
<name>Canonical</name>
<value>ШОР</value>
</attribute>
</entry>
<entry>
<id>8</id>
<offset>1971</offset>
<length>7</length>
<class>AAA_Estimate_Person</class>
<attribute>
<name>Canonical</name>
<value>УЛЮКАЕВ</value>
</attribute>
</entry>
<entry>
<id>9</id>
<offset>2031</offset>
<length>6</length>
<class>AAA_Estimate_Person</class>
<attribute>
<name>Canonical</name>
<value>ШВЕЦОВ</value>
</attribute>
</entry>
<entry>
<id>10</id>
<offset>2393</offset>
<length>6</length>
<class>AAA_Estimate_Person</class>
<attribute>
<name>Canonical</name>
<value>ШВЕЦОВ</value>
</attribute>
</entry>
</markup>
