﻿<markup>
<entry>
<id>1</id>
<offset>34</offset>
<length>14</length>
<class>AAA_Estimate_Person</class>
<attribute>
<name>Canonical</name>
<value>ВЛАДИМИР ПУТИН</value>
</attribute>
</entry>
<entry>
<id>2</id>
<offset>173</offset>
<length>14</length>
<class>AAA_Estimate_Person</class>
<attribute>
<name>Canonical</name>
<value>НИКОЛАЙ ЮРГЕЛЬ</value>
</attribute>
</entry>
<entry>
<id>3</id>
<offset>245</offset>
<length>6</length>
<class>AAA_Estimate_Person</class>
<attribute>
<name>Canonical</name>
<value>ЮРГЕЛЬ</value>
</attribute>
</entry>
<entry>
<id>4</id>
<offset>446</offset>
<length>6</length>
<class>AAA_Estimate_Person</class>
<attribute>
<name>Canonical</name>
<value>ЮРГЕЛЬ</value>
</attribute>
</entry>
<entry>
<id>5</id>
<offset>453</offset>
<length>14</length>
<class>AAA_Estimate_Person</class>
<attribute>
<name>Canonical</name>
<value>ВЛАДИМИР ПУТИН</value>
</attribute>
</entry>
<entry>
<id>6</id>
<offset>1106</offset>
<length>17</length>
<class>AAA_Estimate_Person</class>
<attribute>
<name>Canonical</name>
<value>ТАТЬЯНА ГОЛИКОВА</value>
</attribute>
</entry>
<entry>
<id>7</id>
<offset>1770</offset>
<length>14</length>
<class>AAA_Estimate_Person</class>
<attribute>
<name>Canonical</name>
<value>НИКОЛАЙ ЮРГЕЛЬ</value>
</attribute>
</entry>
<entry>
<id>8</id>
<offset>1823</offset>
<length>18</length>
<class>AAA_Estimate_Person</class>
<attribute>
<name>Canonical</name>
<value>ТАТЬЯНА ЯКОВЛЕВА</value>
</attribute>
</entry>
<entry>
<id>9</id>
<offset>1843</offset>
<length>15</length>
<class>AAA_Estimate_Person</class>
<attribute>
<name>Canonical</name>
<value>ЮРИЙ ШУВАЛОВ</value>
</attribute>
</entry>
<entry>
<id>10</id>
<offset>1861</offset>
<length>15</length>
<class>AAA_Estimate_Person</class>
<attribute>
<name>Canonical</name>
<value>ИГОРЬ ИГОШИН</value>
</attribute>
</entry>
<entry>
<id>11</id>
<offset>2816</offset>
<length>14</length>
<class>AAA_Estimate_Person</class>
<attribute>
<name>Canonical</name>
<value>НИКОЛАЙ ЮРГЕЛЬ</value>
</attribute>
</entry>
<entry>
<id>12</id>
<offset>3135</offset>
<length>6</length>
<class>AAA_Estimate_Person</class>
<attribute>
<name>Canonical</name>
<value>ЮРГЕЛЬ</value>
</attribute>
</entry>
<entry>
<id>13</id>
<offset>3187</offset>
<length>6</length>
<class>AAA_Estimate_Person</class>
<attribute>
<name>Canonical</name>
<value>ЮРГЕЛЬ</value>
</attribute>
</entry>
<entry>
<id>14</id>
<offset>3511</offset>
<length>14</length>
<class>AAA_Estimate_Person</class>
<attribute>
<name>Canonical</name>
<value>НИКОЛАЙ ЮРГЕЛЬ</value>
</attribute>
</entry>
<entry>
<id>15</id>
<offset>3867</offset>
<length>6</length>
<class>AAA_Estimate_Person</class>
<attribute>
<name>Canonical</name>
<value>ЮРГЕЛЬ</value>
</attribute>
</entry>
<entry>
<id>16</id>
<offset>4827</offset>
<length>17</length>
<class>AAA_Estimate_Person</class>
<attribute>
<name>Canonical</name>
<value>ТАТЬЯНА ГОЛИКОВА</value>
</attribute>
</entry>
<entry>
<id>17</id>
<offset>5103</offset>
<length>19</length>
<class>AAA_Estimate_Person</class>
<attribute>
<name>Canonical</name>
<value>АЛЕКСАНДР САВЕРСКИЙ</value>
</attribute>
</entry>
<entry>
<id>18</id>
<offset>5873</offset>
<length>20</length>
<class>AAA_Estimate_Person</class>
<attribute>
<name>Canonical</name>
<value>ТИМОФЕЙ НИЖЕГОРОДЦЕВ</value>
</attribute>
</entry>
<entry>
<id>19</id>
<offset>5907</offset>
<length>6</length>
<class>AAA_Estimate_Person</class>
<attribute>
<name>Canonical</name>
<value>ЮРГЕЛЬ</value>
</attribute>
</entry>
<entry>
<id>23</id>
<offset>5944</offset>
<length>12</length>
<class>AAA_Estimate_Person</class>
<attribute>
<name>Canonical</name>
<value>НИЖЕГОРОДЦЕВ</value>
</attribute>
</entry>
<entry>
<id>24</id>
<offset>6305</offset>
<length>14</length>
<class>AAA_Estimate_Person</class>
<attribute>
<name>Canonical</name>
<value>НИЖЕГОРОДЦЕВ</value>
</attribute>
</entry>
<entry>
<id>20</id>
<offset>6378</offset>
<length>12</length>
<class>AAA_Estimate_Person</class>
<attribute>
<name>Canonical</name>
<value>ПЕТР КАНЫГИН</value>
</attribute>
</entry>
<entry>
<id>21</id>
<offset>6826</offset>
<length>14</length>
<class>AAA_Estimate_Person</class>
<attribute>
<name>Canonical</name>
<value>НИКОЛАЙ ЮРГЕЛЬ</value>
</attribute>
</entry>
<entry>
<id>22</id>
<offset>6935</offset>
<length>15</length>
<class>AAA_Estimate_Person</class>
<attribute>
<name>Canonical</name>
<value>МИХАИЛ АЛЕКСЕЕВ</value>
</attribute>
</entry>
</markup>
