﻿<markup>
<entry>
<id>1</id>
<offset>0</offset>
<length>8</length>
<class>AAA_Estimate_Person</class>
<attribute>
<name>Canonical</name>
<value>МЕДВЕДЕВ</value>
</attribute>
</entry>
<entry>
<id>2</id>
<offset>70</offset>
<length>16</length>
<class>AAA_Estimate_Person</class>
<attribute>
<name>Canonical</name>
<value>ДМИТРИЙ МЕДВЕДЕВ</value>
</attribute>
</entry>
<entry>
<id>3</id>
<offset>346</offset>
<length>18</length>
<class>AAA_Estimate_Person</class>
<attribute>
<name>Canonical</name>
<value>АЛЕКСАНДР ХЛОПОНИН</value>
</attribute>
</entry>
</markup>
