﻿<markup>
<entry>
<id>1</id>
<offset>11</offset>
<length>9</length>
<class>AAA_Estimate_Person</class>
<attribute>
<name>Canonical</name>
<value>ВОРОБЬЕВ</value>
</attribute>
</entry>
<entry>
<id>2</id>
<offset>209</offset>
<length>16</length>
<class>AAA_Estimate_Person</class>
<attribute>
<name>Canonical</name>
<value>АНДРЕЙ ВОРОБЬЕВ</value>
</attribute>
</entry>
<entry>
<id>3</id>
<offset>301</offset>
<length>18</length>
<class>AAA_Estimate_Person</class>
<attribute>
<name>Canonical</name>
<value>НАТАЛЬЯ ВИРТУОЗОВА</value>
</attribute>
</entry>
<entry>
<id>4</id>
<offset>431</offset>
<length>8</length>
<class>AAA_Estimate_Person</class>
<attribute>
<name>Canonical</name>
<value>ВОРОБЬЕВ</value>
</attribute>
</entry>
<entry>
<id>5</id>
<offset>504</offset>
<length>18</length>
<class>AAA_Estimate_Person</class>
<attribute>
<name>Canonical</name>
<value>НАТАЛЬЯ ВИРТУОЗОВА</value>
</attribute>
</entry>
<entry>
<id>6</id>
<offset>642</offset>
<length>10</length>
<class>AAA_Estimate_Person</class>
<attribute>
<name>Canonical</name>
<value>ВИРТУОЗОВА</value>
</attribute>
</entry>
</markup>
