﻿<markup>
<entry>
<id>1</id>
<offset>89</offset>
<length>18</length>
<class>AAA_Estimate_Person</class>
<attribute>
<name>Canonical</name>
<value>БИДЗИНА ИВАНИШВИЛИ</value>
</attribute>
</entry>
<entry>
<id>2</id>
<offset>322</offset>
<length>13</length>
<class>AAA_Estimate_Person</class>
<attribute>
<name>Canonical</name>
<value>ШИМОН ПЕРЕС</value>
</attribute>
</entry>
<entry>
<id>3</id>
<offset>374</offset>
<length>10</length>
<class>AAA_Estimate_Person</class>
<attribute>
<name>Canonical</name>
<value>ИВАНИШВИЛИ</value>
</attribute>
</entry>
<entry>
<id>4</id>
<offset>455</offset>
<length>19</length>
<class>AAA_Estimate_Person</class>
<attribute>
<name>Canonical</name>
<value>БИНЬЯМИН НЕТАНЬЯХУ</value>
</attribute>
</entry>
<entry>
<id>5</id>
<offset>1398</offset>
<length>10</length>
<class>AAA_Estimate_Person</class>
<attribute>
<name>Canonical</name>
<value>ИВАНИШВИЛИ</value>
</attribute>
</entry>
<entry>
<id>6</id>
<offset>1512</offset>
<length>18</length>
<class>AAA_Estimate_Person</class>
<attribute>
<name>Canonical</name>
<value>МИХАИЛ СААКАШВИЛИ</value>
</attribute>
</entry>
<entry>
<id>7</id>
<offset>1662</offset>
<length>10</length>
<class>AAA_Estimate_Person</class>
<attribute>
<name>Canonical</name>
<value>СААКАШВИЛИ</value>
</attribute>
</entry>
<entry>
<id>8</id>
<offset>1930</offset>
<length>10</length>
<class>AAA_Estimate_Person</class>
<attribute>
<name>Canonical</name>
<value>ИВАНИШВИЛИ</value>
</attribute>
</entry>
<entry>
<id>9</id>
<offset>2129</offset>
<length>11</length>
<class>AAA_Estimate_Person</class>
<attribute>
<name>Canonical</name>
<value>ХЕРБ КЕЙНОН</value>
</attribute>
</entry>
<entry>
<id>10</id>
<offset>2924</offset>
<length>10</length>
<class>AAA_Estimate_Person</class>
<attribute>
<name>Canonical</name>
<value>СААКАШВИЛИ</value>
</attribute>
</entry>
</markup>
