﻿<markup>
<entry>
<id>1</id>
<offset>2</offset>
<length>11</length>
<class>AAA_Estimate_Person</class>
<attribute>
<name>Canonical</name>
<value>МАРИО МОНТИ</value>
</attribute>
</entry>
<entry>
<id>2</id>
<offset>152</offset>
<length>11</length>
<class>AAA_Estimate_Person</class>
<attribute>
<name>Canonical</name>
<value>МАРИО МОНТИ</value>
</attribute>
</entry>
<entry>
<id>19</id>
<offset>382</offset>
<length>18</length>
<class>AAA_Estimate_Person</class>
<attribute>
<name>Canonical</name>
<value>ДЖОРДЖО НАПОЛИТАНО</value>
</attribute>
</entry>
<entry>
<id>20</id>
<offset>509</offset>
<length>5</length>
<class>AAA_Estimate_Person</class>
<attribute>
<name>Canonical</name>
<value>МОНТИ</value>
</attribute>
</entry>
<entry>
<id>3</id>
<offset>553</offset>
<length>18</length>
<class>AAA_Estimate_Person</class>
<attribute>
<name>Canonical</name>
<value>СИЛЬВИО БЕРЛУСКОНИ</value>
</attribute>
</entry>
<entry>
<id>4</id>
<offset>648</offset>
<length>5</length>
<class>AAA_Estimate_Person</class>
<attribute>
<name>Canonical</name>
<value>МОНТИ</value>
</attribute>
</entry>
<entry>
<id>5</id>
<offset>826</offset>
<length>5</length>
<class>AAA_Estimate_Person</class>
<attribute>
<name>Canonical</name>
<value>МОНТИ</value>
</attribute>
</entry>
<entry>
<id>6</id>
<offset>1159</offset>
<length>10</length>
<class>AAA_Estimate_Person</class>
<attribute>
<name>Canonical</name>
<value>БЕРЛУСКОНИ</value>
</attribute>
</entry>
<entry>
<id>7</id>
<offset>1293</offset>
<length>10</length>
<class>AAA_Estimate_Person</class>
<attribute>
<name>Canonical</name>
<value>БЕРЛУСКОНИ</value>
</attribute>
</entry>
<entry>
<id>8</id>
<offset>1379</offset>
<length>10</length>
<class>AAA_Estimate_Person</class>
<attribute>
<name>Canonical</name>
<value>БЕРЛУСКОНИ</value>
</attribute>
</entry>
<entry>
<id>9</id>
<offset>1654</offset>
<length>10</length>
<class>AAA_Estimate_Person</class>
<attribute>
<name>Canonical</name>
<value>БЕРЛУСКОНИ</value>
</attribute>
</entry>
<entry>
<id>10</id>
<offset>1930</offset>
<length>10</length>
<class>AAA_Estimate_Person</class>
<attribute>
<name>Canonical</name>
<value>БЕРЛУСКОНИ</value>
</attribute>
</entry>
<entry>
<id>11</id>
<offset>1987</offset>
<length>10</length>
<class>AAA_Estimate_Person</class>
<attribute>
<name>Canonical</name>
<value>БЕРЛУСКОНИ</value>
</attribute>
</entry>
<entry>
<id>12</id>
<offset>2129</offset>
<length>10</length>
<class>AAA_Estimate_Person</class>
<attribute>
<name>Canonical</name>
<value>БЕРЛУСКОНИ</value>
</attribute>
</entry>
<entry>
<id>13</id>
<offset>2258</offset>
<length>19</length>
<class>AAA_Estimate_Person</class>
<attribute>
<name>Canonical</name>
<value>ПЬЕР ЛУИДЖИ БЕРСАНИ</value>
</attribute>
</entry>
<entry>
<id>14</id>
<offset>2429</offset>
<length>7</length>
<class>AAA_Estimate_Person</class>
<attribute>
<name>Canonical</name>
<value>БЕРСАНИ</value>
</attribute>
</entry>
<entry>
<id>15</id>
<offset>2459</offset>
<length>12</length>
<class>AAA_Estimate_Person</class>
<attribute>
<name>Canonical</name>
<value>МАТТЕО РЕНЦИ</value>
</attribute>
</entry>
<entry>
<id>16</id>
<offset>2651</offset>
<length>12</length>
<class>AAA_Estimate_Person</class>
<attribute>
<name>Canonical</name>
<value>РОМАНО ПРОДИ</value>
</attribute>
</entry>
<entry>
<id>17</id>
<offset>3428</offset>
<length>10</length>
<class>AAA_Estimate_Person</class>
<attribute>
<name>Canonical</name>
<value>БЕРЛУСКОНИ</value>
</attribute>
</entry>
<entry>
<id>18</id>
<offset>3510</offset>
<length>10</length>
<class>AAA_Estimate_Person</class>
<attribute>
<name>Canonical</name>
<value>БЕРЛУСКОНИ</value>
</attribute>
</entry>
</markup>
