﻿<markup>
<entry>
<id>1</id>
<offset>17</offset>
<length>11</length>
<class>AAA_Estimate_Person</class>
<attribute>
<name>Canonical</name>
<value>ЖОЛТ ХОРНЯК</value>
</attribute>
</entry>
<entry>
<id>2</id>
<offset>77</offset>
<length>11</length>
<class>AAA_Estimate_Person</class>
<attribute>
<name>Canonical</name>
<value>ЖОЛТ ХОРНЯК</value>
</attribute>
</entry>
<entry>
<id>3</id>
<offset>309</offset>
<length>6</length>
<class>AAA_Estimate_Person</class>
<attribute>
<name>Canonical</name>
<value>ХОРНЯК</value>
</attribute>
</entry>
<entry>
<id>4</id>
<offset>348</offset>
<length>17</length>
<class>AAA_Estimate_Person</class>
<attribute>
<name>Canonical</name>
<value>ВЛАДИМИР ПЯТЕНКО</value>
</attribute>
</entry>
<entry>
<id>5</id>
<offset>403</offset>
<length>6</length>
<class>AAA_Estimate_Person</class>
<attribute>
<name>Canonical</name>
<value>ХОРНЯК</value>
</attribute>
</entry>
</markup>
