﻿<markup>
<entry>
<id>1</id>
<offset>140</offset>
<length>18</length>
<class>AAA_Estimate_Person</class>
<attribute>
<name>Canonical</name>
<value>ЭДУАРД ВАСИЛИШИН</value>
</attribute>
</entry>
<entry>
<id>2</id>
<offset>246</offset>
<length>18</length>
<class>AAA_Estimate_Person</class>
<attribute>
<name>Canonical</name>
<value>МИХАИЛ ПОДОБЕДОВ</value>
</attribute>
</entry>
<entry>
<id>3</id>
<offset>303</offset>
<length>9</length>
<class>AAA_Estimate_Person</class>
<attribute>
<name>Canonical</name>
<value>ВАСИЛИШИН</value>
</attribute>
</entry>
<entry>
<id>4</id>
<offset>500</offset>
<length>10</length>
<class>AAA_Estimate_Person</class>
<attribute>
<name>Canonical</name>
<value>ВАСИЛИШИН</value>
</attribute>
</entry>
<entry>
<id>5</id>
<offset>698</offset>
<length>14</length>
<class>AAA_Estimate_Person</class>
<attribute>
<name>Canonical</name>
<value>СЕРГЕЙ МИРОНОВ</value>
</attribute>
</entry>
<entry>
<id>6</id>
<offset>961</offset>
<length>10</length>
<class>AAA_Estimate_Person</class>
<attribute>
<name>Canonical</name>
<value>ВАСИЛИШИН</value>
</attribute>
</entry>
<entry>
<id>7</id>
<offset>1056</offset>
<length>10</length>
<class>AAA_Estimate_Person</class>
<attribute>
<name>Canonical</name>
<value>ВАСИЛИШИН</value>
</attribute>
</entry>
<entry>
<id>8</id>
<offset>1078</offset>
<length>10</length>
<class>AAA_Estimate_Person</class>
<attribute>
<name>Canonical</name>
<value>ПОДОБЕДОВ</value>
</attribute>
</entry>
<entry>
<id>9</id>
<offset>1107</offset>
<length>16</length>
<class>AAA_Estimate_Person</class>
<attribute>
<name>Canonical</name>
<value>АЛЕКСАНДР ПЕТРОВ</value>
</attribute>
</entry>
<entry>
<id>10</id>
<offset>1131</offset>
<length>6</length>
<class>AAA_Estimate_Person</class>
<attribute>
<name>Canonical</name>
<value>ПЕТРОВ</value>
</attribute>
</entry>
<entry>
<id>11</id>
<offset>1298</offset>
<length>16</length>
<class>AAA_Estimate_Person</class>
<attribute>
<name>Canonical</name>
<value>ЛЮДМИЛА НАРУСОВА</value>
</attribute>
</entry>
<entry>
<id>19</id>
<offset>1323</offset>
<length>6</length>
<class>AAA_Estimate_Person</class>
<attribute>
<name>Canonical</name>
<value>ПЕТРОВ</value>
</attribute>
</entry>
<entry>
<id>12</id>
<offset>1503</offset>
<length>10</length>
<class>AAA_Estimate_Person</class>
<attribute>
<name>Canonical</name>
<value>ПОДОБЕДОВ</value>
</attribute>
</entry>
<entry>
<id>13</id>
<offset>1515</offset>
<length>6</length>
<class>AAA_Estimate_Person</class>
<attribute>
<name>Canonical</name>
<value>ПЕТРОВ</value>
</attribute>
</entry>
<entry>
<id>14</id>
<offset>1675</offset>
<length>6</length>
<class>AAA_Estimate_Person</class>
<attribute>
<name>Canonical</name>
<value>ПЕТРОВ</value>
</attribute>
</entry>
<entry>
<id>15</id>
<offset>1726</offset>
<length>16</length>
<class>AAA_Estimate_Person</class>
<attribute>
<name>Canonical</name>
<value>ЭДУАРД ВАСИЛИШИН</value>
</attribute>
</entry>
<entry>
<id>16</id>
<offset>1874</offset>
<length>10</length>
<class>AAA_Estimate_Person</class>
<attribute>
<name>Canonical</name>
<value>ВАСИЛИШИН</value>
</attribute>
</entry>
<entry>
<id>17</id>
<offset>2232</offset>
<length>15</length>
<class>AAA_Estimate_Person</class>
<attribute>
<name>Canonical</name>
<value>СЕРГЕЙ ПУГАЧЕВ</value>
</attribute>
</entry>
<entry>
<id>18</id>
<offset>2332</offset>
<length>16</length>
<class>AAA_Estimate_Person</class>
<attribute>
<name>Canonical</name>
<value>АЛЕКСЕЙ ПИМАНОВ</value>
</attribute>
</entry>
</markup>
