﻿<markup>
<entry>
<id>1</id>
<offset>33</offset>
<length>6</length>
<class>AAA_Estimate_Person</class>
<attribute>
<name>Canonical</name>
<value>ИСАЕВ</value>
</attribute>
</entry>
<entry>
<id>2</id>
<offset>198</offset>
<length>13</length>
<class>AAA_Estimate_Person</class>
<attribute>
<name>Canonical</name>
<value>АНДРЕЙ ИСАЕВ</value>
</attribute>
</entry>
<entry>
<id>3</id>
<offset>517</offset>
<length>13</length>
<class>AAA_Estimate_Person</class>
<attribute>
<name>Canonical</name>
<value>АНДРЕЙ ИСАЕВ</value>
</attribute>
</entry>
<entry>
<id>4</id>
<offset>621</offset>
<length>13</length>
<class>AAA_Estimate_Person</class>
<attribute>
<name>Canonical</name>
<value>ВИКТОР КЛИМОВ</value>
</attribute>
</entry>
<entry>
<id>5</id>
<offset>1097</offset>
<length>13</length>
<class>AAA_Estimate_Person</class>
<attribute>
<name>Canonical</name>
<value>АНДРЕЙ ИСАЕВ</value>
</attribute>
</entry>
<entry>
<id>6</id>
<offset>1429</offset>
<length>16</length>
<class>AAA_Estimate_Person</class>
<attribute>
<name>Canonical</name>
<value>ВЯЧЕСЛАВ ЛЫСАКОВ</value>
</attribute>
</entry>
<entry>
<id>7</id>
<offset>1535</offset>
<length>6</length>
<class>AAA_Estimate_Person</class>
<attribute>
<name>Canonical</name>
<value>ИСАЕВ</value>
</attribute>
</entry>
<entry>
<id>8</id>
<offset>1619</offset>
<length>8</length>
<class>AAA_Estimate_Person</class>
<attribute>
<name>Canonical</name>
<value>ЛЫСАКОВ</value>
</attribute>
</entry>
<entry>
<id>9</id>
<offset>1661</offset>
<length>6</length>
<class>AAA_Estimate_Person</class>
<attribute>
<name>Canonical</name>
<value>ИСАЕВ</value>
</attribute>
</entry>
<entry>
<id>10</id>
<offset>1734</offset>
<length>6</length>
<class>AAA_Estimate_Person</class>
<attribute>
<name>Canonical</name>
<value>ИСАЕВ</value>
</attribute>
</entry>
<entry>
<id>11</id>
<offset>1794</offset>
<length>7</length>
<class>AAA_Estimate_Person</class>
<attribute>
<name>Canonical</name>
<value>ЛЫСАКОВ</value>
</attribute>
</entry>
<entry>
<id>12</id>
<offset>1936</offset>
<length>14</length>
<class>AAA_Estimate_Person</class>
<attribute>
<name>Canonical</name>
<value>СЕРГЕЙ НЕВЕРОВ</value>
</attribute>
</entry>
<entry>
<id>13</id>
<offset>2115</offset>
<length>7</length>
<class>AAA_Estimate_Person</class>
<attribute>
<name>Canonical</name>
<value>ИСАЕВ</value>
</attribute>
</entry>
<entry>
<id>14</id>
<offset>2149</offset>
<length>5</length>
<class>AAA_Estimate_Person</class>
<attribute>
<name>Canonical</name>
<value>ИСАЕВ</value>
</attribute>
</entry>
</markup>
