﻿<markup>
<entry>
<id>1</id>
<offset>128</offset>
<length>16</length>
<class>AAA_Estimate_Person</class>
<attribute>
<name>Canonical</name>
<value>НАТАЛЬЯ КОМАРОВА</value>
</attribute>
</entry>
<entry>
<id>2</id>
<offset>187</offset>
<length>16</length>
<class>AAA_Estimate_Person</class>
<attribute>
<name>Canonical</name>
<value>ДМИТРИЙ ШАПОВАЛ</value>
</attribute>
</entry>
<entry>
<id>3</id>
<offset>381</offset>
<length>16</length>
<class>AAA_Estimate_Person</class>
<attribute>
<name>Canonical</name>
<value>НАТАЛЬЯ КОМАРОВА</value>
</attribute>
</entry>
<entry>
<id>4</id>
<offset>464</offset>
<length>16</length>
<class>AAA_Estimate_Person</class>
<attribute>
<name>Canonical</name>
<value>НАТАЛЬЯ КОМАРОВА</value>
</attribute>
</entry>
<entry>
<id>5</id>
<offset>523</offset>
<length>16</length>
<class>AAA_Estimate_Person</class>
<attribute>
<name>Canonical</name>
<value>ДМИТРИЙ ШАПОВАЛ</value>
</attribute>
</entry>
<entry>
<id>6</id>
<offset>762</offset>
<length>26</length>
<class>AAA_Estimate_Person</class>
<attribute>
<name>Canonical</name>
<value>ДМИТРИЙ ВИКТОРОВИЧ ШАПОВАЛ</value>
</attribute>
</entry>
<entry>
<id>7</id>
<offset>1087</offset>
<length>15</length>
<class>AAA_Estimate_Person</class>
<attribute>
<name>Canonical</name>
<value>ВАЛЕНТИН ГРИПАС</value>
</attribute>
</entry>
<entry>
<id>8</id>
<offset>1181</offset>
<length>15</length>
<class>AAA_Estimate_Person</class>
<attribute>
<name>Canonical</name>
<value>ДМИТРИЙ ШАПОВАЛ</value>
</attribute>
</entry>
</markup>
