﻿<markup>
<entry>
<id>1</id>
<offset>0</offset>
<length>11</length>
<class>AAA_Estimate_Person</class>
<attribute>
<name>Canonical</name>
<value>ЖИРИНОВСКИЙ</value>
</attribute>
</entry>
<entry>
<id>2</id>
<offset>38</offset>
<length>8</length>
<class>AAA_Estimate_Person</class>
<attribute>
<name>Canonical</name>
<value>СНОУДЕН</value>
</attribute>
</entry>
<entry>
<id>3</id>
<offset>50</offset>
<length>4</length>
<class>AAA_Estimate_Person</class>
<attribute>
<name>Canonical</name>
<value>БУТ</value>
</attribute>
</entry>
<entry>
<id>4</id>
<offset>69</offset>
<length>20</length>
<class>AAA_Estimate_Person</class>
<attribute>
<name>Canonical</name>
<value>ВЛАДИМИР ЖИРИНОВСКИЙ</value>
</attribute>
</entry>
<entry>
<id>5</id>
<offset>136</offset>
<length>16</length>
<class>AAA_Estimate_Person</class>
<attribute>
<name>Canonical</name>
<value>ЭДВАРД СНОУДЕН</value>
</attribute>
</entry>
<entry>
<id>6</id>
<offset>215</offset>
<length>12</length>
<class>AAA_Estimate_Person</class>
<attribute>
<name>Canonical</name>
<value>ВИКТОР БУТ</value>
</attribute>
</entry>
<entry>
<id>7</id>
<offset>233</offset>
<length>8</length>
<class>AAA_Estimate_Person</class>
<attribute>
<name>Canonical</name>
<value>СНОУДЕН</value>
</attribute>
</entry>
<entry>
<id>8</id>
<offset>292</offset>
<length>12</length>
<class>AAA_Estimate_Person</class>
<attribute>
<name>Canonical</name>
<value>ВИКТОР БУТ</value>
</attribute>
</entry>
<entry>
<id>9</id>
<offset>307</offset>
<length>20</length>
<class>AAA_Estimate_Person</class>
<attribute>
<name>Canonical</name>
<value>КОНСТАНТИН ЯРОШЕНКО</value>
</attribute>
</entry>
<entry>
<id>10</id>
<offset>358</offset>
<length>14</length>
<class>AAA_Estimate_Person</class>
<attribute>
<name>Canonical</name>
<value>ОЛЕГ КАЛУГИН</value>
</attribute>
</entry>
<entry>
<id>11</id>
<offset>421</offset>
<length>7</length>
<class>AAA_Estimate_Person</class>
<attribute>
<name>Canonical</name>
<value>СНОУДЕН</value>
</attribute>
</entry>
<entry>
<id>12</id>
<offset>868</offset>
<length>7</length>
<class>AAA_Estimate_Person</class>
<attribute>
<name>Canonical</name>
<value>СНОУДЕН</value>
</attribute>
</entry>
<entry>
<id>13</id>
<offset>947</offset>
<length>16</length>
<class>AAA_Estimate_Person</class>
<attribute>
<name>Canonical</name>
<value>ЭДВАРД СНОУДЕН</value>
</attribute>
</entry>
<entry>
<id>14</id>
<offset>967</offset>
<length>14</length>
<class>AAA_Estimate_Person</class>
<attribute>
<name>Canonical</name>
<value>ЭДВАРД СНОУДЕН</value>
</attribute>
</entry>
</markup>
