﻿<markup>
<entry>
<id>1</id>
<offset>0</offset>
<length>8</length>
<class>AAA_Estimate_Person</class>
<attribute>
<name>Canonical</name>
<value>МЕДВЕДЕВ</value>
</attribute>
</entry>
<entry>
<id>2</id>
<offset>70</offset>
<length>16</length>
<class>AAA_Estimate_Person</class>
<attribute>
<name>Canonical</name>
<value>ДМИТРИЙ МЕДВЕДЕВ</value>
</attribute>
</entry>
<entry>
<id>3</id>
<offset>153</offset>
<length>16</length>
<class>AAA_Estimate_Person</class>
<attribute>
<name>Canonical</name>
<value>СЕРГЕЙ КАЗАНЦЕВ</value>
</attribute>
</entry>
<entry>
<id>4</id>
<offset>218</offset>
<length>9</length>
<class>AAA_Estimate_Person</class>
<attribute>
<name>Canonical</name>
<value>МЕДВЕДЕВ</value>
</attribute>
</entry>
<entry>
<id>5</id>
<offset>245</offset>
<length>15</length>
<class>AAA_Estimate_Person</class>
<attribute>
<name>Canonical</name>
<value>АЛЕКСАНДР ИЛЬИН</value>
</attribute>
</entry>
<entry>
<id>6</id>
<offset>380</offset>
<length>6</length>
<class>AAA_Estimate_Person</class>
<attribute>
<name>Canonical</name>
<value>ИЛЬИН</value>
</attribute>
</entry>
<entry>
<id>7</id>
<offset>480</offset>
<length>15</length>
<class>AAA_Estimate_Person</class>
<attribute>
<name>Canonical</name>
<value>СЕРГЕЙ КАЗАНЦЕВ</value>
</attribute>
</entry>
<entry>
<id>8</id>
<offset>815</offset>
<length>9</length>
<class>AAA_Estimate_Person</class>
<attribute>
<name>Canonical</name>
<value>КАЗАНЦЕВ</value>
</attribute>
</entry>
<entry>
<id>9</id>
<offset>1156</offset>
<length>9</length>
<class>AAA_Estimate_Person</class>
<attribute>
<name>Canonical</name>
<value>КАЗАНЦЕВ</value>
</attribute>
</entry>
<entry>
<id>10</id>
<offset>1256</offset>
<length>8</length>
<class>AAA_Estimate_Person</class>
<attribute>
<name>Canonical</name>
<value>КАЗАНЦЕВ</value>
</attribute>
</entry>
<entry>
<id>11</id>
<offset>1318</offset>
<length>22</length>
<class>AAA_Estimate_Person</class>
<attribute>
<name>Canonical</name>
<value>ВЛАДИМИР КОЛОКОЛЬЦЕВ</value>
</attribute>
</entry>
</markup>
