﻿<markup>
<entry>
<id>1</id>
<offset>79</offset>
<length>14</length>
<class>AAA_Estimate_Person</class>
<attribute>
<name>Canonical</name>
<value>ВЛАДИМИР ПУТИН</value>
</attribute>
</entry>
<entry>
<id>2</id>
<offset>277</offset>
<length>14</length>
<class>AAA_Estimate_Person</class>
<attribute>
<name>Canonical</name>
<value>ВЛАДИМИР ПУТИН</value>
</attribute>
</entry>
<entry>
<id>3</id>
<offset>519</offset>
<length>27</length>
<class>AAA_Estimate_Person</class>
<attribute>
<name>Canonical</name>
<value>СЕРГЕЙ НИКОЛАЕВИЧ ГУЛАКОВ</value>
</attribute>
</entry>
<entry>
<id>4</id>
<offset>689</offset>
<length>32</length>
<class>AAA_Estimate_Person</class>
<attribute>
<name>Canonical</name>
<value>СТАНИСЛАВ ВЯЧЕСЛАВОВИЧ ДУНАЕВ</value>
</attribute>
</entry>
<entry>
<id>5</id>
<offset>910</offset>
<length>15</length>
<class>AAA_Estimate_Person</class>
<attribute>
<name>Canonical</name>
<value>АЛЕКСАНДР ЩИТОВ</value>
</attribute>
</entry>
<entry>
<id>6</id>
<offset>984</offset>
<length>14</length>
<class>AAA_Estimate_Person</class>
<attribute>
<name>Canonical</name>
<value>СЕРГЕЙ ЛЮЛЬКОВ</value>
</attribute>
</entry>
<entry>
<id>7</id>
<offset>1064</offset>
<length>14</length>
<class>AAA_Estimate_Person</class>
<attribute>
<name>Canonical</name>
<value>РИНАТ МАВЛЮТОВ</value>
</attribute>
</entry>
</markup>
