﻿<markup>
<entry>
<id>1</id>
<offset>16</offset>
<length>14</length>
<class>AAA_Estimate_Person</class>
<attribute>
<name>Canonical</name>
<value>ЮРИЙ РОВЕНСКИЙ</value>
</attribute>
</entry>
<entry>
<id>2</id>
<offset>107</offset>
<length>14</length>
<class>AAA_Estimate_Person</class>
<attribute>
<name>Canonical</name>
<value>ЮРИЙ РОВЕНСКИЙ</value>
</attribute>
</entry>
<entry>
<id>3</id>
<offset>309</offset>
<length>9</length>
<class>AAA_Estimate_Person</class>
<attribute>
<name>Canonical</name>
<value>РОВЕНСКИЙ</value>
</attribute>
</entry>
<entry>
<id>4</id>
<offset>711</offset>
<length>10</length>
<class>AAA_Estimate_Person</class>
<attribute>
<name>Canonical</name>
<value>РОВЕНСКИЙ</value>
</attribute>
</entry>
</markup>
