﻿<markup>
<entry>
<id>1</id>
<offset>219</offset>
<length>20</length>
<class>AAA_Estimate_Person</class>
<attribute>
<name>Canonical</name>
<value>ВАЛДИС ДОМБРОВСКИС</value>
</attribute>
</entry>
<entry>
<id>2</id>
<offset>486</offset>
<length>15</length>
<class>AAA_Estimate_Person</class>
<attribute>
<name>Canonical</name>
<value>АЛЬФРЕДС РУБИКС</value>
</attribute>
</entry>
<entry>
<id>3</id>
<offset>553</offset>
<length>12</length>
<class>AAA_Estimate_Person</class>
<attribute>
<name>Canonical</name>
<value>ДОМБРОВСКИС</value>
</attribute>
</entry>
<entry>
<id>4</id>
<offset>663</offset>
<length>8</length>
<class>AAA_Estimate_Person</class>
<attribute>
<name>Canonical</name>
<value>АБОЛТИНЯ</value>
</attribute>
</entry>
<entry>
<id>5</id>
<offset>919</offset>
<length>6</length>
<class>AAA_Estimate_Person</class>
<attribute>
<name>Canonical</name>
<value>РУБИКС</value>
</attribute>
</entry>
<entry>
<id>6</id>
<offset>940</offset>
<length>13</length>
<class>AAA_Estimate_Person</class>
<attribute>
<name>Canonical</name>
<value>АНДРИС СПРУДС</value>
</attribute>
</entry>
<entry>
<id>7</id>
<offset>984</offset>
<length>11</length>
<class>AAA_Estimate_Person</class>
<attribute>
<name>Canonical</name>
<value>ДОМБРОВСКИС</value>
</attribute>
</entry>
<entry>
<id>8</id>
<offset>1338</offset>
<length>6</length>
<class>AAA_Estimate_Person</class>
<attribute>
<name>Canonical</name>
<value>СПРУДС</value>
</attribute>
</entry>
<entry>
<id>9</id>
<offset>1385</offset>
<length>7</length>
<class>AAA_Estimate_Person</class>
<attribute>
<name>Canonical</name>
<value>СПРУДС</value>
</attribute>
</entry>
<entry>
<id>10</id>
<offset>1400</offset>
<length>12</length>
<class>AAA_Estimate_Person</class>
<attribute>
<name>Canonical</name>
<value>ДОМБРОВСКИС</value>
</attribute>
</entry>
<entry>
<id>11</id>
<offset>1770</offset>
<length>12</length>
<class>AAA_Estimate_Person</class>
<attribute>
<name>Canonical</name>
<value>ДОМБРОВСКИС</value>
</attribute>
</entry>
<entry>
<id>12</id>
<offset>1952</offset>
<length>12</length>
<class>AAA_Estimate_Person</class>
<attribute>
<name>Canonical</name>
<value>МАРТИН ШУЛЬЦ</value>
</attribute>
</entry>
<entry>
<id>13</id>
<offset>1989</offset>
<length>13</length>
<class>AAA_Estimate_Person</class>
<attribute>
<name>Canonical</name>
<value>ВИВИАН РЕДИНГ</value>
</attribute>
</entry>
<entry>
<id>14</id>
<offset>2038</offset>
<length>13</length>
<class>AAA_Estimate_Person</class>
<attribute>
<name>Canonical</name>
<value>МИШЕЛЬ БАРНЬЕ</value>
</attribute>
</entry>
<entry>
<id>15</id>
<offset>2157</offset>
<length>11</length>
<class>AAA_Estimate_Person</class>
<attribute>
<name>Canonical</name>
<value>ДОМБРОВСКИС</value>
</attribute>
</entry>
</markup>
