﻿<markup>
<entry>
<id>1</id>
<offset>0</offset>
<length>5</length>
<class>AAA_Estimate_Person</class>
<attribute>
<name>Canonical</name>
<value>ОБАМА</value>
</attribute>
</entry>
<entry>
<id>2</id>
<offset>66</offset>
<length>11</length>
<class>AAA_Estimate_Person</class>
<attribute>
<name>Canonical</name>
<value>БАРАК ОБАМА</value>
</attribute>
</entry>
<entry>
<id>3</id>
<offset>85</offset>
<length>32</length>
<class>AAA_Estimate_Person</class>
<attribute>
<name>Canonical</name>
<value>ЧАРЛЬЗ БОЛДЕН (CHARLES BOLDEN)</value>
</attribute>
</entry>
<entry>
<id>4</id>
<offset>234</offset>
<length>7</length>
<class>AAA_Estimate_Person</class>
<attribute>
<name>Canonical</name>
<value>БОЛДЕН</value>
</attribute>
</entry>
<entry>
<id>5</id>
<offset>448</offset>
<length>25</length>
<class>AAA_Estimate_Person</class>
<attribute>
<name>Canonical</name>
<value>ЛОРИ ГАРВЕР (LORI GARVER)</value>
</attribute>
</entry>
<entry>
<id>6</id>
<offset>503</offset>
<length>12</length>
<class>AAA_Estimate_Person</class>
<attribute>
<name>Canonical</name>
<value>БАРАК ОБАМА</value>
</attribute>
</entry>
<entry>
<id>7</id>
<offset>653</offset>
<length>13</length>
<class>AAA_Estimate_Person</class>
<attribute>
<name>Canonical</name>
<value>МАЙКЛ ГРИФФИН</value>
</attribute>
</entry>
<entry>
<id>8</id>
<offset>718</offset>
<length>7</length>
<class>AAA_Estimate_Person</class>
<attribute>
<name>Canonical</name>
<value>ГРИФФИН</value>
</attribute>
</entry>
</markup>
