﻿<markup>
<entry>
<id>5</id>
<offset>60</offset>
<length>5</length>
<class>AAA_Estimate_Person</class>
<attribute>
<name>Canonical</name>
<value>ПУТИН</value>
</attribute>
</entry>
<entry>
<id>1</id>
<offset>132</offset>
<length>18</length>
<class>AAA_Estimate_Person</class>
<attribute>
<name>Canonical</name>
<value>АЛЕКСЕЙ НИКОЛЬСКИЙ</value>
</attribute>
</entry>
<entry>
<id>2</id>
<offset>218</offset>
<length>15</length>
<class>AAA_Estimate_Person</class>
<attribute>
<name>Canonical</name>
<value>ДМИТРИЙ РАЗУМОВ</value>
</attribute>
</entry>
<entry>
<id>3</id>
<offset>387</offset>
<length>16</length>
<class>AAA_Estimate_Person</class>
<attribute>
<name>Canonical</name>
<value>ЮРИЙ ПАХОМОВСКИЙ</value>
</attribute>
</entry>
<entry>
<id>4</id>
<offset>590</offset>
<length>7</length>
<class>AAA_Estimate_Person</class>
<attribute>
<name>Canonical</name>
<value>РАЗУМОВ</value>
</attribute>
</entry>
</markup>
