﻿<markup>
<entry>
<id>1</id>
<offset>0</offset>
<length>10</length>
<class>AAA_Estimate_Person</class>
<attribute>
<name>Canonical</name>
<value>СААКАШВИЛИ</value>
</attribute>
</entry>
<entry>
<id>2</id>
<offset>178</offset>
<length>17</length>
<class>AAA_Estimate_Person</class>
<attribute>
<name>Canonical</name>
<value>МИХАИЛ СААКАШВИЛИ</value>
</attribute>
</entry>
<entry>
<id>3</id>
<offset>313</offset>
<length>10</length>
<class>AAA_Estimate_Person</class>
<attribute>
<name>Canonical</name>
<value>СААКАШВИЛИ</value>
</attribute>
</entry>
<entry>
<id>4</id>
<offset>461</offset>
<length>13</length>
<class>AAA_Estimate_Person</class>
<attribute>
<name>Canonical</name>
<value>ЛЕВАН КАРДАВА</value>
</attribute>
</entry>
<entry>
<id>5</id>
<offset>485</offset>
<length>10</length>
<class>AAA_Estimate_Person</class>
<attribute>
<name>Canonical</name>
<value>СААКАШВИЛИ</value>
</attribute>
</entry>
<entry>
<id>6</id>
<offset>637</offset>
<length>11</length>
<class>AAA_Estimate_Person</class>
<attribute>
<name>Canonical</name>
<value>ШЕВАРДНАДЗЕ</value>
</attribute>
</entry>
<entry>
<id>7</id>
<offset>665</offset>
<length>7</length>
<class>AAA_Estimate_Person</class>
<attribute>
<name>Canonical</name>
<value>КАРДАВА</value>
</attribute>
</entry>
<entry>
<id>8</id>
<offset>681</offset>
<length>12</length>
<class>AAA_Estimate_Person</class>
<attribute>
<name>Canonical</name>
<value>ЧХАТАРАШВИЛИ</value>
</attribute>
</entry>
<entry>
<id>9</id>
<offset>745</offset>
<length>10</length>
<class>AAA_Estimate_Person</class>
<attribute>
<name>Canonical</name>
<value>СААКАШВИЛИ</value>
</attribute>
</entry>
<entry>
<id>10</id>
<offset>1313</offset>
<length>13</length>
<class>AAA_Estimate_Person</class>
<attribute>
<name>Canonical</name>
<value>ЛЕВАН КАРДАВА</value>
</attribute>
</entry>
<entry>
<id>11</id>
<offset>1369</offset>
<length>14</length>
<class>AAA_Estimate_Person</class>
<attribute>
<name>Canonical</name>
<value>ЛЕВАН КАРДАВА</value>
</attribute>
</entry>
<entry>
<id>12</id>
<offset>1529</offset>
<length>14</length>
<class>AAA_Estimate_Person</class>
<attribute>
<name>Canonical</name>
<value>ЛЕВАН КАРДАВА</value>
</attribute>
</entry>
<entry>
<id>13</id>
<offset>1631</offset>
<length>7</length>
<class>AAA_Estimate_Person</class>
<attribute>
<name>Canonical</name>
<value>КАРДАВА</value>
</attribute>
</entry>
</markup>
