﻿<markup>
<entry>
<id>1</id>
<offset>10</offset>
<length>9</length>
<class>AAA_Estimate_Person</class>
<attribute>
<name>Canonical</name>
<value>АНТОНОВА</value>
</attribute>
</entry>
<entry>
<id>2</id>
<offset>81</offset>
<length>13</length>
<class>AAA_Estimate_Person</class>
<attribute>
<name>Canonical</name>
<value>ЮРИЙ СОЛОНИН</value>
</attribute>
</entry>
<entry>
<id>3</id>
<offset>132</offset>
<length>8</length>
<class>AAA_Estimate_Person</class>
<attribute>
<name>Canonical</name>
<value>АНТОНОВА</value>
</attribute>
</entry>
<entry>
<id>4</id>
<offset>308</offset>
<length>12</length>
<class>AAA_Estimate_Person</class>
<attribute>
<name>Canonical</name>
<value>ЮРИЙ СОЛОНИН</value>
</attribute>
</entry>
<entry>
<id>5</id>
<offset>368</offset>
<length>15</length>
<class>AAA_Estimate_Person</class>
<attribute>
<name>Canonical</name>
<value>ИРИНА АНТОНОВА</value>
</attribute>
</entry>
<entry>
<id>6</id>
<offset>483</offset>
<length>18</length>
<class>AAA_Estimate_Person</class>
<attribute>
<name>Canonical</name>
<value>ВЛАДИМИР МЕДИНСКИЙ</value>
</attribute>
</entry>
<entry>
<id>7</id>
<offset>529</offset>
<length>8</length>
<class>AAA_Estimate_Person</class>
<attribute>
<name>Canonical</name>
<value>АНТОНОВА</value>
</attribute>
</entry>
<entry>
<id>8</id>
<offset>680</offset>
<length>12</length>
<class>AAA_Estimate_Person</class>
<attribute>
<name>Canonical</name>
<value>МАРИНА ЛОШАК</value>
</attribute>
</entry>
<entry>
<id>9</id>
<offset>710</offset>
<length>9</length>
<class>AAA_Estimate_Person</class>
<attribute>
<name>Canonical</name>
<value>АНТОНОВА</value>
</attribute>
</entry>
<entry>
<id>10</id>
<offset>805</offset>
<length>7</length>
<class>AAA_Estimate_Person</class>
<attribute>
<name>Canonical</name>
<value>СОЛОНИН</value>
</attribute>
</entry>
<entry>
<id>11</id>
<offset>883</offset>
<length>8</length>
<class>AAA_Estimate_Person</class>
<attribute>
<name>Canonical</name>
<value>АНТОНОВА</value>
</attribute>
</entry>
<entry>
<id>12</id>
<offset>1460</offset>
<length>9</length>
<class>AAA_Estimate_Person</class>
<attribute>
<name>Canonical</name>
<value>АНТОНОВА</value>
</attribute>
</entry>
</markup>
