﻿<markup>
<entry>
<id>1</id>
<offset>0</offset>
<length>10</length>
<class>AAA_Estimate_Person</class>
<attribute>
<name>Canonical</name>
<value>Д МЕДВЕДЕВ</value>
</attribute>
</entry>
<entry>
<id>2</id>
<offset>91</offset>
<length>16</length>
<class>AAA_Estimate_Person</class>
<attribute>
<name>Canonical</name>
<value>ДМИТРИЙ МЕДВЕДЕВ</value>
</attribute>
</entry>
<entry>
<id>3</id>
<offset>372</offset>
<length>17</length>
<class>AAA_Estimate_Person</class>
<attribute>
<name>Canonical</name>
<value>АЛЕКСАНДР ГОРОВОЙ</value>
</attribute>
</entry>
<entry>
<id>4</id>
<offset>579</offset>
<length>19</length>
<class>AAA_Estimate_Person</class>
<attribute>
<name>Canonical</name>
<value>АБДУРАШИД МАГОМЕДОВ</value>
</attribute>
</entry>
</markup>
