﻿<markup>
<entry>
<id>1</id>
<offset>449</offset>
<length>20</length>
<class>AAA_Estimate_Person</class>
<attribute>
<name>Canonical</name>
<value>КОНСТАНТИН ИЗМЕСТЬЕВ</value>
</attribute>
</entry>
<entry>
<id>2</id>
<offset>622</offset>
<length>12</length>
<class>AAA_Estimate_Person</class>
<attribute>
<name>Canonical</name>
<value>ИГОРЬ ВОЛКОВ</value>
</attribute>
</entry>
<entry>
<id>3</id>
<offset>726</offset>
<length>7</length>
<class>AAA_Estimate_Person</class>
<attribute>
<name>Canonical</name>
<value>ВОЛКОВ</value>
</attribute>
</entry>
<entry>
<id>4</id>
<offset>734</offset>
<length>15</length>
<class>AAA_Estimate_Person</class>
<attribute>
<name>Canonical</name>
<value>НИКОЛАЙ ДИДЕНКО</value>
</attribute>
</entry>
<entry>
<id>5</id>
<offset>816</offset>
<length>9</length>
<class>AAA_Estimate_Person</class>
<attribute>
<name>Canonical</name>
<value>ИЗМЕСТЬЕВ</value>
</attribute>
</entry>
<entry>
<id>6</id>
<offset>946</offset>
<length>18</length>
<class>AAA_Estimate_Person</class>
<attribute>
<name>Canonical</name>
<value>ВЛАДИМИР РОДЫГИН</value>
</attribute>
</entry>
<entry>
<id>7</id>
<offset>1246</offset>
<length>15</length>
<class>AAA_Estimate_Person</class>
<attribute>
<name>Canonical</name>
<value>НИКОЛАЙ ДИДЕНКО</value>
</attribute>
</entry>
<entry>
<id>8</id>
<offset>1273</offset>
<length>9</length>
<class>AAA_Estimate_Person</class>
<attribute>
<name>Canonical</name>
<value>ИЗМЕСТЬЕВ</value>
</attribute>
</entry>
</markup>
