﻿<markup>
<entry>
<id>1</id>
<offset>137</offset>
<length>17</length>
<class>AAA_Estimate_Person</class>
<attribute>
<name>Canonical</name>
<value>ИЛЬНУР ШАКИРЬЯНОВ</value>
</attribute>
</entry>
<entry>
<id>2</id>
<offset>637</offset>
<length>14</length>
<class>AAA_Estimate_Person</class>
<attribute>
<name>Canonical</name>
<value>РУСТЕМ ШАКИРОВ</value>
</attribute>
</entry>
<entry>
<id>4</id>
<offset>691</offset>
<length>10</length>
<class>AAA_Estimate_Person</class>
<attribute>
<name>Canonical</name>
<value>ШАКИРЬЯНОВ</value>
</attribute>
</entry>
<entry>
<id>5</id>
<offset>825</offset>
<length>10</length>
<class>AAA_Estimate_Person</class>
<attribute>
<name>Canonical</name>
<value>ШАКИРЬЯНОВ</value>
</attribute>
</entry>
<entry>
<id>6</id>
<offset>982</offset>
<length>11</length>
<class>AAA_Estimate_Person</class>
<attribute>
<name>Canonical</name>
<value>ШАКИРЬЯНОВ</value>
</attribute>
</entry>
<entry>
<id>7</id>
<offset>1494</offset>
<length>11</length>
<class>AAA_Estimate_Person</class>
<attribute>
<name>Canonical</name>
<value>ШАКИРЬЯНОВ</value>
</attribute>
</entry>
<entry>
<id>8</id>
<offset>1602</offset>
<length>13</length>
<class>AAA_Estimate_Person</class>
<attribute>
<name>Canonical</name>
<value>ДОКУ УМАРОВ</value>
</attribute>
</entry>
<entry>
<id>9</id>
<offset>1789</offset>
<length>14</length>
<class>AAA_Estimate_Person</class>
<attribute>
<name>Canonical</name>
<value>АЛЬМИР БАДЫКОВ</value>
</attribute>
</entry>
</markup>
