﻿<markup>
<entry>
<id>1</id>
<offset>91</offset>
<length>5</length>
<class>AAA_Estimate_Person</class>
<attribute>
<name>Canonical</name>
<value>МИТИН</value>
</attribute>
</entry>
<entry>
<id>2</id>
<offset>166</offset>
<length>12</length>
<class>AAA_Estimate_Person</class>
<attribute>
<name>Canonical</name>
<value>СЕРГЕЙ МИТИН</value>
</attribute>
</entry>
<entry>
<id>3</id>
<offset>289</offset>
<length>17</length>
<class>AAA_Estimate_Person</class>
<attribute>
<name>Canonical</name>
<value>ЮРИЙ АЛЕКСАНДРОВ</value>
</attribute>
</entry>
<entry>
<id>4</id>
<offset>408</offset>
<length>16</length>
<class>AAA_Estimate_Person</class>
<attribute>
<name>Canonical</name>
<value>ЮРИЙ АЛЕКСАНДРОВ</value>
</attribute>
</entry>
<entry>
<id>5</id>
<offset>508</offset>
<length>11</length>
<class>AAA_Estimate_Person</class>
<attribute>
<name>Canonical</name>
<value>АЛЕКСАНДРОВ</value>
</attribute>
</entry>
<entry>
<id>6</id>
<offset>898</offset>
<length>5</length>
<class>AAA_Estimate_Person</class>
<attribute>
<name>Canonical</name>
<value>МИТИН</value>
</attribute>
</entry>
<entry>
<id>7</id>
<offset>1014</offset>
<length>12</length>
<class>AAA_Estimate_Person</class>
<attribute>
<name>Canonical</name>
<value>АЛЕКСАНДРОВ</value>
</attribute>
</entry>
</markup>
