﻿<markup>
<entry>
<id>1</id>
<offset>0</offset>
<length>10</length>
<class>AAA_Estimate_Person</class>
<attribute>
<name>Canonical</name>
<value>Д МЕДВЕДЕВ</value>
</attribute>
</entry>
<entry>
<id>2</id>
<offset>77</offset>
<length>16</length>
<class>AAA_Estimate_Person</class>
<attribute>
<name>Canonical</name>
<value>ДМИТРИЙ МЕДВЕДЕВ</value>
</attribute>
</entry>
<entry>
<id>4</id>
<offset>141</offset>
<length>27</length>
<class>AAA_Estimate_Person</class>
<attribute>
<name>Canonical</name>
<value>МАГОМЕД-СААБЛАМ МАГОМЕДОВ</value>
</attribute>
</entry>
<entry>
<id>6</id>
<offset>321</offset>
<length>10</length>
<class>AAA_Estimate_Person</class>
<attribute>
<name>Canonical</name>
<value>МУХУ АЛИЕВ</value>
</attribute>
</entry>
<entry>
<id>7</id>
<offset>336</offset>
<length>25</length>
<class>AAA_Estimate_Person</class>
<attribute>
<name>Canonical</name>
<value>МАГОМЕД-СААБЛАМ МАГОМЕДОВ</value>
</attribute>
</entry>
<entry>
<id>8</id>
<offset>391</offset>
<length>21</length>
<class>AAA_Estimate_Person</class>
<attribute>
<name>Canonical</name>
<value>МАГОМЕДАЛИ МАГОМЕДОВ</value>
</attribute>
</entry>
<entry>
<id>9</id>
<offset>619</offset>
<length>16</length>
<class>AAA_Estimate_Person</class>
<attribute>
<name>Canonical</name>
<value>ВЛАДИМИР ПУТИН</value>
</attribute>
</entry>
<entry>
<id>10</id>
<offset>686</offset>
<length>7</length>
<class>AAA_Estimate_Person</class>
<attribute>
<name>Canonical</name>
<value>М АЛИЕВ</value>
</attribute>
</entry>
<entry>
<id>11</id>
<offset>770</offset>
<length>8</length>
<class>AAA_Estimate_Person</class>
<attribute>
<name>Canonical</name>
<value>М АЛИЕВ</value>
</attribute>
</entry>
<entry>
<id>12</id>
<offset>841</offset>
<length>10</length>
<class>AAA_Estimate_Person</class>
<attribute>
<name>Canonical</name>
<value>Д МЕДВЕДЕВ</value>
</attribute>
</entry>
<entry>
<id>13</id>
<offset>930</offset>
<length>14</length>
<class>AAA_Estimate_Person</class>
<attribute>
<name>Canonical</name>
<value>ЛЕВ КУЗНЕЦОВ</value>
</attribute>
</entry>
<entry>
<id>14</id>
<offset>1084</offset>
<length>18</length>
<class>AAA_Estimate_Person</class>
<attribute>
<name>Canonical</name>
<value>АЛЕКСАНДР ХЛОПОНИН</value>
</attribute>
</entry>
<entry>
<id>15</id>
<offset>1122</offset>
<length>11</length>
<class>AAA_Estimate_Person</class>
<attribute>
<name>Canonical</name>
<value>Д МЕДВЕДЕВ</value>
</attribute>
</entry>
<entry>
<id>16</id>
<offset>1241</offset>
<length>12</length>
<class>AAA_Estimate_Person</class>
<attribute>
<name>Canonical</name>
<value>ЛЕВ КУЗНЕЦОВ</value>
</attribute>
</entry>
<entry>
<id>19</id>
<offset>1605</offset>
<length>10</length>
<class>AAA_Estimate_Person</class>
<attribute>
<name>Canonical</name>
<value>Л КУЗНЕЦОВ</value>
</attribute>
</entry>
<entry>
<id>20</id>
<offset>2044</offset>
<length>17</length>
<class>AAA_Estimate_Person</class>
<attribute>
<name>Canonical</name>
<value>НАТАЛЬЯ КОМАРОВА</value>
</attribute>
</entry>
<entry>
<id>21</id>
<offset>2150</offset>
<length>20</length>
<class>AAA_Estimate_Person</class>
<attribute>
<name>Canonical</name>
<value>АЛЕКСАНДР ФИЛИППЕНКО</value>
</attribute>
</entry>
<entry>
<id>22</id>
<offset>2233</offset>
<length>11</length>
<class>AAA_Estimate_Person</class>
<attribute>
<name>Canonical</name>
<value>А ФИЛИППЕНКО</value>
</attribute>
</entry>
<entry>
<id>23</id>
<offset>2380</offset>
<length>11</length>
<class>AAA_Estimate_Person</class>
<attribute>
<name>Canonical</name>
<value>А ФИЛИППЕНКО</value>
</attribute>
</entry>
<entry>
<id>24</id>
<offset>2596</offset>
<length>20</length>
<class>AAA_Estimate_Person</class>
<attribute>
<name>Canonical</name>
<value>АЛЕКСАНДР ВИННИКОВ</value>
</attribute>
</entry>
<entry>
<id>25</id>
<offset>2698</offset>
<length>10</length>
<class>AAA_Estimate_Person</class>
<attribute>
<name>Canonical</name>
<value>А ВИННИКОВ</value>
</attribute>
</entry>
<entry>
<id>26</id>
<offset>2809</offset>
<length>14</length>
<class>AAA_Estimate_Person</class>
<attribute>
<name>Canonical</name>
<value>НИКОЛАЙ ВОЛКОВ</value>
</attribute>
</entry>
</markup>
