﻿<markup>
<entry>
<id>1</id>
<offset>100</offset>
<length>12</length>
<class>AAA_Estimate_Person</class>
<attribute>
<name>Canonical</name>
<value>ПОЛ ОТТЕЛИНИ</value>
</attribute>
</entry>
<entry>
<id>2</id>
<offset>179</offset>
<length>10</length>
<class>AAA_Estimate_Person</class>
<attribute>
<name>Canonical</name>
<value>П ОТТЕЛИНИ</value>
</attribute>
</entry>
<entry>
<id>3</id>
<offset>420</offset>
<length>10</length>
<class>AAA_Estimate_Person</class>
<attribute>
<name>Canonical</name>
<value>П ОТТЕЛИНИ</value>
</attribute>
</entry>
<entry>
<id>4</id>
<offset>1088</offset>
<length>14</length>
<class>AAA_Estimate_Person</class>
<attribute>
<name>Canonical</name>
<value>СКОТТ ФОРСТОЛЛ</value>
</attribute>
</entry>
<entry>
<id>5</id>
<offset>1172</offset>
<length>12</length>
<class>AAA_Estimate_Person</class>
<attribute>
<name>Canonical</name>
<value>ДЖОН БРАУЭТТ</value>
</attribute>
</entry>
<entry>
<id>6</id>
<offset>1325</offset>
<length>5</length>
<class>AAA_Estimate_Person</class>
<attribute>
<name>Canonical</name>
<value>Т КУК</value>
</attribute>
</entry>
<entry>
<id>7</id>
<offset>1354</offset>
<length>11</length>
<class>AAA_Estimate_Person</class>
<attribute>
<name>Canonical</name>
<value>С ФОРСТОЛЛ</value>
</attribute>
</entry>
</markup>
