﻿<markup>
<entry>
<id>1</id>
<offset>226</offset>
<length>12</length>
<class>AAA_Estimate_Person</class>
<attribute>
<name>Canonical</name>
<value>СЕРГЕЙ ЛУКИН</value>
</attribute>
</entry>
<entry>
<id>2</id>
<offset>342</offset>
<length>5</length>
<class>AAA_Estimate_Person</class>
<attribute>
<name>Canonical</name>
<value>ЛУКИН</value>
</attribute>
</entry>
<entry>
<id>3</id>
<offset>559</offset>
<length>5</length>
<class>AAA_Estimate_Person</class>
<attribute>
<name>Canonical</name>
<value>ЛУКИН</value>
</attribute>
</entry>
<entry>
<id>4</id>
<offset>622</offset>
<length>12</length>
<class>AAA_Estimate_Person</class>
<attribute>
<name>Canonical</name>
<value>СЕРГЕЙ ЛУКИН</value>
</attribute>
</entry>
<entry>
<id>5</id>
<offset>783</offset>
<length>5</length>
<class>AAA_Estimate_Person</class>
<attribute>
<name>Canonical</name>
<value>ЛУКИН</value>
</attribute>
</entry>
<entry>
<id>6</id>
<offset>921</offset>
<length>5</length>
<class>AAA_Estimate_Person</class>
<attribute>
<name>Canonical</name>
<value>ЛУКИН</value>
</attribute>
</entry>
<entry>
<id>7</id>
<offset>1089</offset>
<length>12</length>
<class>AAA_Estimate_Person</class>
<attribute>
<name>Canonical</name>
<value>СЕРГЕЙ ЛУКИН</value>
</attribute>
</entry>
<entry>
<id>8</id>
<offset>1191</offset>
<length>6</length>
<class>AAA_Estimate_Person</class>
<attribute>
<name>Canonical</name>
<value>ЛУКИН</value>
</attribute>
</entry>
</markup>
