﻿<markup>
<entry>
<id>1</id>
<offset>27</offset>
<length>13</length>
<class>AAA_Estimate_Person</class>
<attribute>
<name>Canonical</name>
<value>ИГОРЬ МОРОЗОВ</value>
</attribute>
</entry>
<entry>
<id>3</id>
<offset>132</offset>
<length>13</length>
<class>AAA_Estimate_Person</class>
<attribute>
<name>Canonical</name>
<value>ИГОРЬ МОРОЗОВ</value>
</attribute>
</entry>
<entry>
<id>4</id>
<offset>307</offset>
<length>7</length>
<class>AAA_Estimate_Person</class>
<attribute>
<name>Canonical</name>
<value>МОРОЗОВ</value>
</attribute>
</entry>
<entry>
<id>5</id>
<offset>430</offset>
<length>13</length>
<class>AAA_Estimate_Person</class>
<attribute>
<name>Canonical</name>
<value>ИГОРЬ МОРОЗОВ</value>
</attribute>
</entry>
<entry>
<id>6</id>
<offset>530</offset>
<length>20</length>
<class>AAA_Estimate_Person</class>
<attribute>
<name>Canonical</name>
<value>АЛЕКСАНДР КАЛАШНИКОВ</value>
</attribute>
</entry>
<entry>
<id>7</id>
<offset>640</offset>
<length>7</length>
<class>AAA_Estimate_Person</class>
<attribute>
<name>Canonical</name>
<value>МОРОЗОВ</value>
</attribute>
</entry>
<entry>
<id>8</id>
<offset>812</offset>
<length>12</length>
<class>AAA_Estimate_Person</class>
<attribute>
<name>Canonical</name>
<value>ОЛЕГ КОВАЛЕВ</value>
</attribute>
</entry>
<entry>
<id>9</id>
<offset>895</offset>
<length>8</length>
<class>AAA_Estimate_Person</class>
<attribute>
<name>Canonical</name>
<value>МОРОЗОВ</value>
</attribute>
</entry>
<entry>
<id>10</id>
<offset>949</offset>
<length>7</length>
<class>AAA_Estimate_Person</class>
<attribute>
<name>Canonical</name>
<value>МОРОЗОВ</value>
</attribute>
</entry>
</markup>
