﻿<markup>
<entry>
<id>1</id>
<offset>26</offset>
<length>8</length>
<class>AAA_Estimate_Person</class>
<attribute>
<name>Canonical</name>
<value>ПЕЧЁНЫЙ</value>
</attribute>
</entry>
<entry>
<id>2</id>
<offset>72</offset>
<length>7</length>
<class>AAA_Estimate_Person</class>
<attribute>
<name>Canonical</name>
<value>ПЕЧЁНЫЙ</value>
</attribute>
</entry>
<entry>
<id>3</id>
<offset>393</offset>
<length>18</length>
<class>AAA_Estimate_Person</class>
<attribute>
<name>Canonical</name>
<value>ВЛАДИМИР ПЕЧЁНЫЙ</value>
</attribute>
</entry>
<entry>
<id>4</id>
<offset>570</offset>
<length>14</length>
<class>AAA_Estimate_Person</class>
<attribute>
<name>Canonical</name>
<value>НИКОЛАЙ ДУДОВ</value>
</attribute>
</entry>
<entry>
<id>5</id>
<offset>696</offset>
<length>16</length>
<class>AAA_Estimate_Person</class>
<attribute>
<name>Canonical</name>
<value>ВЛАДИМИР ПЕЧЁНЫЙ</value>
</attribute>
</entry>
<entry>
<id>6</id>
<offset>860</offset>
<length>8</length>
<class>AAA_Estimate_Person</class>
<attribute>
<name>Canonical</name>
<value>ПЕЧЁНЫЙ</value>
</attribute>
</entry>
<entry>
<id>7</id>
<offset>948</offset>
<length>7</length>
<class>AAA_Estimate_Person</class>
<attribute>
<name>Canonical</name>
<value>ПЕЧЁНЫЙ</value>
</attribute>
</entry>
<entry>
<id>8</id>
<offset>1368</offset>
<length>8</length>
<class>AAA_Estimate_Person</class>
<attribute>
<name>Canonical</name>
<value>ПЕЧЁНЫЙ</value>
</attribute>
</entry>
</markup>
