﻿<markup>
<entry>
<id>1</id>
<offset>110</offset>
<length>19</length>
<class>AAA_Estimate_Person</class>
<attribute>
<name>Canonical</name>
<value>ТЕРЬЕ РИИС-ЙОХАНСОН</value>
</attribute>
</entry>
<entry>
<id>2</id>
<offset>299</offset>
<length>16</length>
<class>AAA_Estimate_Person</class>
<attribute>
<name>Canonical</name>
<value>ЙЕНС СТОЛТЕНБЕРГ</value>
</attribute>
</entry>
<entry>
<id>3</id>
<offset>366</offset>
<length>16</length>
<class>AAA_Estimate_Person</class>
<attribute>
<name>Canonical</name>
<value>Т РИИС-ЙОХАНСОН</value>
</attribute>
</entry>
<entry>
<id>4</id>
<offset>419</offset>
<length>14</length>
<class>AAA_Estimate_Person</class>
<attribute>
<name>Canonical</name>
<value>ОЛА БОРТЕН МОЭ</value>
</attribute>
</entry>
<entry>
<id>5</id>
<offset>466</offset>
<length>15</length>
<class>AAA_Estimate_Person</class>
<attribute>
<name>Canonical</name>
<value>Т РИИС-ЙОХАНСОН</value>
</attribute>
</entry>
<entry>
<id>6</id>
<offset>741</offset>
<length>16</length>
<class>AAA_Estimate_Person</class>
<attribute>
<name>Canonical</name>
<value>Т РИИС-ЙОХАНСОН</value>
</attribute>
</entry>
<entry>
<id>7</id>
<offset>879</offset>
<length>16</length>
<class>AAA_Estimate_Person</class>
<attribute>
<name>Canonical</name>
<value>Т РИИС-ЙОХАНСОН</value>
</attribute>
</entry>
<entry>
<id>8</id>
<offset>1158</offset>
<length>15</length>
<class>AAA_Estimate_Person</class>
<attribute>
<name>Canonical</name>
<value>Т РИИС-ЙОХАНСОН</value>
</attribute>
</entry>
</markup>
