﻿<markup>
<entry>
<id>1</id>
<offset>0</offset>
<length>7</length>
<class>AAA_Estimate_Person</class>
<attribute>
<name>Canonical</name>
<value>ШАЙМИЕВ</value>
</attribute>
</entry>
<entry>
<id>2</id>
<offset>72</offset>
<length>16</length>
<class>AAA_Estimate_Person</class>
<attribute>
<name>Canonical</name>
<value>МИНТИМЕР ШАЙМИЕВ</value>
</attribute>
</entry>
<entry>
<id>3</id>
<offset>141</offset>
<length>17</length>
<class>AAA_Estimate_Person</class>
<attribute>
<name>Canonical</name>
<value>ДМИТРИЙ МЕДВЕДЕВ</value>
</attribute>
</entry>
<entry>
<id>4</id>
<offset>355</offset>
<length>16</length>
<class>AAA_Estimate_Person</class>
<attribute>
<name>Canonical</name>
<value>НАТАЛЬЯ ТИМАКОВА</value>
</attribute>
</entry>
<entry>
<id>5</id>
<offset>460</offset>
<length>7</length>
<class>AAA_Estimate_Person</class>
<attribute>
<name>Canonical</name>
<value>ШАЙМИЕВ</value>
</attribute>
</entry>
<entry>
<id>6</id>
<offset>519</offset>
<length>9</length>
<class>AAA_Estimate_Person</class>
<attribute>
<name>Canonical</name>
<value>МЕДВЕДЕВ</value>
</attribute>
</entry>
<entry>
<id>7</id>
<offset>660</offset>
<length>8</length>
<class>AAA_Estimate_Person</class>
<attribute>
<name>Canonical</name>
<value>ТИМАКОВА</value>
</attribute>
</entry>
<entry>
<id>8</id>
<offset>683</offset>
<length>7</length>
<class>AAA_Estimate_Person</class>
<attribute>
<name>Canonical</name>
<value>ШАЙМИЕВ</value>
</attribute>
</entry>
<entry>
<id>9</id>
<offset>761</offset>
<length>16</length>
<class>AAA_Estimate_Person</class>
<attribute>
<name>Canonical</name>
<value>ДМИТРИЙ МЕДВЕДЕВ</value>
</attribute>
</entry>
<entry>
<id>10</id>
<offset>810</offset>
<length>8</length>
<class>AAA_Estimate_Person</class>
<attribute>
<name>Canonical</name>
<value>ШАЙМИЕВ</value>
</attribute>
</entry>
<entry>
<id>11</id>
<offset>943</offset>
<length>8</length>
<class>AAA_Estimate_Person</class>
<attribute>
<name>Canonical</name>
<value>МЕДВЕДЕВ</value>
</attribute>
</entry>
<entry>
<id>12</id>
<offset>968</offset>
<length>8</length>
<class>AAA_Estimate_Person</class>
<attribute>
<name>Canonical</name>
<value>ШАЙМИЕВ</value>
</attribute>
</entry>
<entry>
<id>13</id>
<offset>1107</offset>
<length>19</length>
<class>AAA_Estimate_Person</class>
<attribute>
<name>Canonical</name>
<value>РУСТАМ МИННИХАНОВ</value>
</attribute>
</entry>
<entry>
<id>14</id>
<offset>1131</offset>
<length>10</length>
<class>AAA_Estimate_Person</class>
<attribute>
<name>Canonical</name>
<value>МИННИХАНОВ</value>
</attribute>
</entry>
<entry>
<id>15</id>
<offset>1312</offset>
<length>10</length>
<class>AAA_Estimate_Person</class>
<attribute>
<name>Canonical</name>
<value>МИННИХАНОВ</value>
</attribute>
</entry>
<entry>
<id>16</id>
<offset>1428</offset>
<length>16</length>
<class>AAA_Estimate_Person</class>
<attribute>
<name>Canonical</name>
<value>МИНТИМЕР ШАЙМИЕВ</value>
</attribute>
</entry>
<entry>
<id>17</id>
<offset>1554</offset>
<length>7</length>
<class>AAA_Estimate_Person</class>
<attribute>
<name>Canonical</name>
<value>ШАЙМИЕВ</value>
</attribute>
</entry>
<entry>
<id>18</id>
<offset>1643</offset>
<length>7</length>
<class>AAA_Estimate_Person</class>
<attribute>
<name>Canonical</name>
<value>ШАЙМИЕВ</value>
</attribute>
</entry>
<entry>
<id>19</id>
<offset>1678</offset>
<length>18</length>
<class>AAA_Estimate_Person</class>
<attribute>
<name>Canonical</name>
<value>ВЛАДИМИР ПУТИН</value>
</attribute>
</entry>
<entry>
<id>20</id>
<offset>1715</offset>
<length>5</length>
<class>AAA_Estimate_Person</class>
<attribute>
<name>Canonical</name>
<value>ПУТИН</value>
</attribute>
</entry>
<entry>
<id>21</id>
<offset>1738</offset>
<length>8</length>
<class>AAA_Estimate_Person</class>
<attribute>
<name>Canonical</name>
<value>ШАЙМИЕВ</value>
</attribute>
</entry>
</markup>
