﻿<markup>
<entry>
<id>1</id>
<offset>38</offset>
<length>6</length>
<class>AAA_Estimate_Person</class>
<attribute>
<name>Canonical</name>
<value>ПУТИН</value>
</attribute>
</entry>
<entry>
<id>2</id>
<offset>47</offset>
<length>10</length>
<class>AAA_Estimate_Person</class>
<attribute>
<name>Canonical</name>
<value>СЕРДЮКОВ</value>
</attribute>
</entry>
<entry>
<id>3</id>
<offset>76</offset>
<length>14</length>
<class>AAA_Estimate_Person</class>
<attribute>
<name>Canonical</name>
<value>ДМИТРИЙ ПЕСКОВ</value>
</attribute>
</entry>
<entry>
<id>4</id>
<offset>123</offset>
<length>14</length>
<class>AAA_Estimate_Person</class>
<attribute>
<name>Canonical</name>
<value>ВЛАДИМИР ПУТИН</value>
</attribute>
</entry>
<entry>
<id>5</id>
<offset>271</offset>
<length>18</length>
<class>AAA_Estimate_Person</class>
<attribute>
<name>Canonical</name>
<value>АНАТОЛИЙ СЕРДЮКОВ</value>
</attribute>
</entry>
<entry>
<id>6</id>
<offset>345</offset>
<length>14</length>
<class>AAA_Estimate_Person</class>
<attribute>
<name>Canonical</name>
<value>ДМИТРИЙ ПЕСКОВ</value>
</attribute>
</entry>
<entry>
<id>7</id>
<offset>392</offset>
<length>14</length>
<class>AAA_Estimate_Person</class>
<attribute>
<name>Canonical</name>
<value>ВЛАДИМИР ПУТИН</value>
</attribute>
</entry>
<entry>
<id>8</id>
<offset>507</offset>
<length>20</length>
<class>AAA_Estimate_Person</class>
<attribute>
<name>Canonical</name>
<value>АНАТОЛИЙ СЕРДЮКОВ</value>
</attribute>
</entry>
<entry>
<id>9</id>
<offset>585</offset>
<length>6</length>
<class>AAA_Estimate_Person</class>
<attribute>
<name>Canonical</name>
<value>ПЕСКОВ</value>
</attribute>
</entry>
<entry>
<id>10</id>
<offset>700</offset>
<length>6</length>
<class>AAA_Estimate_Person</class>
<attribute>
<name>Canonical</name>
<value>ПУТИН</value>
</attribute>
</entry>
<entry>
<id>11</id>
<offset>769</offset>
<length>17</length>
<class>AAA_Estimate_Person</class>
<attribute>
<name>Canonical</name>
<value>АНАТОЛИЙ СЕРДЮКОВ</value>
</attribute>
</entry>
<entry>
<id>12</id>
<offset>1186</offset>
<length>18</length>
<class>AAA_Estimate_Person</class>
<attribute>
<name>Canonical</name>
<value>АНАТОЛИЙ СЕРДЮКОВ</value>
</attribute>
</entry>
<entry>
<id>13</id>
<offset>1223</offset>
<length>18</length>
<class>AAA_Estimate_Person</class>
<attribute>
<name>Canonical</name>
<value>АНАТОЛИЙ СЕРДЮКОВ</value>
</attribute>
</entry>
<entry>
<id>14</id>
<offset>1324</offset>
<length>15</length>
<class>AAA_Estimate_Person</class>
<attribute>
<name>Canonical</name>
<value>СЕРГЕЙ ЧЕМЕЗОВ</value>
</attribute>
</entry>
<entry>
<id>15</id>
<offset>1493</offset>
<length>9</length>
<class>AAA_Estimate_Person</class>
<attribute>
<name>Canonical</name>
<value>СЕРДЮКОВ</value>
</attribute>
</entry>
<entry>
<id>16</id>
<offset>1661</offset>
<length>14</length>
<class>AAA_Estimate_Person</class>
<attribute>
<name>Canonical</name>
<value>ВЛАДИМИР ПУТИН</value>
</attribute>
</entry>
<entry>
<id>17</id>
<offset>1780</offset>
<length>8</length>
<class>AAA_Estimate_Person</class>
<attribute>
<name>Canonical</name>
<value>СЕРДЮКОВ</value>
</attribute>
</entry>
<entry>
<id>18</id>
<offset>1853</offset>
<length>16</length>
<class>AAA_Estimate_Person</class>
<attribute>
<name>Canonical</name>
<value>АНАТОЛИЙ ЧУБАЙС</value>
</attribute>
</entry>
<entry>
<id>19</id>
<offset>1949</offset>
<length>9</length>
<class>AAA_Estimate_Person</class>
<attribute>
<name>Canonical</name>
<value>СЕРДЮКОВ</value>
</attribute>
</entry>
<entry>
<id>20</id>
<offset>2025</offset>
<length>19</length>
<class>AAA_Estimate_Person</class>
<attribute>
<name>Canonical</name>
<value>КОНСТАНТИН БОГДАНОВ</value>
</attribute>
</entry>
<entry>
<id>21</id>
<offset>2068</offset>
<length>18</length>
<class>AAA_Estimate_Person</class>
<attribute>
<name>Canonical</name>
<value>АНАТОЛИЙ СЕРДЮКОВ</value>
</attribute>
</entry>
<entry>
<id>22</id>
<offset>2310</offset>
<length>9</length>
<class>AAA_Estimate_Person</class>
<attribute>
<name>Canonical</name>
<value>СЕРДЮКОВ</value>
</attribute>
</entry>
<entry>
<id>23</id>
<offset>2387</offset>
<length>8</length>
<class>AAA_Estimate_Person</class>
<attribute>
<name>Canonical</name>
<value>СЕРДЮКОВ</value>
</attribute>
</entry>
</markup>
