﻿<markup>
<entry>
<id>1</id>
<offset>0</offset>
<length>5</length>
<class>AAA_Estimate_Person</class>
<attribute>
<name>Canonical</name>
<value>ОБАМА</value>
</attribute>
</entry>
<entry>
<id>2</id>
<offset>52</offset>
<length>7</length>
<class>AAA_Estimate_Person</class>
<attribute>
<name>Canonical</name>
<value>МАНДЕЛА</value>
</attribute>
</entry>
<entry>
<id>3</id>
<offset>65</offset>
<length>5</length>
<class>AAA_Estimate_Person</class>
<attribute>
<name>Canonical</name>
<value>ОБАМА</value>
</attribute>
</entry>
<entry>
<id>4</id>
<offset>200</offset>
<length>7</length>
<class>AAA_Estimate_Person</class>
<attribute>
<name>Canonical</name>
<value>МАНДЕЛА</value>
</attribute>
</entry>
<entry>
<id>5</id>
<offset>271</offset>
<length>11</length>
<class>AAA_Estimate_Person</class>
<attribute>
<name>Canonical</name>
<value>БАРАК ОБАМА</value>
</attribute>
</entry>
<entry>
<id>6</id>
<offset>463</offset>
<length>15</length>
<class>AAA_Estimate_Person</class>
<attribute>
<name>Canonical</name>
<value>НЕЛЬСОН МАНДЕЛА</value>
</attribute>
</entry>
<entry>
<id>8</id>
<offset>530</offset>
<length>5</length>
<class>AAA_Estimate_Person</class>
<attribute>
<name>Canonical</name>
<value>ОБАМА</value>
</attribute>
</entry>
<entry>
<id>9</id>
<offset>578</offset>
<length>7</length>
<class>AAA_Estimate_Person</class>
<attribute>
<name>Canonical</name>
<value>МАНДЕЛА</value>
</attribute>
</entry>
<entry>
<id>10</id>
<offset>805</offset>
<length>5</length>
<class>AAA_Estimate_Person</class>
<attribute>
<name>Canonical</name>
<value>ОБАМА</value>
</attribute>
</entry>
<entry>
<id>11</id>
<offset>830</offset>
<length>7</length>
<class>AAA_Estimate_Person</class>
<attribute>
<name>Canonical</name>
<value>МАНДЕЛА</value>
</attribute>
</entry>
<entry>
<id>12</id>
<offset>843</offset>
<length>7</length>
<class>AAA_Estimate_Person</class>
<attribute>
<name>Canonical</name>
<value>МАНДЕЛА</value>
</attribute>
</entry>
<entry>
<id>13</id>
<offset>888</offset>
<length>5</length>
<class>AAA_Estimate_Person</class>
<attribute>
<name>Canonical</name>
<value>ОБАМА</value>
</attribute>
</entry>
<entry>
<id>14</id>
<offset>976</offset>
<length>7</length>
<class>AAA_Estimate_Person</class>
<attribute>
<name>Canonical</name>
<value>МАНДЕЛА</value>
</attribute>
</entry>
<entry>
<id>15</id>
<offset>1151</offset>
<length>12</length>
<class>AAA_Estimate_Person</class>
<attribute>
<name>Canonical</name>
<value>ДЖЕЙКОБ ЗУМА</value>
</attribute>
</entry>
<entry>
<id>16</id>
<offset>1177</offset>
<length>7</length>
<class>AAA_Estimate_Person</class>
<attribute>
<name>Canonical</name>
<value>МАНДЕЛА</value>
</attribute>
</entry>
<entry>
<id>17</id>
<offset>1344</offset>
<length>7</length>
<class>AAA_Estimate_Person</class>
<attribute>
<name>Canonical</name>
<value>МАНДЕЛА</value>
</attribute>
</entry>
</markup>
