﻿<markup>
<entry>
<id>1</id>
<offset>0</offset>
<length>10</length>
<class>AAA_Estimate_Person</class>
<attribute>
<name>Canonical</name>
<value>Д МЕДВЕДЕВ</value>
</attribute>
</entry>
<entry>
<id>2</id>
<offset>57</offset>
<length>16</length>
<class>AAA_Estimate_Person</class>
<attribute>
<name>Canonical</name>
<value>ДМИТРИЙ МЕДВЕДЕВ</value>
</attribute>
</entry>
<entry>
<id>3</id>
<offset>252</offset>
<length>10</length>
<class>AAA_Estimate_Person</class>
<attribute>
<name>Canonical</name>
<value>Д МЕДВЕДЕВ</value>
</attribute>
</entry>
<entry>
<id>10</id>
<offset>342</offset>
<length>18</length>
<class>AAA_Estimate_Person</class>
<attribute>
<name>Canonical</name>
<value>СЕРГЕЙ ШАПОШНИКОВ</value>
</attribute>
</entry>
<entry>
<id>4</id>
<offset>565</offset>
<length>16</length>
<class>AAA_Estimate_Person</class>
<attribute>
<name>Canonical</name>
<value>АНДРЕЙ МОСКАЛЕЦ</value>
</attribute>
</entry>
<entry>
<id>5</id>
<offset>695</offset>
<length>16</length>
<class>AAA_Estimate_Person</class>
<attribute>
<name>Canonical</name>
<value>МАРАТ МАГАДЕЕВ</value>
</attribute>
</entry>
<entry>
<id>6</id>
<offset>812</offset>
<length>10</length>
<class>AAA_Estimate_Person</class>
<attribute>
<name>Canonical</name>
<value>Д МЕДВЕДЕВ</value>
</attribute>
</entry>
<entry>
<id>7</id>
<offset>1012</offset>
<length>22</length>
<class>AAA_Estimate_Person</class>
<attribute>
<name>Canonical</name>
<value>АЛЕКСАНДР СТУДЕНИКИН</value>
</attribute>
</entry>
<entry>
<id>8</id>
<offset>1148</offset>
<length>17</length>
<class>AAA_Estimate_Person</class>
<attribute>
<name>Canonical</name>
<value>АНДРЕЙ ХАРИТОНОВ</value>
</attribute>
</entry>
<entry>
<id>9</id>
<offset>1267</offset>
<length>18</length>
<class>AAA_Estimate_Person</class>
<attribute>
<name>Canonical</name>
<value>ВЛАДИМИР ЕДРЫШЕВ</value>
</attribute>
</entry>
</markup>
