﻿<markup>
<entry>
<id>1</id>
<offset>71</offset>
<length>14</length>
<class>AAA_Estimate_Person</class>
<attribute>
<name>Canonical</name>
<value>СЕРГЕЙ СОБЯНИН</value>
</attribute>
</entry>
<entry>
<id>2</id>
<offset>262</offset>
<length>16</length>
<class>AAA_Estimate_Person</class>
<attribute>
<name>Canonical</name>
<value>НИКОЛАЙ ЕВТИХИЕВ</value>
</attribute>
</entry>
<entry>
<id>3</id>
<offset>321</offset>
<length>15</length>
<class>AAA_Estimate_Person</class>
<attribute>
<name>Canonical</name>
<value>НИКОЛАЙ ЛОМАКИН</value>
</attribute>
</entry>
<entry>
<id>4</id>
<offset>437</offset>
<length>7</length>
<class>AAA_Estimate_Person</class>
<attribute>
<name>Canonical</name>
<value>СОБЯНИН</value>
</attribute>
</entry>
<entry>
<id>5</id>
<offset>545</offset>
<length>13</length>
<class>AAA_Estimate_Person</class>
<attribute>
<name>Canonical</name>
<value>ОЛЕГ МИТВОЛЬ</value>
</attribute>
</entry>
<entry>
<id>6</id>
<offset>595</offset>
<length>14</length>
<class>AAA_Estimate_Person</class>
<attribute>
<name>Canonical</name>
<value>ВЛАДИМИР РЕСИН</value>
</attribute>
</entry>
<entry>
<id>7</id>
<offset>659</offset>
<length>9</length>
<class>AAA_Estimate_Person</class>
<attribute>
<name>Canonical</name>
<value>СОБЯНИН</value>
</attribute>
</entry>
<entry>
<id>8</id>
<offset>686</offset>
<length>8</length>
<class>AAA_Estimate_Person</class>
<attribute>
<name>Canonical</name>
<value>ЕВТИХИЕВ</value>
</attribute>
</entry>
<entry>
<id>9</id>
<offset>845</offset>
<length>12</length>
<class>AAA_Estimate_Person</class>
<attribute>
<name>Canonical</name>
<value>ЮРИЙ ЛУЖКОВ</value>
</attribute>
</entry>
</markup>
