﻿<markup>
<entry>
<id>1</id>
<offset>0</offset>
<length>8</length>
<class>AAA_Estimate_Person</class>
<attribute>
<name>Canonical</name>
<value>МЕДВЕДЕВ</value>
</attribute>
</entry>
<entry>
<id>2</id>
<offset>66</offset>
<length>16</length>
<class>AAA_Estimate_Person</class>
<attribute>
<name>Canonical</name>
<value>ДМИТРИЙ МЕДВЕДЕВ</value>
</attribute>
</entry>
<entry>
<id>3</id>
<offset>465</offset>
<length>8</length>
<class>AAA_Estimate_Person</class>
<attribute>
<name>Canonical</name>
<value>МЕДВЕДЕВ</value>
</attribute>
</entry>
<entry>
<id>4</id>
<offset>537</offset>
<length>8</length>
<class>AAA_Estimate_Person</class>
<attribute>
<name>Canonical</name>
<value>МЕДВЕДЕВ</value>
</attribute>
</entry>
<entry>
<id>5</id>
<offset>661</offset>
<length>17</length>
<class>AAA_Estimate_Person</class>
<attribute>
<name>Canonical</name>
<value>ВЛАДИМИР ЯКУНИН</value>
</attribute>
</entry>
<entry>
<id>6</id>
<offset>771</offset>
<length>17</length>
<class>AAA_Estimate_Person</class>
<attribute>
<name>Canonical</name>
<value>РАШИД НУРГАЛИЕВ</value>
</attribute>
</entry>
<entry>
<id>7</id>
<offset>892</offset>
<length>8</length>
<class>AAA_Estimate_Person</class>
<attribute>
<name>Canonical</name>
<value>МЕДВЕДЕВ</value>
</attribute>
</entry>
<entry>
<id>8</id>
<offset>1149</offset>
<length>8</length>
<class>AAA_Estimate_Person</class>
<attribute>
<name>Canonical</name>
<value>МЕДВЕДЕВ</value>
</attribute>
</entry>
<entry>
<id>9</id>
<offset>1671</offset>
<length>18</length>
<class>AAA_Estimate_Person</class>
<attribute>
<name>Canonical</name>
<value>ГЕННАДИЙ КУРЗЕНКОВ</value>
</attribute>
</entry>
<entry>
<id>10</id>
<offset>1766</offset>
<length>15</length>
<class>AAA_Estimate_Person</class>
<attribute>
<name>Canonical</name>
<value>АНДРЕЙ АЛЕКСЕЕВ</value>
</attribute>
</entry>
<entry>
<id>11</id>
<offset>1838</offset>
<length>18</length>
<class>AAA_Estimate_Person</class>
<attribute>
<name>Canonical</name>
<value>АЛЕКСАНДР ТРУШАНИН</value>
</attribute>
</entry>
<entry>
<id>12</id>
<offset>1881</offset>
<length>16</length>
<class>AAA_Estimate_Person</class>
<attribute>
<name>Canonical</name>
<value>АЛЕКСАНДР БУДЦОВ</value>
</attribute>
</entry>
<entry>
<id>13</id>
<offset>1900</offset>
<length>18</length>
<class>AAA_Estimate_Person</class>
<attribute>
<name>Canonical</name>
<value>АЛЕКСАНДР ДЕГТЕРЕВ</value>
</attribute>
</entry>
</markup>
