﻿<markup>
<entry>
<id>1</id>
<offset>0</offset>
<length>14</length>
<class>AAA_Estimate_Person</class>
<attribute>
<name>Canonical</name>
<value>ЮРИЙ КОВАЛЬЧУК</value>
</attribute>
</entry>
<entry>
<id>2</id>
<offset>67</offset>
<length>14</length>
<class>AAA_Estimate_Person</class>
<attribute>
<name>Canonical</name>
<value>ЮРИЙ КОВАЛЬЧУК</value>
</attribute>
</entry>
<entry>
<id>3</id>
<offset>102</offset>
<length>17</length>
<class>AAA_Estimate_Person</class>
<attribute>
<name>Canonical</name>
<value>РОМАН АБРАМОВИЧ</value>
</attribute>
</entry>
<entry>
<id>4</id>
<offset>336</offset>
<length>10</length>
<class>AAA_Estimate_Person</class>
<attribute>
<name>Canonical</name>
<value>АБРАМОВИЧ</value>
</attribute>
</entry>
<entry>
<id>5</id>
<offset>484</offset>
<length>10</length>
<class>AAA_Estimate_Person</class>
<attribute>
<name>Canonical</name>
<value>КОВАЛЬЧУК</value>
</attribute>
</entry>
<entry>
<id>6</id>
<offset>853</offset>
<length>9</length>
<class>AAA_Estimate_Person</class>
<attribute>
<name>Canonical</name>
<value>ДЖОН МАНН</value>
</attribute>
</entry>
<entry>
<id>7</id>
<offset>894</offset>
<length>10</length>
<class>AAA_Estimate_Person</class>
<attribute>
<name>Canonical</name>
<value>КОВАЛЬЧУК</value>
</attribute>
</entry>
<entry>
<id>8</id>
<offset>1016</offset>
<length>4</length>
<class>AAA_Estimate_Person</class>
<attribute>
<name>Canonical</name>
<value>МАНН</value>
</attribute>
</entry>
<entry>
<id>9</id>
<offset>1065</offset>
<length>9</length>
<class>AAA_Estimate_Person</class>
<attribute>
<name>Canonical</name>
<value>КОВАЛЬЧУК</value>
</attribute>
</entry>
<entry>
<id>10</id>
<offset>1190</offset>
<length>10</length>
<class>AAA_Estimate_Person</class>
<attribute>
<name>Canonical</name>
<value>АБРАМОВИЧ</value>
</attribute>
</entry>
<entry>
<id>11</id>
<offset>1305</offset>
<length>10</length>
<class>AAA_Estimate_Person</class>
<attribute>
<name>Canonical</name>
<value>АБРАМОВИЧ</value>
</attribute>
</entry>
<entry>
<id>12</id>
<offset>1349</offset>
<length>17</length>
<class>AAA_Estimate_Person</class>
<attribute>
<name>Canonical</name>
<value>БОРИС БЕРЕЗОВСКИЙ</value>
</attribute>
</entry>
<entry>
<id>13</id>
<offset>1424</offset>
<length>11</length>
<class>AAA_Estimate_Person</class>
<attribute>
<name>Canonical</name>
<value>БЕРЕЗОВСКИЙ</value>
</attribute>
</entry>
<entry>
<id>14</id>
<offset>1496</offset>
<length>10</length>
<class>AAA_Estimate_Person</class>
<attribute>
<name>Canonical</name>
<value>АБРАМОВИЧ</value>
</attribute>
</entry>
</markup>
