﻿<markup>
<entry>
<id>1</id>
<offset>0</offset>
<length>9</length>
<class>AAA_Estimate_Person</class>
<attribute>
<name>Canonical</name>
<value>С СОБЯНИН</value>
</attribute>
</entry>
<entry>
<id>2</id>
<offset>128</offset>
<length>14</length>
<class>AAA_Estimate_Person</class>
<attribute>
<name>Canonical</name>
<value>СЕРГЕЙ СОБЯНИН</value>
</attribute>
</entry>
<entry>
<id>3</id>
<offset>219</offset>
<length>18</length>
<class>AAA_Estimate_Person</class>
<attribute>
<name>Canonical</name>
<value>ЕВГЕНИЙ ПАНТЕЛЕЕВ</value>
</attribute>
</entry>
<entry>
<id>4</id>
<offset>351</offset>
<length>11</length>
<class>AAA_Estimate_Person</class>
<attribute>
<name>Canonical</name>
<value>Е ПАНТЕЛЕЕВ</value>
</attribute>
</entry>
<entry>
<id>5</id>
<offset>635</offset>
<length>12</length>
<class>AAA_Estimate_Person</class>
<attribute>
<name>Canonical</name>
<value>Е ПАНТЕЛЕЕВ</value>
</attribute>
</entry>
<entry>
<id>6</id>
<offset>648</offset>
<length>16</length>
<class>AAA_Estimate_Person</class>
<attribute>
<name>Canonical</name>
<value>ЕВГЕНИЙ БАЛАШОВ</value>
</attribute>
</entry>
<entry>
<id>7</id>
<offset>794</offset>
<length>9</length>
<class>AAA_Estimate_Person</class>
<attribute>
<name>Canonical</name>
<value>С СОБЯНИН</value>
</attribute>
</entry>
<entry>
<id>8</id>
<offset>827</offset>
<length>11</length>
<class>AAA_Estimate_Person</class>
<attribute>
<name>Canonical</name>
<value>НЕЛЯ ЛЯННАЯ</value>
</attribute>
</entry>
<entry>
<id>9</id>
<offset>963</offset>
<length>16</length>
<class>AAA_Estimate_Person</class>
<attribute>
<name>Canonical</name>
<value>НИКОЛАЙ ТРИФОНОВ</value>
</attribute>
</entry>
</markup>
