﻿<markup>
<entry>
<id>1</id>
<offset>280</offset>
<length>15</length>
<class>AAA_Estimate_Person</class>
<attribute>
<name>Canonical</name>
<value>АЛЕКСАНДР БОКОВ</value>
</attribute>
</entry>
<entry>
<id>2</id>
<offset>327</offset>
<length>17</length>
<class>AAA_Estimate_Person</class>
<attribute>
<name>Canonical</name>
<value>ВЛАДИМИР МАРКИН</value>
</attribute>
</entry>
<entry>
<id>3</id>
<offset>465</offset>
<length>5</length>
<class>AAA_Estimate_Person</class>
<attribute>
<name>Canonical</name>
<value>БОКОВ</value>
</attribute>
</entry>
<entry>
<id>4</id>
<offset>540</offset>
<length>7</length>
<class>AAA_Estimate_Person</class>
<attribute>
<name>Canonical</name>
<value>МАРКИН</value>
</attribute>
</entry>
<entry>
<id>5</id>
<offset>675</offset>
<length>6</length>
<class>AAA_Estimate_Person</class>
<attribute>
<name>Canonical</name>
<value>БОКОВ</value>
</attribute>
</entry>
<entry>
<id>6</id>
<offset>947</offset>
<length>7</length>
<class>AAA_Estimate_Person</class>
<attribute>
<name>Canonical</name>
<value>БОКОВ</value>
</attribute>
</entry>
<entry>
<id>7</id>
<offset>1067</offset>
<length>6</length>
<class>AAA_Estimate_Person</class>
<attribute>
<name>Canonical</name>
<value>БОКОВ</value>
</attribute>
</entry>
<entry>
<id>8</id>
<offset>1154</offset>
<length>14</length>
<class>AAA_Estimate_Person</class>
<attribute>
<name>Canonical</name>
<value>МИХАИЛ КРЕЙМЕР</value>
</attribute>
</entry>
<entry>
<id>9</id>
<offset>1197</offset>
<length>15</length>
<class>AAA_Estimate_Person</class>
<attribute>
<name>Canonical</name>
<value>СЕРГЕЙ СТЕПАНОВ</value>
</attribute>
</entry>
<entry>
<id>11</id>
<offset>1348</offset>
<length>5</length>
<class>AAA_Estimate_Person</class>
<attribute>
<name>Canonical</name>
<value>БОКОВ</value>
</attribute>
</entry>
<entry>
<id>12</id>
<offset>1981</offset>
<length>6</length>
<class>AAA_Estimate_Person</class>
<attribute>
<name>Canonical</name>
<value>БОКОВ</value>
</attribute>
</entry>
</markup>
