﻿<markup>
<entry>
<id>1</id>
<offset>6</offset>
<length>9</length>
<class>AAA_Estimate_Person</class>
<attribute>
<name>Canonical</name>
<value>РЕМОРЕНКО</value>
</attribute>
</entry>
<entry>
<id>2</id>
<offset>33</offset>
<length>8</length>
<class>AAA_Estimate_Person</class>
<attribute>
<name>Canonical</name>
<value>КАГАНОВ</value>
</attribute>
</entry>
<entry>
<id>3</id>
<offset>77</offset>
<length>15</length>
<class>AAA_Estimate_Person</class>
<attribute>
<name>Canonical</name>
<value>ИГОРЬ РЕМОРЕНКО</value>
</attribute>
</entry>
<entry>
<id>4</id>
<offset>233</offset>
<length>15</length>
<class>AAA_Estimate_Person</class>
<attribute>
<name>Canonical</name>
<value>ИГОРЬ РЕМОРЕНКО</value>
</attribute>
</entry>
<entry>
<id>5</id>
<offset>361</offset>
<length>16</length>
<class>AAA_Estimate_Person</class>
<attribute>
<name>Canonical</name>
<value>ВЕНИАМИН КАГАНОВ</value>
</attribute>
</entry>
<entry>
<id>6</id>
<offset>415</offset>
<length>9</length>
<class>AAA_Estimate_Person</class>
<attribute>
<name>Canonical</name>
<value>РЕМОРЕНКО</value>
</attribute>
</entry>
<entry>
<id>7</id>
<offset>501</offset>
<length>9</length>
<class>AAA_Estimate_Person</class>
<attribute>
<name>Canonical</name>
<value>РЕМОРЕНКО</value>
</attribute>
</entry>
<entry>
<id>8</id>
<offset>570</offset>
<length>7</length>
<class>AAA_Estimate_Person</class>
<attribute>
<name>Canonical</name>
<value>КАГАНОВ</value>
</attribute>
</entry>
<entry>
<id>9</id>
<offset>708</offset>
<length>9</length>
<class>AAA_Estimate_Person</class>
<attribute>
<name>Canonical</name>
<value>РЕМОРЕНКО</value>
</attribute>
</entry>
<entry>
<id>10</id>
<offset>856</offset>
<length>7</length>
<class>AAA_Estimate_Person</class>
<attribute>
<name>Canonical</name>
<value>КАГАНОВ</value>
</attribute>
</entry>
</markup>
