﻿<markup>
<entry>
<id>1</id>
<offset>2</offset>
<length>10</length>
<class>AAA_Estimate_Person</class>
<attribute>
<name>Canonical</name>
<value>КЕВИН РАДД</value>
</attribute>
</entry>
<entry>
<id>2</id>
<offset>79</offset>
<length>10</length>
<class>AAA_Estimate_Person</class>
<attribute>
<name>Canonical</name>
<value>КЕВИН РАДД</value>
</attribute>
</entry>
<entry>
<id>3</id>
<offset>211</offset>
<length>10</length>
<class>AAA_Estimate_Person</class>
<attribute>
<name>Canonical</name>
<value>КЕВИН РАДД</value>
</attribute>
</entry>
<entry>
<id>4</id>
<offset>319</offset>
<length>5</length>
<class>AAA_Estimate_Person</class>
<attribute>
<name>Canonical</name>
<value>РАДД</value>
</attribute>
</entry>
<entry>
<id>14</id>
<offset>405</offset>
<length>14</length>
<class>AAA_Estimate_Person</class>
<attribute>
<name>Canonical</name>
<value>ДЖУЛИЯ ГИЛЛАРД</value>
</attribute>
</entry>
<entry>
<id>5</id>
<offset>437</offset>
<length>10</length>
<class>AAA_Estimate_Person</class>
<attribute>
<name>Canonical</name>
<value>КЕВИН РАДД</value>
</attribute>
</entry>
<entry>
<id>6</id>
<offset>481</offset>
<length>10</length>
<class>AAA_Estimate_Person</class>
<attribute>
<name>Canonical</name>
<value>КЕВИН РАДД</value>
</attribute>
</entry>
<entry>
<id>7</id>
<offset>721</offset>
<length>4</length>
<class>AAA_Estimate_Person</class>
<attribute>
<name>Canonical</name>
<value>РАДД</value>
</attribute>
</entry>
<entry>
<id>8</id>
<offset>821</offset>
<length>10</length>
<class>AAA_Estimate_Person</class>
<attribute>
<name>Canonical</name>
<value>КЕВИН РАДД</value>
</attribute>
</entry>
<entry>
<id>9</id>
<offset>930</offset>
<length>14</length>
<class>AAA_Estimate_Person</class>
<attribute>
<name>Canonical</name>
<value>ДЖУЛИЯ ГИЛЛАРД</value>
</attribute>
</entry>
<entry>
<id>10</id>
<offset>1225</offset>
<length>16</length>
<class>AAA_Estimate_Person</class>
<attribute>
<name>Canonical</name>
<value>ДЖУЛИАН АССАНЖ</value>
</attribute>
</entry>
<entry>
<id>11</id>
<offset>1387</offset>
<length>16</length>
<class>AAA_Estimate_Person</class>
<attribute>
<name>Canonical</name>
<value>ДЖУЛИАН АССАНЖ</value>
</attribute>
</entry>
<entry>
<id>12</id>
<offset>1446</offset>
<length>10</length>
<class>AAA_Estimate_Person</class>
<attribute>
<name>Canonical</name>
<value>КЕВИН РАДД</value>
</attribute>
</entry>
<entry>
<id>13</id>
<offset>1468</offset>
<length>6</length>
<class>AAA_Estimate_Person</class>
<attribute>
<name>Canonical</name>
<value>АССАНЖ</value>
</attribute>
</entry>
</markup>
