﻿<markup>
<entry>
<id>1</id>
<offset>81</offset>
<length>17</length>
<class>AAA_Estimate_Person</class>
<attribute>
<name>Canonical</name>
<value>СУШИЛ КУМАР ШИНДЕ</value>
</attribute>
</entry>
<entry>
<id>2</id>
<offset>115</offset>
<length>12</length>
<class>AAA_Estimate_Person</class>
<attribute>
<name>Canonical</name>
<value>П ЧИДАМБАРАМ</value>
</attribute>
</entry>
<entry>
<id>3</id>
<offset>311</offset>
<length>11</length>
<class>AAA_Estimate_Person</class>
<attribute>
<name>Canonical</name>
<value>НАРЕШ КУМАР</value>
</attribute>
</entry>
<entry>
<id>4</id>
<offset>513</offset>
<length>18</length>
<class>AAA_Estimate_Person</class>
<attribute>
<name>Canonical</name>
<value>СУШИЛ КУМАР ШИНДЕ</value>
</attribute>
</entry>
<entry>
<id>5</id>
<offset>555</offset>
<length>13</length>
<class>AAA_Estimate_Person</class>
<attribute>
<name>Canonical</name>
<value>П ЧИДАМБАРАМ</value>
</attribute>
</entry>
<entry>
<id>6</id>
<offset>846</offset>
<length>11</length>
<class>AAA_Estimate_Person</class>
<attribute>
<name>Canonical</name>
<value>НАРЕШ КУМАР</value>
</attribute>
</entry>
<entry>
<id>7</id>
<offset>962</offset>
<length>17</length>
<class>AAA_Estimate_Person</class>
<attribute>
<name>Canonical</name>
<value>СУШИЛКУМАР ШИНДЕ</value>
</attribute>
</entry>
<entry>
<id>8</id>
<offset>982</offset>
<length>13</length>
<class>AAA_Estimate_Person</class>
<attribute>
<name>Canonical</name>
<value>П ЧИДАМБАРАМ</value>
</attribute>
</entry>
<entry>
<id>9</id>
<offset>1020</offset>
<length>12</length>
<class>AAA_Estimate_Person</class>
<attribute>
<name>Canonical</name>
<value>П ЧИДАМБАРАМ</value>
</attribute>
</entry>
<entry>
<id>10</id>
<offset>1292</offset>
<length>5</length>
<class>AAA_Estimate_Person</class>
<attribute>
<name>Canonical</name>
<value>ШИНДЕ</value>
</attribute>
</entry>
</markup>
