﻿<markup>
<entry>
<id>1</id>
<offset>111</offset>
<length>16</length>
<class>AAA_Estimate_Person</class>
<attribute>
<name>Canonical</name>
<value>АНАТОЛИЙ ГОЛОВИН</value>
</attribute>
</entry>
<entry>
<id>2</id>
<offset>216</offset>
<length>7</length>
<class>AAA_Estimate_Person</class>
<attribute>
<name>Canonical</name>
<value>ГОЛОВИН</value>
</attribute>
</entry>
<entry>
<id>3</id>
<offset>250</offset>
<length>15</length>
<class>AAA_Estimate_Person</class>
<attribute>
<name>Canonical</name>
<value>ВИКТОР ЯНУКОВИЧ</value>
</attribute>
</entry>
<entry>
<id>4</id>
<offset>331</offset>
<length>15</length>
<class>AAA_Estimate_Person</class>
<attribute>
<name>Canonical</name>
<value>АНДРЕЙ СТРИЖАК</value>
</attribute>
</entry>
<entry>
<id>5</id>
<offset>374</offset>
<length>8</length>
<class>AAA_Estimate_Person</class>
<attribute>
<name>Canonical</name>
<value>СТРИЖАК</value>
</attribute>
</entry>
<entry>
<id>6</id>
<offset>491</offset>
<length>8</length>
<class>AAA_Estimate_Person</class>
<attribute>
<name>Canonical</name>
<value>ГОЛОВИН</value>
</attribute>
</entry>
<entry>
<id>7</id>
<offset>698</offset>
<length>17</length>
<class>AAA_Estimate_Person</class>
<attribute>
<name>Canonical</name>
<value>ГЕННАДИЙ ВАСИЛЬЕВ</value>
</attribute>
</entry>
<entry>
<id>8</id>
<offset>732</offset>
<length>7</length>
<class>AAA_Estimate_Person</class>
<attribute>
<name>Canonical</name>
<value>ГОЛОВИН</value>
</attribute>
</entry>
</markup>
