﻿<markup>
<entry>
<id>1</id>
<offset>29</offset>
<length>17</length>
<class>AAA_Estimate_Person</class>
<attribute>
<name>Canonical</name>
<value>АНДРЕЙ НИКОЛАЕНКО</value>
</attribute>
</entry>
<entry>
<id>2</id>
<offset>215</offset>
<length>15</length>
<class>AAA_Estimate_Person</class>
<attribute>
<name>Canonical</name>
<value>ВИКТОР ЯНУКОВИЧ</value>
</attribute>
</entry>
<entry>
<id>3</id>
<offset>240</offset>
<length>17</length>
<class>AAA_Estimate_Person</class>
<attribute>
<name>Canonical</name>
<value>АНДРЕЙ НИКОЛАЕНКО</value>
</attribute>
</entry>
<entry>
<id>4</id>
<offset>479</offset>
<length>13</length>
<class>AAA_Estimate_Person</class>
<attribute>
<name>Canonical</name>
<value>СЕРГЕЙ ЛАРИН</value>
</attribute>
</entry>
<entry>
<id>5</id>
<offset>582</offset>
<length>8</length>
<class>AAA_Estimate_Person</class>
<attribute>
<name>Canonical</name>
<value>ЯНУКОВИЧ</value>
</attribute>
</entry>
<entry>
<id>12</id>
<offset>600</offset>
<length>8</length>
<class>AAA_ESTIMATE_Person</class>
<attribute>
<name>Canonical</name>
<value>ЯКИМЕНКО</value>
</attribute>
</entry>
<entry>
<id>11</id>
<offset>627</offset>
<length>8</length>
<class>AAA_Estimate_Person</class>
<attribute>
<name>Canonical</name>
<value>КАЛИНИН</value>
</attribute>
</entry>
<entry>
<id>6</id>
<offset>648</offset>
<length>17</length>
<class>AAA_Estimate_Person</class>
<attribute>
<name>Canonical</name>
<value>АНДРЕЙ НИКОЛАЕНКО</value>
</attribute>
</entry>
<entry>
<id>7</id>
<offset>725</offset>
<length>17</length>
<class>AAA_Estimate_Person</class>
<attribute>
<name>Canonical</name>
<value>АНДРЕЙ НИКОЛАЕНКО</value>
</attribute>
</entry>
<entry>
<id>8</id>
<offset>1251</offset>
<length>8</length>
<class>AAA_Estimate_Person</class>
<attribute>
<name>Canonical</name>
<value>ЯНУКОВИЧ</value>
</attribute>
</entry>
<entry>
<id>9</id>
<offset>1269</offset>
<length>6</length>
<class>AAA_Estimate_Person</class>
<attribute>
<name>Canonical</name>
<value>ГЕРМАН</value>
</attribute>
</entry>
<entry>
<id>10</id>
<offset>1278</offset>
<length>13</length>
<class>AAA_Estimate_Person</class>
<attribute>
<name>Canonical</name>
<value>СКУБАШЕВСКИЙ</value>
</attribute>
</entry>
</markup>
