﻿<markup>
<entry>
<id>1</id>
<offset>370</offset>
<length>11</length>
<class>AAA_Estimate_Person</class>
<attribute>
<name>Canonical</name>
<value>ИГОРЬ ДЕМИН</value>
</attribute>
</entry>
<entry>
<id>2</id>
<offset>418</offset>
<length>6</length>
<class>AAA_Estimate_Person</class>
<attribute>
<name>Canonical</name>
<value>ДЕМИН</value>
</attribute>
</entry>
<entry>
<id>3</id>
<offset>681</offset>
<length>5</length>
<class>AAA_Estimate_Person</class>
<attribute>
<name>Canonical</name>
<value>ДЕМИН</value>
</attribute>
</entry>
<entry>
<id>4</id>
<offset>1323</offset>
<length>16</length>
<class>AAA_Estimate_Person</class>
<attribute>
<name>Canonical</name>
<value>ВЛАДИМИР ПУТИН</value>
</attribute>
</entry>
<entry>
<id>5</id>
<offset>1342</offset>
<length>19</length>
<class>AAA_Estimate_Person</class>
<attribute>
<name>Canonical</name>
<value>МИХАИЛ МЯСНИКОВИЧ</value>
</attribute>
</entry>
<entry>
<id>6</id>
<offset>1373</offset>
<length>6</length>
<class>AAA_Estimate_Person</class>
<attribute>
<name>Canonical</name>
<value>ПУТИН</value>
</attribute>
</entry>
</markup>
