﻿<markup>
<entry>
<id>1</id>
<offset>14</offset>
<length>16</length>
<class>AAA_Estimate_Person</class>
<attribute>
<name>Canonical</name>
<value>ЛЕОНИД НЕВЗЛИН</value>
</attribute>
</entry>
<entry>
<id>2</id>
<offset>126</offset>
<length>16</length>
<class>AAA_Estimate_Person</class>
<attribute>
<name>Canonical</name>
<value>ЛЕОНИД НЕВЗЛИН</value>
</attribute>
</entry>
<entry>
<id>3</id>
<offset>415</offset>
<length>16</length>
<class>AAA_Estimate_Person</class>
<attribute>
<name>Canonical</name>
<value>ЛЕОНИД НЕВЗЛИН</value>
</attribute>
</entry>
<entry>
<id>4</id>
<offset>674</offset>
<length>24</length>
<class>AAA_Estimate_Person</class>
<attribute>
<name>Canonical</name>
<value>ЛЕОНИД БОРИСОВИЧ НЕВЗЛИН</value>
</attribute>
</entry>
<entry>
<id>5</id>
<offset>1242</offset>
<length>14</length>
<class>AAA_Estimate_Person</class>
<attribute>
<name>Canonical</name>
<value>ЛЕОНИД НЕВЗЛИН</value>
</attribute>
</entry>
<entry>
<id>6</id>
<offset>1862</offset>
<length>14</length>
<class>AAA_Estimate_Person</class>
<attribute>
<name>Canonical</name>
<value>ЛЕОНИД НЕВЗЛИН</value>
</attribute>
</entry>
<entry>
<id>7</id>
<offset>2781</offset>
<length>14</length>
<class>AAA_Estimate_Person</class>
<attribute>
<name>Canonical</name>
<value>ЛЕОНИД НЕВЗЛИН</value>
</attribute>
</entry>
<entry>
<id>16</id>
<offset>3031</offset>
<length>12</length>
<class>AItem</class>
<attribute>
<name>Canonical</name>
<value>ХОДОРКОВСКИЙ</value>
</attribute>
</entry>
<entry>
<id>10</id>
<offset>3354</offset>
<length>14</length>
<class>AAA_Estimate_Person</class>
<attribute>
<name>Canonical</name>
<value>ЛЕОНИД НЕВЗЛИН</value>
</attribute>
</entry>
<entry>
<id>9</id>
<offset>3507</offset>
<length>14</length>
<class>AAA_Estimate_Person</class>
<attribute>
<name>Canonical</name>
<value>ЛЕОНИД НЕВЗЛИН</value>
</attribute>
</entry>
<entry>
<id>17</id>
<offset>3617</offset>
<length>8</length>
<class>AAA_Estimate_Person</class>
<attribute>
<name>Canonical</name>
<value>НЕВЗЛИН</value>
</attribute>
</entry>
<entry>
<id>11</id>
<offset>3912</offset>
<length>16</length>
<class>AAA_Estimate_Person</class>
<attribute>
<name>Canonical</name>
<value>ЛЕОНИД НЕВЗЛИН</value>
</attribute>
</entry>
<entry>
<id>18</id>
<offset>4071</offset>
<length>8</length>
<class>AAA_Estimate_Person</class>
<attribute>
<name>Canonical</name>
<value>НЕВЗЛИН</value>
</attribute>
</entry>
<entry>
<id>12</id>
<offset>4362</offset>
<length>14</length>
<class>AAA_Estimate_Person</class>
<attribute>
<name>Canonical</name>
<value>ЕВГЕНИЙ РЫБИН</value>
</attribute>
</entry>
<entry>
<id>13</id>
<offset>4436</offset>
<length>13</length>
<class>AAA_Estimate_Person</class>
<attribute>
<name>Canonical</name>
<value>ОЛЬГА КОСТИНА</value>
</attribute>
</entry>
<entry>
<id>14</id>
<offset>4486</offset>
<length>16</length>
<class>AAA_Estimate_Person</class>
<attribute>
<name>Canonical</name>
<value>ВИКТОР КОЛЕСОВ</value>
</attribute>
</entry>
<entry>
<id>15</id>
<offset>4567</offset>
<length>7</length>
<class>AAA_Estimate_Person</class>
<attribute>
<name>Canonical</name>
<value>НЕВЗЛИН</value>
</attribute>
</entry>
</markup>
