﻿<markup>
<entry>
<id>1</id>
<offset>0</offset>
<length>10</length>
<class>AAA_Estimate_Person</class>
<attribute>
<name>Canonical</name>
<value>Д МЕДВЕДЕВ</value>
</attribute>
</entry>
<entry>
<id>2</id>
<offset>81</offset>
<length>16</length>
<class>AAA_Estimate_Person</class>
<attribute>
<name>Canonical</name>
<value>ДМИТРИЙ МЕДВЕДЕВ</value>
</attribute>
</entry>
<entry>
<id>3</id>
<offset>172</offset>
<length>20</length>
<class>AAA_Estimate_Person</class>
<attribute>
<name>Canonical</name>
<value>АЛЕКСАНДР ПИСКУНОВ</value>
</attribute>
</entry>
<entry>
<id>4</id>
<offset>322</offset>
<length>13</length>
<class>AAA_Estimate_Person</class>
<attribute>
<name>Canonical</name>
<value>АНДРЕЙ КОШКИН</value>
</attribute>
</entry>
<entry>
<id>5</id>
<offset>414</offset>
<length>10</length>
<class>AAA_Estimate_Person</class>
<attribute>
<name>Canonical</name>
<value>Д МЕДВЕДЕВ</value>
</attribute>
</entry>
<entry>
<id>6</id>
<offset>463</offset>
<length>14</length>
<class>AAA_Estimate_Person</class>
<attribute>
<name>Canonical</name>
<value>СЕРГЕЙ ЕСИПОВ</value>
</attribute>
</entry>
<entry>
<id>7</id>
<offset>578</offset>
<length>18</length>
<class>AAA_Estimate_Person</class>
<attribute>
<name>Canonical</name>
<value>ГЕННАДИЙ НАРЖОНКОВ</value>
</attribute>
</entry>
<entry>
<id>8</id>
<offset>677</offset>
<length>17</length>
<class>AAA_Estimate_Person</class>
<attribute>
<name>Canonical</name>
<value>ВЛАДИСЛАВ ЦАТУРОВ</value>
</attribute>
</entry>
<entry>
<id>9</id>
<offset>702</offset>
<length>14</length>
<class>AAA_Estimate_Person</class>
<attribute>
<name>Canonical</name>
<value>ВАЛЕРИЙ ТЕЛЮХА</value>
</attribute>
</entry>
<entry>
<id>10</id>
<offset>1017</offset>
<length>21</length>
<class>AAA_Estimate_Person</class>
<attribute>
<name>Canonical</name>
<value>АЛЕКСАНДР КОНОВАЛОВ</value>
</attribute>
</entry>
<entry>
<id>11</id>
<offset>1138</offset>
<length>18</length>
<class>AAA_Estimate_Person</class>
<attribute>
<name>Canonical</name>
<value>СЕРГЕЙ МАГНИТСКИЙ</value>
</attribute>
</entry>
<entry>
<id>12</id>
<offset>1353</offset>
<length>13</length>
<class>AAA_Estimate_Person</class>
<attribute>
<name>Canonical</name>
<value>С МАГНИТСКИЙ</value>
</attribute>
</entry>
</markup>
