﻿<markup>
<entry>
<id>1</id>
<offset>20</offset>
<length>6</length>
<class>AAA_Estimate_Person</class>
<attribute>
<name>Canonical</name>
<value>ЖУРОВА</value>
</attribute>
</entry>
<entry>
<id>2</id>
<offset>161</offset>
<length>18</length>
<class>AAA_Estimate_Person</class>
<attribute>
<name>Canonical</name>
<value>ВЯЧЕСЛАВ НИКОНОВ</value>
</attribute>
</entry>
<entry>
<id>3</id>
<offset>342</offset>
<length>16</length>
<class>AAA_Estimate_Person</class>
<attribute>
<name>Canonical</name>
<value>СВЕТЛАНА ЖУРОВА</value>
</attribute>
</entry>
<entry>
<id>4</id>
<offset>527</offset>
<length>16</length>
<class>AAA_Estimate_Person</class>
<attribute>
<name>Canonical</name>
<value>ВЯЧЕСЛАВ НИКОНОВ</value>
</attribute>
</entry>
<entry>
<id>5</id>
<offset>598</offset>
<length>6</length>
<class>AAA_Estimate_Person</class>
<attribute>
<name>Canonical</name>
<value>ЖУРОВА</value>
</attribute>
</entry>
<entry>
<id>6</id>
<offset>771</offset>
<length>12</length>
<class>AAA_Estimate_Person</class>
<attribute>
<name>Canonical</name>
<value>НИКИТА БЕЛЫХ</value>
</attribute>
</entry>
<entry>
<id>7</id>
<offset>865</offset>
<length>19</length>
<class>AAA_Estimate_Person</class>
<attribute>
<name>Canonical</name>
<value>РАМАЗАН АБДУЛАТИПОВ</value>
</attribute>
</entry>
</markup>
