﻿<markup>
<entry>
<id>1</id>
<offset>1248</offset>
<length>16</length>
<class>AAA_Estimate_Person</class>
<attribute>
<name>Canonical</name>
<value>ДМИТРИЙ МЕДВЕДЕВ</value>
</attribute>
</entry>
<entry>
<id>2</id>
<offset>1577</offset>
<length>13</length>
<class>AAA_Estimate_Person</class>
<attribute>
<name>Canonical</name>
<value>ИГОРЬ ЮСУФОВ</value>
</attribute>
</entry>
<entry>
<id>3</id>
<offset>1754</offset>
<length>6</length>
<class>AAA_Estimate_Person</class>
<attribute>
<name>Canonical</name>
<value>ЮСУФОВ</value>
</attribute>
</entry>
<entry>
<id>6</id>
<offset>1945</offset>
<length>5</length>
<class>AAA_Estimate_Person</class>
<attribute>
<name>Canonical</name>
<value>ПУТИН</value>
</attribute>
</entry>
<entry>
<id>7</id>
<offset>1955</offset>
<length>5</length>
<class>AAA_Estimate_Person</class>
<attribute>
<name>Canonical</name>
<value>СЕЧИН</value>
</attribute>
</entry>
<entry>
<id>4</id>
<offset>1969</offset>
<length>7</length>
<class>AAA_Estimate_Person</class>
<attribute>
<name>Canonical</name>
<value>ЮСУФОВ</value>
</attribute>
</entry>
<entry>
<id>5</id>
<offset>2065</offset>
<length>15</length>
<class>AAA_Estimate_Person</class>
<attribute>
<name>Canonical</name>
<value>ИГОРЬ ЮСУФОВ</value>
</attribute>
</entry>
<entry>
<id>13</id>
<offset>2243</offset>
<length>18</length>
<class>AAA_Estimate_Person</class>
<attribute>
<name>Canonical</name>
<value>СТАНИСЛАВ ЦЫГАНКОВ</value>
</attribute>
</entry>
<entry>
<id>11</id>
<offset>2291</offset>
<length>12</length>
<class>AAA_Estimate_Person</class>
<attribute>
<name>Canonical</name>
<value>ЮРИЙ КОМАРОВ</value>
</attribute>
</entry>
<entry>
<id>8</id>
<offset>2426</offset>
<length>6</length>
<class>AAA_Estimate_Person</class>
<attribute>
<name>Canonical</name>
<value>СЕЧИН</value>
</attribute>
</entry>
<entry>
<id>17</id>
<offset>2440</offset>
<length>7</length>
<class>AAA_Estimate_Person</class>
<attribute>
<name>Canonical</name>
<value>МИЛЛЕР</value>
</attribute>
</entry>
<entry>
<id>16</id>
<offset>2482</offset>
<length>8</length>
<class>AAA_Estimate_Person</class>
<attribute>
<name>Canonical</name>
<value>КОМАРОВ</value>
</attribute>
</entry>
<entry>
<id>14</id>
<offset>2495</offset>
<length>9</length>
<class>AAA_Estimate_Person</class>
<attribute>
<name>Canonical</name>
<value>ЦЫГАНКОВ</value>
</attribute>
</entry>
<entry>
<id>15</id>
<offset>2614</offset>
<length>8</length>
<class>AAA_Estimate_Person</class>
<attribute>
<name>Canonical</name>
<value>ЦЫГАНКОВ</value>
</attribute>
</entry>
<entry>
<id>12</id>
<offset>2625</offset>
<length>7</length>
<class>AAA_Estimate_Person</class>
<attribute>
<name>Canonical</name>
<value>КОМАРОВ</value>
</attribute>
</entry>
<entry>
<id>10</id>
<offset>2699</offset>
<length>11</length>
<class>AAA_Estimate_Person</class>
<attribute>
<name>Canonical</name>
<value>ИГОРЬ СЕЧИН</value>
</attribute>
</entry>
<entry>
<id>9</id>
<offset>3016</offset>
<length>11</length>
<class>AAA_Estimate_Person</class>
<attribute>
<name>Canonical</name>
<value>ИГОРЬ СЕЧИН</value>
</attribute>
</entry>
<entry>
<id>18</id>
<offset>3204</offset>
<length>13</length>
<class>AAA_Estimate_Person</class>
<attribute>
<name>Canonical</name>
<value>СЕРГЕЙ ШМАТКО</value>
</attribute>
</entry>
<entry>
<id>19</id>
<offset>4400</offset>
<length>21</length>
<class>AAA_Estimate_Person</class>
<attribute>
<name>Canonical</name>
<value>ХОДЖАТОЛЛА ГАНИМИФАРД</value>
</attribute>
</entry>
<entry>
<id>20</id>
<offset>4462</offset>
<length>19</length>
<class>AAA_Estimate_Person</class>
<attribute>
<name>Canonical</name>
<value>МОХАММАД-АЛИ ХАТИБИ</value>
</attribute>
</entry>
</markup>
