﻿<markup>
<entry>
<id>1</id>
<offset>327</offset>
<length>13</length>
<class>AAA_Estimate_Person</class>
<attribute>
<name>Canonical</name>
<value>ДЭВИД КЭМЕРОН</value>
</attribute>
</entry>
<entry>
<id>2</id>
<offset>372</offset>
<length>14</length>
<class>AAA_Estimate_Person</class>
<attribute>
<name>Canonical</name>
<value>ГОРДОН БРАУН</value>
</attribute>
</entry>
<entry>
<id>3</id>
<offset>1017</offset>
<length>7</length>
<class>AAA_Estimate_Person</class>
<attribute>
<name>Canonical</name>
<value>КЭМЕРОН</value>
</attribute>
</entry>
<entry>
<id>4</id>
<offset>1110</offset>
<length>20</length>
<class>AAA_Estimate_Person</class>
<attribute>
<name>Canonical</name>
<value>РОБЕРТ БАНКС-ДЖОНСОН</value>
</attribute>
</entry>
<entry>
<id>5</id>
<offset>1152</offset>
<length>9</length>
<class>AAA_Estimate_Person</class>
<attribute>
<name>Canonical</name>
<value>ТОНИ БЛЭР</value>
</attribute>
</entry>
<entry>
<id>6</id>
<offset>1248</offset>
<length>13</length>
<class>AAA_Estimate_Person</class>
<attribute>
<name>Canonical</name>
<value>ДЭВИД КАМЕРОН</value>
</attribute>
</entry>
<entry>
<id>7</id>
<offset>1362</offset>
<length>9</length>
<class>AAA_Estimate_Person</class>
<attribute>
<name>Canonical</name>
<value>НИК КЛЕГГ</value>
</attribute>
</entry>
<entry>
<id>8</id>
<offset>1593</offset>
<length>15</length>
<class>AAA_Estimate_Person</class>
<attribute>
<name>Canonical</name>
<value>ДЭВИД КАМЕРОН</value>
</attribute>
</entry>
<entry>
<id>9</id>
<offset>1621</offset>
<length>13</length>
<class>AAA_Estimate_Person</class>
<attribute>
<name>Canonical</name>
<value>ДЖОРДЖ ОСБОРН</value>
</attribute>
</entry>
<entry>
<id>10</id>
<offset>1695</offset>
<length>11</length>
<class>AAA_Estimate_Person</class>
<attribute>
<name>Canonical</name>
<value>УИЛЬЯМ ХЭЙГ</value>
</attribute>
</entry>
<entry>
<id>11</id>
<offset>1735</offset>
<length>9</length>
<class>AAA_Estimate_Person</class>
<attribute>
<name>Canonical</name>
<value>ЛИАМ ФОКС</value>
</attribute>
</entry>
<entry>
<id>12</id>
<offset>1749</offset>
<length>7</length>
<class>AAA_Estimate_Person</class>
<attribute>
<name>Canonical</name>
<value>КЭМЕРОН</value>
</attribute>
</entry>
<entry>
<id>13</id>
<offset>1882</offset>
<length>9</length>
<class>AAA_Estimate_Person</class>
<attribute>
<name>Canonical</name>
<value>НИК КЛЕГГ</value>
</attribute>
</entry>
<entry>
<id>14</id>
<offset>2049</offset>
<length>12</length>
<class>AAA_Estimate_Person</class>
<attribute>
<name>Canonical</name>
<value>ЕЛИЗАВЕТА {II}</value>
</attribute>
</entry>
<entry>
<id>16</id>
<offset>2084</offset>
<length>15</length>
<class>AAA_Estimate_Person</class>
<attribute>
<name>Canonical</name>
<value>ДЭВИД КАМЕРОН</value>
</attribute>
</entry>
<entry>
<id>17</id>
<offset>2110</offset>
<length>11</length>
<class>AAA_Estimate_Person</class>
<attribute>
<name>Canonical</name>
<value>БАРАК ОБАМА</value>
</attribute>
</entry>
<entry>
<id>18</id>
<offset>2242</offset>
<length>7</length>
<class>AAA_Estimate_Person</class>
<attribute>
<name>Canonical</name>
<value>КЭМЕРОН</value>
</attribute>
</entry>
<entry>
<id>19</id>
<offset>2252</offset>
<length>5</length>
<class>AAA_Estimate_Person</class>
<attribute>
<name>Canonical</name>
<value>КЛЕГГ</value>
</attribute>
</entry>
<entry>
<id>20</id>
<offset>2347</offset>
<length>14</length>
<class>AAA_Estimate_Person</class>
<attribute>
<name>Canonical</name>
<value>ГОРДОН БРАУН</value>
</attribute>
</entry>
<entry>
<id>21</id>
<offset>2384</offset>
<length>10</length>
<class>AAA_Estimate_Person</class>
<attribute>
<name>Canonical</name>
<value>ТОНИ БЛЭР</value>
</attribute>
</entry>
<entry>
<id>22</id>
<offset>2409</offset>
<length>7</length>
<class>AAA_Estimate_Person</class>
<attribute>
<name>Canonical</name>
<value>КЭМЕРОН</value>
</attribute>
</entry>
<entry>
<id>23</id>
<offset>2548</offset>
<length>12</length>
<class>AAA_Estimate_Person</class>
<attribute>
<name>Canonical</name>
<value>ГОРДОН БРАУН</value>
</attribute>
</entry>
<entry>
<id>24</id>
<offset>2869</offset>
<length>12</length>
<class>AAA_Estimate_Person</class>
<attribute>
<name>Canonical</name>
<value>ЕЛИЗАВЕТА {II}</value>
</attribute>
</entry>
</markup>
