﻿<markup>
<entry>
<id>1</id>
<offset>293</offset>
<length>14</length>
<class>AAA_Estimate_Person</class>
<attribute>
<name>Canonical</name>
<value>СЕРГЕЙ ШАТАЛОВ</value>
</attribute>
</entry>
<entry>
<id>2</id>
<offset>936</offset>
<length>7</length>
<class>AAA_Estimate_Person</class>
<attribute>
<name>Canonical</name>
<value>ШАТАЛОВ</value>
</attribute>
</entry>
<entry>
<id>3</id>
<offset>1154</offset>
<length>7</length>
<class>AAA_Estimate_Person</class>
<attribute>
<name>Canonical</name>
<value>ШАТАЛОВ</value>
</attribute>
</entry>
</markup>
