﻿<markup>
<entry>
<id>1</id>
<offset>98</offset>
<length>15</length>
<class>AAA_Estimate_Person</class>
<attribute>
<name>Canonical</name>
<value>МИХАИЛ ЕРМОЛАЕВ</value>
</attribute>
</entry>
<entry>
<id>2</id>
<offset>256</offset>
<length>8</length>
<class>AAA_Estimate_Person</class>
<attribute>
<name>Canonical</name>
<value>ЕРМОЛАЕВ</value>
</attribute>
</entry>
<entry>
<id>3</id>
<offset>506</offset>
<length>17</length>
<class>AAA_Estimate_Person</class>
<attribute>
<name>Canonical</name>
<value>МИХАИЛ ЕРМОЛАЕВ</value>
</attribute>
</entry>
<entry>
<id>4</id>
<offset>524</offset>
<length>12</length>
<class>AAA_Estimate_Person</class>
<attribute>
<name>Canonical</name>
<value>АННА УВАРОВА</value>
</attribute>
</entry>
<entry>
<id>5</id>
<offset>806</offset>
<length>18</length>
<class>AAA_Estimate_Person</class>
<attribute>
<name>Canonical</name>
<value>ВЛАДИМИР ГУБАРЕВ</value>
</attribute>
</entry>
<entry>
<id>6</id>
<offset>930</offset>
<length>13</length>
<class>AAA_Estimate_Person</class>
<attribute>
<name>Canonical</name>
<value>ПАВЕЛ МИРОНОВ</value>
</attribute>
</entry>
<entry>
<id>7</id>
<offset>1096</offset>
<length>7</length>
<class>AAA_Estimate_Person</class>
<attribute>
<name>Canonical</name>
<value>МИРОНОВ</value>
</attribute>
</entry>
<entry>
<id>8</id>
<offset>1333</offset>
<length>9</length>
<class>AAA_Estimate_Person</class>
<attribute>
<name>Canonical</name>
<value>ЕРМОЛАЕВ</value>
</attribute>
</entry>
<entry>
<id>9</id>
<offset>1695</offset>
<length>17</length>
<class>AAA_Estimate_Person</class>
<attribute>
<name>Canonical</name>
<value>МИХАИЛ ПРОХОРОВ</value>
</attribute>
</entry>
</markup>
