﻿<markup>
<entry>
<id>1</id>
<offset>87</offset>
<length>21</length>
<class>AAA_Estimate_Person</class>
<attribute>
<name>Canonical</name>
<value>ДЭЙВ БИНГ (DAVE BING)</value>
</attribute>
</entry>
<entry>
<id>2</id>
<offset>157</offset>
<length>4</length>
<class>AAA_Estimate_Person</class>
<attribute>
<name>Canonical</name>
<value>БИНГ</value>
</attribute>
</entry>
<entry>
<id>3</id>
<offset>232</offset>
<length>30</length>
<class>AAA_Estimate_Person</class>
<attribute>
<name>Canonical</name>
<value>КЕН КОКРЕЛ (KEN COCKREL JR.)</value>
</attribute>
</entry>
<entry>
<id>4</id>
<offset>336</offset>
<length>16</length>
<class>AAA_Estimate_Person</class>
<attribute>
<name>Canonical</name>
<value>КВАМЕ КИЛПАТРИК</value>
</attribute>
</entry>
<entry>
<id>5</id>
<offset>356</offset>
<length>4</length>
<class>AAA_Estimate_Person</class>
<attribute>
<name>Canonical</name>
<value>БИНГ</value>
</attribute>
</entry>
<entry>
<id>6</id>
<offset>364</offset>
<length>6</length>
<class>AAA_Estimate_Person</class>
<attribute>
<name>Canonical</name>
<value>КОКРЕЛ</value>
</attribute>
</entry>
<entry>
<id>7</id>
<offset>448</offset>
<length>5</length>
<class>AAA_Estimate_Person</class>
<attribute>
<name>Canonical</name>
<value>БИНГ</value>
</attribute>
</entry>
<entry>
<id>8</id>
<offset>525</offset>
<length>7</length>
<class>AAA_Estimate_Person</class>
<attribute>
<name>Canonical</name>
<value>КОКРЕЛ</value>
</attribute>
</entry>
<entry>
<id>9</id>
<offset>624</offset>
<length>10</length>
<class>AAA_Estimate_Person</class>
<attribute>
<name>Canonical</name>
<value>КИЛПАТРИК</value>
</attribute>
</entry>
<entry>
<id>11</id>
<offset>819</offset>
<length>9</length>
<class>AAA_Estimate_Person</class>
<attribute>
<name>Canonical</name>
<value>КИЛПАТРИК</value>
</attribute>
</entry>
<entry>
<id>12</id>
<offset>902</offset>
<length>4</length>
<class>AAA_Estimate_Person</class>
<attribute>
<name>Canonical</name>
<value>БИНГ</value>
</attribute>
</entry>
<entry>
<id>13</id>
<offset>1010</offset>
<length>6</length>
<class>AAA_Estimate_Person</class>
<attribute>
<name>Canonical</name>
<value>КОКРЕЛ</value>
</attribute>
</entry>
<entry>
<id>14</id>
<offset>1030</offset>
<length>10</length>
<class>AAA_Estimate_Person</class>
<attribute>
<name>Canonical</name>
<value>КИЛПАТРИК</value>
</attribute>
</entry>
</markup>
