﻿<markup>
<entry>
<id>1</id>
<offset>63</offset>
<length>8</length>
<class>AAA_Estimate_Person</class>
<attribute>
<name>Canonical</name>
<value>Ф МБАЗАА</value>
</attribute>
</entry>
<entry>
<id>2</id>
<offset>246</offset>
<length>11</length>
<class>AAA_Estimate_Person</class>
<attribute>
<name>Canonical</name>
<value>ФУАД МБАЗАА</value>
</attribute>
</entry>
<entry>
<id>3</id>
<offset>281</offset>
<length>15</length>
<class>AAA_Estimate_Person</class>
<attribute>
<name>Canonical</name>
<value>МОХАМЕД ГАННУЧИ</value>
</attribute>
</entry>
<entry>
<id>4</id>
<offset>673</offset>
<length>18</length>
<class>AAA_Estimate_Person</class>
<attribute>
<name>Canonical</name>
<value>ФАТХИ АБД ЭННАТХЕР</value>
</attribute>
</entry>
<entry>
<id>5</id>
<offset>869</offset>
<length>9</length>
<class>AAA_Estimate_Person</class>
<attribute>
<name>Canonical</name>
<value>М ГАННУЧИ</value>
</attribute>
</entry>
<entry>
<id>6</id>
<offset>1093</offset>
<length>22</length>
<class>AAA_Estimate_Person</class>
<attribute>
<name>Canonical</name>
<value>ЗИН ЭЛЬ-АБИДИН БЕН АЛИ</value>
</attribute>
</entry>
<entry>
<id>7</id>
<offset>1309</offset>
<length>22</length>
<class>AAA_Estimate_Person</class>
<attribute>
<name>Canonical</name>
<value>ЗИН ЭЛЬ-АБИДИН БЕН-АЛИ</value>
</attribute>
</entry>
<entry>
<id>8</id>
<offset>1504</offset>
<length>9</length>
<class>AAA_Estimate_Person</class>
<attribute>
<name>Canonical</name>
<value>М ГАННУЧИ</value>
</attribute>
</entry>
</markup>
