﻿<markup>
<entry>
<id>1</id>
<offset>302</offset>
<length>20</length>
<class>AAA_Estimate_Person</class>
<attribute>
<name>Canonical</name>
<value>СТЕФАН ЭЛЬ-ШААРАВИ</value>
</attribute>
</entry>
<entry>
<id>2</id>
<offset>388</offset>
<length>18</length>
<class>AAA_Estimate_Person</class>
<attribute>
<name>Canonical</name>
<value>СЕБАСТЬЯН ДЖОВИНКО</value>
</attribute>
</entry>
<entry>
<id>3</id>
<offset>522</offset>
<length>13</length>
<class>AAA_Estimate_Person</class>
<attribute>
<name>Canonical</name>
<value>МИРКО ВУЧИНИЧ</value>
</attribute>
</entry>
</markup>
