﻿<markup>
<entry>
<id>1</id>
<offset>0</offset>
<length>16</length>
<class>AAA_Estimate_Person</class>
<attribute>
<name>Canonical</name>
<value>ЭДВАРД НАЛБАНДЯН</value>
</attribute>
</entry>
<entry>
<id>2</id>
<offset>105</offset>
<length>16</length>
<class>AAA_Estimate_Person</class>
<attribute>
<name>Canonical</name>
<value>ЭДВАРД НАЛБАНДЯН</value>
</attribute>
</entry>
<entry>
<id>3</id>
<offset>353</offset>
<length>16</length>
<class>AAA_Estimate_Person</class>
<attribute>
<name>Canonical</name>
<value>ЛЕОНИД КОЖАРА</value>
</attribute>
</entry>
<entry>
<id>4</id>
<offset>832</offset>
<length>15</length>
<class>AAA_Estimate_Person</class>
<attribute>
<name>Canonical</name>
<value>НАТАЛЬЯ ГЕРМАН</value>
</attribute>
</entry>
<entry>
<id>7</id>
<offset>849</offset>
<length>9</length>
<class>AAA_Estimate_Person</class>
<attribute>
<name>Canonical</name>
<value>НАЛБАНДЯН</value>
</attribute>
</entry>
<entry>
<id>5</id>
<offset>1221</offset>
<length>9</length>
<class>AAA_Estimate_Person</class>
<attribute>
<name>Canonical</name>
<value>НАЛБАНДЯН</value>
</attribute>
</entry>
<entry>
<id>6</id>
<offset>1233</offset>
<length>6</length>
<class>AAA_Estimate_Person</class>
<attribute>
<name>Canonical</name>
<value>ГЕРМАН</value>
</attribute>
</entry>
</markup>
