﻿<markup>
<entry>
<id>1</id>
<offset>81</offset>
<length>17</length>
<class>AAA_Estimate_Person</class>
<attribute>
<name>Canonical</name>
<value>ВЛАДИМИР БОЛДЫРЕВ</value>
</attribute>
</entry>
<entry>
<id>2</id>
<offset>364</offset>
<length>19</length>
<class>AAA_Estimate_Person</class>
<attribute>
<name>Canonical</name>
<value>АЛЕКСАНДР ПОСТНИКОВ</value>
</attribute>
</entry>
<entry>
<id>3</id>
<offset>492</offset>
<length>14</length>
<class>AAA_Estimate_Person</class>
<attribute>
<name>Canonical</name>
<value>АНДРЕЙ ТРЕТЬЯК</value>
</attribute>
</entry>
<entry>
<id>4</id>
<offset>553</offset>
<length>16</length>
<class>AAA_Estimate_Person</class>
<attribute>
<name>Canonical</name>
<value>СЕРГЕЙ СУРОВИКИН</value>
</attribute>
</entry>
<entry>
<id>5</id>
<offset>716</offset>
<length>15</length>
<class>AAA_Estimate_Person</class>
<attribute>
<name>Canonical</name>
<value>ВЛАДИМИР ЧИРКИН</value>
</attribute>
</entry>
<entry>
<id>6</id>
<offset>874</offset>
<length>14</length>
<class>AAA_Estimate_Person</class>
<attribute>
<name>Canonical</name>
<value>СЕРГЕЙ МАКАРОВ</value>
</attribute>
</entry>
<entry>
<id>7</id>
<offset>920</offset>
<length>16</length>
<class>AAA_Estimate_Person</class>
<attribute>
<name>Canonical</name>
<value>АЛЕКСАНДР ГАЛКИН</value>
</attribute>
</entry>
<entry>
<id>8</id>
<offset>1220</offset>
<length>14</length>
<class>AAA_Estimate_Person</class>
<attribute>
<name>Canonical</name>
<value>ИВАН БУВАЛЬЦЕВ</value>
</attribute>
</entry>
<entry>
<id>9</id>
<offset>1260</offset>
<length>10</length>
<class>AAA_Estimate_Person</class>
<attribute>
<name>Canonical</name>
<value>А ТРЕТЬЯК</value>
</attribute>
</entry>
<entry>
<id>10</id>
<offset>1385</offset>
<length>16</length>
<class>AAA_Estimate_Person</class>
<attribute>
<name>Canonical</name>
<value>СЕРГЕЙ СУРОВИКИН</value>
</attribute>
</entry>
</markup>
