﻿<markup>
<entry>
<id>1</id>
<offset>37</offset>
<length>8</length>
<class>AAA_Estimate_Person</class>
<attribute>
<name>Canonical</name>
<value>КЭМЕРОН</value>
</attribute>
</entry>
<entry>
<id>2</id>
<offset>101</offset>
<length>9</length>
<class>AAA_Estimate_Person</class>
<attribute>
<name>Canonical</name>
<value>НИК КЛЕГГ</value>
</attribute>
</entry>
<entry>
<id>3</id>
<offset>213</offset>
<length>15</length>
<class>AAA_Estimate_Person</class>
<attribute>
<name>Canonical</name>
<value>ДЭВИД КЭМЕРОН</value>
</attribute>
</entry>
<entry>
<id>4</id>
<offset>484</offset>
<length>23</length>
<class>AAA_Estimate_Person</class>
<attribute>
<name>Canonical</name>
<value>ДЭВИД ЛОУС (DAVID LAWS)</value>
</attribute>
</entry>
<entry>
<id>5</id>
<offset>525</offset>
<length>7</length>
<class>AAA_Estimate_Person</class>
<attribute>
<name>Canonical</name>
<value>КЭМЕРОН</value>
</attribute>
</entry>
<entry>
<id>6</id>
<offset>637</offset>
<length>27</length>
<class>AAA_Estimate_Person</class>
<attribute>
<name>Canonical</name>
<value>УИЛЬЯМ ХЕЙГ (WILLIAM HAGUE)</value>
</attribute>
</entry>
<entry>
<id>7</id>
<offset>718</offset>
<length>30</length>
<class>AAA_Estimate_Person</class>
<attribute>
<name>Canonical</name>
<value>ДЖОРДЖ ОСБОРН (GEORGE OSBORNE)</value>
</attribute>
</entry>
<entry>
<id>8</id>
<offset>783</offset>
<length>20</length>
<class>AAA_Estimate_Person</class>
<attribute>
<name>Canonical</name>
<value>ЛИАМ ФОКС (LIAM FOX)</value>
</attribute>
</entry>
<entry>
<id>9</id>
<offset>1280</offset>
<length>6</length>
<class>AAA_Estimate_Person</class>
<attribute>
<name>Canonical</name>
<value>КЛЕГГ</value>
</attribute>
</entry>
<entry>
<id>10</id>
<offset>1808</offset>
<length>12</length>
<class>AAA_Estimate_Person</class>
<attribute>
<name>Canonical</name>
<value>ГОРДОН БРАУН</value>
</attribute>
</entry>
</markup>
