﻿<markup>
<entry>
<id>1</id>
<offset>225</offset>
<length>15</length>
<class>AAA_Estimate_Person</class>
<attribute>
<name>Canonical</name>
<value>АШОТ СУКИАСЯН</value>
</attribute>
</entry>
<entry>
<id>2</id>
<offset>597</offset>
<length>15</length>
<class>AAA_Estimate_Person</class>
<attribute>
<name>Canonical</name>
<value>АГВАН ОВСЕПЯН</value>
</attribute>
</entry>
<entry>
<id>3</id>
<offset>773</offset>
<length>17</length>
<class>AAA_Estimate_Person</class>
<attribute>
<name>Canonical</name>
<value>ТИГРАН САРКИСЯН</value>
</attribute>
</entry>
<entry>
<id>4</id>
<offset>854</offset>
<length>16</length>
<class>AAA_Estimate_Person</class>
<attribute>
<name>Canonical</name>
<value>НАВАСАРД КЧОЯН</value>
</attribute>
</entry>
<entry>
<id>5</id>
<offset>1150</offset>
<length>15</length>
<class>AAA_Estimate_Person</class>
<attribute>
<name>Canonical</name>
<value>ТИГРАН САРКИСЯН</value>
</attribute>
</entry>
<entry>
<id>6</id>
<offset>1406</offset>
<length>15</length>
<class>AAA_Estimate_Person</class>
<attribute>
<name>Canonical</name>
<value>ТИГРАН САРКИСЯН</value>
</attribute>
</entry>
<entry>
<id>7</id>
<offset>1435</offset>
<length>14</length>
<class>AAA_Estimate_Person</class>
<attribute>
<name>Canonical</name>
<value>НАВАСАРД КЧОЯН</value>
</attribute>
</entry>
<entry>
<id>8</id>
<offset>1483</offset>
<length>13</length>
<class>AAA_Estimate_Person</class>
<attribute>
<name>Canonical</name>
<value>АШОТ СУКИАСЯН</value>
</attribute>
</entry>
<entry>
<id>9</id>
<offset>1650</offset>
<length>18</length>
<class>AAA_Estimate_Person</class>
<attribute>
<name>Canonical</name>
<value>ПАЙЛАК АЙРАПЕТЯН</value>
</attribute>
</entry>
<entry>
<id>10</id>
<offset>1728</offset>
<length>8</length>
<class>AAA_Estimate_Person</class>
<attribute>
<name>Canonical</name>
<value>САРКИСЯН</value>
</attribute>
</entry>
<entry>
<id>11</id>
<offset>2059</offset>
<length>15</length>
<class>AAA_Estimate_Person</class>
<attribute>
<name>Canonical</name>
<value>НИКОЛ ПАШИНЯН</value>
</attribute>
</entry>
<entry>
<id>12</id>
<offset>2302</offset>
<length>8</length>
<class>AAA_Estimate_Person</class>
<attribute>
<name>Canonical</name>
<value>САРКИСЯН</value>
</attribute>
</entry>
</markup>
