﻿<markup>
<entry>
<id>1</id>
<offset>0</offset>
<length>5</length>
<class>AAA_Estimate_Person</class>
<attribute>
<name>Canonical</name>
<value>ОБАМА</value>
</attribute>
</entry>
<entry>
<id>2</id>
<offset>62</offset>
<length>11</length>
<class>AAA_Estimate_Person</class>
<attribute>
<name>Canonical</name>
<value>БАРАК ОБАМА</value>
</attribute>
</entry>
<entry>
<id>3</id>
<offset>289</offset>
<length>33</length>
<class>AAA_Estimate_Person</class>
<attribute>
<name>Canonical</name>
<value>ДЖЕФФРИ ИММЕЛЬТ (JEFFREY IMMELT)</value>
</attribute>
</entry>
<entry>
<id>4</id>
<offset>324</offset>
<length>5</length>
<class>AAA_Estimate_Person</class>
<attribute>
<name>Canonical</name>
<value>ОБАМА</value>
</attribute>
</entry>
<entry>
<id>5</id>
<offset>362</offset>
<length>8</length>
<class>AAA_Estimate_Person</class>
<attribute>
<name>Canonical</name>
<value>ИММЕЛЬТ</value>
</attribute>
</entry>
<entry>
<id>6</id>
<offset>588</offset>
<length>6</length>
<class>AAA_Estimate_Person</class>
<attribute>
<name>Canonical</name>
<value>ОБАМА</value>
</attribute>
</entry>
<entry>
<id>7</id>
<offset>815</offset>
<length>7</length>
<class>AAA_Estimate_Person</class>
<attribute>
<name>Canonical</name>
<value>ИММЕЛЬТ</value>
</attribute>
</entry>
<entry>
<id>8</id>
<offset>928</offset>
<length>10</length>
<class>AAA_Estimate_Person</class>
<attribute>
<name>Canonical</name>
<value>ПОЛ ВОЛКЕР</value>
</attribute>
</entry>
<entry>
<id>9</id>
<offset>981</offset>
<length>7</length>
<class>AAA_Estimate_Person</class>
<attribute>
<name>Canonical</name>
<value>ИММЕЛЬТ</value>
</attribute>
</entry>
<entry>
<id>10</id>
<offset>1170</offset>
<length>5</length>
<class>AAA_Estimate_Person</class>
<attribute>
<name>Canonical</name>
<value>ОБАМА</value>
</attribute>
</entry>
<entry>
<id>11</id>
<offset>1188</offset>
<length>7</length>
<class>AAA_Estimate_Person</class>
<attribute>
<name>Canonical</name>
<value>ИММЕЛЬТ</value>
</attribute>
</entry>
</markup>
