﻿<markup>
<entry>
<id>1</id>
<offset>39</offset>
<length>9</length>
<class>AAA_Estimate_Person</class>
<attribute>
<name>Canonical</name>
<value>ЛУКАШЕНКО</value>
</attribute>
</entry>
<entry>
<id>2</id>
<offset>116</offset>
<length>19</length>
<class>AAA_Estimate_Person</class>
<attribute>
<name>Canonical</name>
<value>АЛЕКСАНДР ЛУКАШЕНКО</value>
</attribute>
</entry>
<entry>
<id>3</id>
<offset>339</offset>
<length>20</length>
<class>AAA_Estimate_Person</class>
<attribute>
<name>Canonical</name>
<value>АЛЕКСАНДР ЛУКАШЕНКО</value>
</attribute>
</entry>
<entry>
<id>4</id>
<offset>650</offset>
<length>20</length>
<class>AAA_Estimate_Person</class>
<attribute>
<name>Canonical</name>
<value>АЛЕКСАНДР ЛУКАШЕНКО</value>
</attribute>
</entry>
<entry>
<id>5</id>
<offset>795</offset>
<length>14</length>
<class>AAA_Estimate_Person</class>
<attribute>
<name>Canonical</name>
<value>АНДРЕЙ САВИНЫХ</value>
</attribute>
</entry>
<entry>
<id>6</id>
<offset>903</offset>
<length>16</length>
<class>AAA_Estimate_Person</class>
<attribute>
<name>Canonical</name>
<value>ШАВАРШ КОЧАРЯН</value>
</attribute>
</entry>
<entry>
<id>7</id>
<offset>940</offset>
<length>20</length>
<class>AAA_Estimate_Person</class>
<attribute>
<name>Canonical</name>
<value>АЛЕКСАНДР ЛУКАШЕНКО</value>
</attribute>
</entry>
<entry>
<id>19</id>
<offset>1070</offset>
<length>7</length>
<class>AAA_Estimate_Person</class>
<attribute>
<name>Canonical</name>
<value>КОЧАРЯН</value>
</attribute>
</entry>
<entry>
<id>8</id>
<offset>1190</offset>
<length>31</length>
<class>AAA_Estimate_Person</class>
<attribute>
<name>Canonical</name>
<value>АЛЕКСАНДР ГРИГОРЬЕВИЧ ЛУКАШЕНКО</value>
</attribute>
</entry>
<entry>
<id>9</id>
<offset>1446</offset>
<length>20</length>
<class>AAA_Estimate_Person</class>
<attribute>
<name>Canonical</name>
<value>АЛЕКСАНДР ЛУКАШЕНКО</value>
</attribute>
</entry>
<entry>
<id>10</id>
<offset>1519</offset>
<length>9</length>
<class>AAA_Estimate_Person</class>
<attribute>
<name>Canonical</name>
<value>ЛУКАШЕНКО</value>
</attribute>
</entry>
<entry>
<id>11</id>
<offset>1617</offset>
<length>9</length>
<class>AAA_Estimate_Person</class>
<attribute>
<name>Canonical</name>
<value>ЛУКАШЕНКО</value>
</attribute>
</entry>
<entry>
<id>12</id>
<offset>1789</offset>
<length>20</length>
<class>AAA_Estimate_Person</class>
<attribute>
<name>Canonical</name>
<value>АЛЕКСАНДР ЛУКАШЕНКО</value>
</attribute>
</entry>
<entry>
<id>13</id>
<offset>1958</offset>
<length>9</length>
<class>AAA_Estimate_Person</class>
<attribute>
<name>Canonical</name>
<value>ЛУКАШЕНКО</value>
</attribute>
</entry>
<entry>
<id>14</id>
<offset>2241</offset>
<length>16</length>
<class>AAA_Estimate_Person</class>
<attribute>
<name>Canonical</name>
<value>ИЛЬХАМ АЛИЕВ</value>
</attribute>
</entry>
<entry>
<id>15</id>
<offset>2588</offset>
<length>9</length>
<class>AAA_Estimate_Person</class>
<attribute>
<name>Canonical</name>
<value>ЛУКАШЕНКО</value>
</attribute>
</entry>
<entry>
<id>16</id>
<offset>2735</offset>
<length>17</length>
<class>AAA_Estimate_Person</class>
<attribute>
<name>Canonical</name>
<value>НИКОЛАЙ ЛУКАШЕНКО</value>
</attribute>
</entry>
<entry>
<id>17</id>
<offset>2755</offset>
<length>17</length>
<class>AAA_Estimate_Person</class>
<attribute>
<name>Canonical</name>
<value>ВИКТОР ЛУКАШЕНКО</value>
</attribute>
</entry>
<entry>
<id>18</id>
<offset>2890</offset>
<length>9</length>
<class>AAA_Estimate_Person</class>
<attribute>
<name>Canonical</name>
<value>ЛУКАШЕНКО</value>
</attribute>
</entry>
</markup>
