﻿<markup>
<entry>
<id>1</id>
<offset>0</offset>
<length>10</length>
<class>AAA_Estimate_Person</class>
<attribute>
<name>Canonical</name>
<value>М ПРОХОРОВ</value>
</attribute>
</entry>
<entry>
<id>2</id>
<offset>52</offset>
<length>12</length>
<class>AAA_Estimate_Person</class>
<attribute>
<name>Canonical</name>
<value>Л ПОНОМАРЕВ</value>
</attribute>
</entry>
<entry>
<id>3</id>
<offset>107</offset>
<length>15</length>
<class>AAA_Estimate_Person</class>
<attribute>
<name>Canonical</name>
<value>МИХАИЛ ПРОХОРОВ</value>
</attribute>
</entry>
<entry>
<id>4</id>
<offset>296</offset>
<length>15</length>
<class>AAA_Estimate_Person</class>
<attribute>
<name>Canonical</name>
<value>ЛЕВ ПОНОМАРЕВ</value>
</attribute>
</entry>
<entry>
<id>5</id>
<offset>526</offset>
<length>10</length>
<class>AAA_Estimate_Person</class>
<attribute>
<name>Canonical</name>
<value>М ПРОХОРОВ</value>
</attribute>
</entry>
<entry>
<id>6</id>
<offset>604</offset>
<length>15</length>
<class>AAA_Estimate_Person</class>
<attribute>
<name>Canonical</name>
<value>ЛЕВ ПОНОМАРЕВ</value>
</attribute>
</entry>
<entry>
<id>7</id>
<offset>1066</offset>
<length>15</length>
<class>AAA_Estimate_Person</class>
<attribute>
<name>Canonical</name>
<value>ЛЕВ ПОНОМАРЕВ</value>
</attribute>
</entry>
<entry>
<id>8</id>
<offset>1132</offset>
<length>16</length>
<class>AAA_Estimate_Person</class>
<attribute>
<name>Canonical</name>
<value>СЕРГЕЙ МИТРОХИН</value>
</attribute>
</entry>
<entry>
<id>9</id>
<offset>1165</offset>
<length>12</length>
<class>AAA_Estimate_Person</class>
<attribute>
<name>Canonical</name>
<value>Л ПОНОМАРЕВ</value>
</attribute>
</entry>
<entry>
<id>10</id>
<offset>1226</offset>
<length>16</length>
<class>AAA_Estimate_Person</class>
<attribute>
<name>Canonical</name>
<value>ВИТАЛИЙ ШУШКЕВИЧ</value>
</attribute>
</entry>
<entry>
<id>11</id>
<offset>1248</offset>
<length>10</length>
<class>AAA_Estimate_Person</class>
<attribute>
<name>Canonical</name>
<value>С МИТРОХИН</value>
</attribute>
</entry>
<entry>
<id>12</id>
<offset>1353</offset>
<length>15</length>
<class>AAA_Estimate_Person</class>
<attribute>
<name>Canonical</name>
<value>ЛЕВ ПОНОМАРЕВ</value>
</attribute>
</entry>
<entry>
<id>13</id>
<offset>1734</offset>
<length>14</length>
<class>AAA_Estimate_Person</class>
<attribute>
<name>Canonical</name>
<value>ВЛАДИМИР ЛУКИН</value>
</attribute>
</entry>
<entry>
<id>14</id>
<offset>1982</offset>
<length>7</length>
<class>AAA_Estimate_Person</class>
<attribute>
<name>Canonical</name>
<value>В ЛУКИН</value>
</attribute>
</entry>
</markup>
