﻿<markup>
<entry>
<id>1</id>
<offset>292</offset>
<length>15</length>
<class>AAA_Estimate_Person</class>
<attribute>
<name>Canonical</name>
<value>СЕРГЕЙ СТЕПАШИН</value>
</attribute>
</entry>
<entry>
<id>2</id>
<offset>407</offset>
<length>16</length>
<class>AAA_Estimate_Person</class>
<attribute>
<name>Canonical</name>
<value>ВАЛЕРИЙ СЕРДЮКОВ</value>
</attribute>
</entry>
<entry>
<id>3</id>
<offset>443</offset>
<length>8</length>
<class>AAA_Estimate_Person</class>
<attribute>
<name>Canonical</name>
<value>СТЕПАШИН</value>
</attribute>
</entry>
<entry>
<id>4</id>
<offset>667</offset>
<length>9</length>
<class>AAA_Estimate_Person</class>
<attribute>
<name>Canonical</name>
<value>СТЕПАШИН</value>
</attribute>
</entry>
<entry>
<id>5</id>
<offset>1039</offset>
<length>16</length>
<class>AAA_Estimate_Person</class>
<attribute>
<name>Canonical</name>
<value>ВАЛЕРИЙ СЕРДЮКОВ</value>
</attribute>
</entry>
<entry>
<id>6</id>
<offset>1399</offset>
<length>8</length>
<class>AAA_Estimate_Person</class>
<attribute>
<name>Canonical</name>
<value>СЕРДЮКОВ</value>
</attribute>
</entry>
<entry>
<id>7</id>
<offset>1667</offset>
<length>16</length>
<class>AAA_Estimate_Person</class>
<attribute>
<name>Canonical</name>
<value>ВАДИМ СЕРДЮКОВ</value>
</attribute>
</entry>
<entry>
<id>8</id>
<offset>1713</offset>
<length>14</length>
<class>AAA_Estimate_Person</class>
<attribute>
<name>Canonical</name>
<value>ДЕНИС СЕРДЮКОВ</value>
</attribute>
</entry>
<entry>
<id>9</id>
<offset>2136</offset>
<length>16</length>
<class>AAA_Estimate_Person</class>
<attribute>
<name>Canonical</name>
<value>ВАЛЕРИЙ СЕРДЮКОВ</value>
</attribute>
</entry>
<entry>
<id>10</id>
<offset>2298</offset>
<length>14</length>
<class>AAA_Estimate_Person</class>
<attribute>
<name>Canonical</name>
<value>ВАДИМ СЕРДЮКОВ</value>
</attribute>
</entry>
<entry>
<id>11</id>
<offset>2356</offset>
<length>5</length>
<class>AAA_Estimate_Person</class>
<attribute>
<name>Canonical</name>
<value>ДЕНИС</value>
</attribute>
</entry>
<entry>
<id>12</id>
<offset>2399</offset>
<length>16</length>
<class>AAA_Estimate_Person</class>
<attribute>
<name>Canonical</name>
<value>ВАЛЕРИЙ СЕРДЮКОВ</value>
</attribute>
</entry>
</markup>
