﻿<markup>
<entry>
<id>1</id>
<offset>113</offset>
<length>19</length>
<class>AAA_Estimate_Person</class>
<attribute>
<name>Canonical</name>
<value>КАРЛ-ФРИДРИХ ШТРАКЕ</value>
</attribute>
</entry>
<entry>
<id>2</id>
<offset>317</offset>
<length>10</length>
<class>AAA_Estimate_Person</class>
<attribute>
<name>Canonical</name>
<value>НИК РЕЙЛИ</value>
</attribute>
</entry>
<entry>
<id>3</id>
<offset>493</offset>
<length>19</length>
<class>AAA_Estimate_Person</class>
<attribute>
<name>Canonical</name>
<value>КАРЛ-ФРИДРИХ ШТРАКЕ</value>
</attribute>
</entry>
<entry>
<id>4</id>
<offset>893</offset>
<length>6</length>
<class>AAA_Estimate_Person</class>
<attribute>
<name>Canonical</name>
<value>ШТРАКЕ</value>
</attribute>
</entry>
<entry>
<id>5</id>
<offset>996</offset>
<length>6</length>
<class>AAA_Estimate_Person</class>
<attribute>
<name>Canonical</name>
<value>ШТРАКЕ</value>
</attribute>
</entry>
<entry>
<id>6</id>
<offset>1097</offset>
<length>14</length>
<class>AAA_Estimate_Person</class>
<attribute>
<name>Canonical</name>
<value>ДЖОН КАЛАБРЕЗЕ</value>
</attribute>
</entry>
</markup>
