﻿<markup>
<entry>
<id>1</id>
<offset>48</offset>
<length>6</length>
<class>AAA_Estimate_Person</class>
<attribute>
<name>Canonical</name>
<value>ГАЛДИН</value>
</attribute>
</entry>
<entry>
<id>2</id>
<offset>58</offset>
<length>16</length>
<class>AAA_Estimate_Person</class>
<attribute>
<name>Canonical</name>
<value>АЛЕКСАНДР ГАЛДИН</value>
</attribute>
</entry>
<entry>
<id>3</id>
<offset>300</offset>
<length>15</length>
<class>AAA_Estimate_Person</class>
<attribute>
<name>Canonical</name>
<value>СЕРГЕЙ ФЕДОРОВ</value>
</attribute>
</entry>
<entry>
<id>4</id>
<offset>332</offset>
<length>7</length>
<class>AAA_Estimate_Person</class>
<attribute>
<name>Canonical</name>
<value>ГАЛДИН</value>
</attribute>
</entry>
<entry>
<id>5</id>
<offset>433</offset>
<length>16</length>
<class>AAA_Estimate_Person</class>
<attribute>
<name>Canonical</name>
<value>АЛЕКСАНДР ГАЛДИН</value>
</attribute>
</entry>
</markup>
