﻿<markup>
<entry>
<id>1</id>
<offset>83</offset>
<length>13</length>
<class>AAA_Estimate_Person</class>
<attribute>
<name>Canonical</name>
<value>АЛЕКСАНДР КАЦ</value>
</attribute>
</entry>
<entry>
<id>2</id>
<offset>193</offset>
<length>14</length>
<class>AAA_Estimate_Person</class>
<attribute>
<name>Canonical</name>
<value>ВЛАДИМИР ПУТИН</value>
</attribute>
</entry>
<entry>
<id>3</id>
<offset>274</offset>
<length>15</length>
<class>AAA_Estimate_Person</class>
<attribute>
<name>Canonical</name>
<value>АЛЕКСАНДР КАЦ</value>
</attribute>
</entry>
<entry>
<id>4</id>
<offset>308</offset>
<length>19</length>
<class>AAA_Estimate_Person</class>
<attribute>
<name>Canonical</name>
<value>АЛЕКСАНДР БАСУЛИН</value>
</attribute>
</entry>
<entry>
<id>5</id>
<offset>469</offset>
<length>26</length>
<class>AAA_Estimate_Person</class>
<attribute>
<name>Canonical</name>
<value>АЛЕСАНДР СЕМЕНОВИЧ КАЦ</value>
</attribute>
</entry>
<entry>
<id>6</id>
<offset>780</offset>
<length>31</length>
<class>AAA_Estimate_Person</class>
<attribute>
<name>Canonical</name>
<value>АЛЕСАНДР ЕВГЕНЬЕВИЧ БАСУЛИН</value>
</attribute>
</entry>
<entry>
<id>7</id>
<offset>1070</offset>
<length>3</length>
<class>AAA_Estimate_Person</class>
<attribute>
<name>Canonical</name>
<value>КАЦ</value>
</attribute>
</entry>
<entry>
<id>8</id>
<offset>1258</offset>
<length>7</length>
<class>AAA_Estimate_Person</class>
<attribute>
<name>Canonical</name>
<value>БАСУЛИН</value>
</attribute>
</entry>
</markup>
