﻿<markup>
<entry>
<id>1</id>
<offset>0</offset>
<length>5</length>
<class>AAA_Estimate_Person</class>
<attribute>
<name>Canonical</name>
<value>ПУТИН</value>
</attribute>
</entry>
<entry>
<id>2</id>
<offset>55</offset>
<length>7</length>
<class>AAA_Estimate_Person</class>
<attribute>
<name>Canonical</name>
<value>РОУХАНИ</value>
</attribute>
</entry>
<entry>
<id>3</id>
<offset>195</offset>
<length>14</length>
<class>AAA_Estimate_Person</class>
<attribute>
<name>Canonical</name>
<value>ВЛАДИМИР ПУТИН</value>
</attribute>
</entry>
<entry>
<id>4</id>
<offset>1114</offset>
<length>13</length>
<class>AAA_Estimate_Person</class>
<attribute>
<name>Canonical</name>
<value>ХАСАН РОУХАНИ</value>
</attribute>
</entry>
</markup>
