﻿<markup>
<entry>
<id>1</id>
<offset>30</offset>
<length>7</length>
<class>AAA_Estimate_Person</class>
<attribute>
<name>Canonical</name>
<value>ДАВЫДОВ</value>
</attribute>
</entry>
<entry>
<id>2</id>
<offset>75</offset>
<length>7</length>
<class>AAA_Estimate_Person</class>
<attribute>
<name>Canonical</name>
<value>ДАВЫДОВ</value>
</attribute>
</entry>
<entry>
<id>3</id>
<offset>104</offset>
<length>15</length>
<class>AAA_Estimate_Person</class>
<attribute>
<name>Canonical</name>
<value>ВАЛЕРИЙ ЧИССОВ</value>
</attribute>
</entry>
<entry>
<id>4</id>
<offset>257</offset>
<length>14</length>
<class>AAA_Estimate_Person</class>
<attribute>
<name>Canonical</name>
<value>МИХАИЛ ДАВЫДОВ</value>
</attribute>
</entry>
<entry>
<id>5</id>
<offset>332</offset>
<length>15</length>
<class>AAA_Estimate_Person</class>
<attribute>
<name>Canonical</name>
<value>ВАЛЕРИЙ ЧИССОВ</value>
</attribute>
</entry>
<entry>
<id>6</id>
<offset>677</offset>
<length>14</length>
<class>AAA_Estimate_Person</class>
<attribute>
<name>Canonical</name>
<value>МИХАИЛ ДАВЫДОВ</value>
</attribute>
</entry>
<entry>
<id>7</id>
<offset>907</offset>
<length>15</length>
<class>AAA_Estimate_Person</class>
<attribute>
<name>Canonical</name>
<value>ИРИНА ВАСИЛЬЕВА</value>
</attribute>
</entry>
<entry>
<id>8</id>
<offset>1065</offset>
<length>14</length>
<class>AAA_Estimate_Person</class>
<attribute>
<name>Canonical</name>
<value>ПЕТР ЯБЛОНСКИЙ</value>
</attribute>
</entry>
<entry>
<id>9</id>
<offset>1292</offset>
<length>13</length>
<class>AAA_Estimate_Person</class>
<attribute>
<name>Canonical</name>
<value>ЮРИЙ ЗИНЧЕНКО</value>
</attribute>
</entry>
<entry>
<id>10</id>
<offset>1532</offset>
<length>12</length>
<class>AAA_Estimate_Person</class>
<attribute>
<name>Canonical</name>
<value>БОРИС ИЗОТОВ</value>
</attribute>
</entry>
<entry>
<id>11</id>
<offset>1597</offset>
<length>17</length>
<class>AAA_Estimate_Person</class>
<attribute>
<name>Canonical</name>
<value>ВИКТОР САВЕЛЬЕВ</value>
</attribute>
</entry>
<entry>
<id>12</id>
<offset>1676</offset>
<length>16</length>
<class>AAA_Estimate_Person</class>
<attribute>
<name>Canonical</name>
<value>ВАЛЕРИЙ КУБЫШКИН</value>
</attribute>
</entry>
<entry>
<id>13</id>
<offset>1753</offset>
<length>14</length>
<class>AAA_Estimate_Person</class>
<attribute>
<name>Canonical</name>
<value>ЯКОВ НАКАТИС</value>
</attribute>
</entry>
<entry>
<id>14</id>
<offset>1826</offset>
<length>14</length>
<class>AAA_Estimate_Person</class>
<attribute>
<name>Canonical</name>
<value>НИКОЛАЙ ДАЙХЕС</value>
</attribute>
</entry>
<entry>
<id>15</id>
<offset>2009</offset>
<length>13</length>
<class>AAA_Estimate_Person</class>
<attribute>
<name>Canonical</name>
<value>ПЕТР ГЛЫБОЧКО</value>
</attribute>
</entry>
</markup>
