﻿<markup>
<entry>
<id>1</id>
<offset>124</offset>
<length>11</length>
<class>AAA_Estimate_Person</class>
<attribute>
<name>Canonical</name>
<value>ЮЛИЯ ЧУПИНА</value>
</attribute>
</entry>
<entry>
<id>2</id>
<offset>426</offset>
<length>13</length>
<class>AAA_Estimate_Person</class>
<attribute>
<name>Canonical</name>
<value>ВАДИМ ЛЕВИН</value>
</attribute>
</entry>
<entry>
<id>3</id>
<offset>540</offset>
<length>6</length>
<class>AAA_Estimate_Person</class>
<attribute>
<name>Canonical</name>
<value>ЛЕВИН</value>
</attribute>
</entry>
<entry>
<id>5</id>
<offset>637</offset>
<length>6</length>
<class>AAA_Estimate_Person</class>
<attribute>
<name>Canonical</name>
<value>ЧУПИНА</value>
</attribute>
</entry>
<entry>
<id>6</id>
<offset>800</offset>
<length>7</length>
<class>AAA_Estimate_Person</class>
<attribute>
<name>Canonical</name>
<value>ЧУПИНА</value>
</attribute>
</entry>
<entry>
<id>7</id>
<offset>887</offset>
<length>12</length>
<class>AAA_Estimate_Person</class>
<attribute>
<name>Canonical</name>
<value>МАКСИМ ЛУНЕВ</value>
</attribute>
</entry>
<entry>
<id>9</id>
<offset>994</offset>
<length>18</length>
<class>AAA_Estimate_Person</class>
<attribute>
<name>Canonical</name>
<value>ЕКАТЕРИНА ПЕТЕЛИНА</value>
</attribute>
</entry>
<entry>
<id>11</id>
<offset>1117</offset>
<length>6</length>
<class>AAA_Estimate_Person</class>
<attribute>
<name>Canonical</name>
<value>ЛУНЕВ</value>
</attribute>
</entry>
</markup>
