﻿<markup>
<entry>
<id>1</id>
<offset>17</offset>
<length>16</length>
<class>AAA_Estimate_Person</class>
<attribute>
<name>Canonical</name>
<value>ДМИТРИЙ МЕДВЕДЕВ</value>
</attribute>
</entry>
<entry>
<id>2</id>
<offset>245</offset>
<length>15</length>
<class>AAA_Estimate_Person</class>
<attribute>
<name>Canonical</name>
<value>БОРИС ГРЫЗЛОВ</value>
</attribute>
</entry>
<entry>
<id>3</id>
<offset>263</offset>
<length>15</length>
<class>AAA_Estimate_Person</class>
<attribute>
<name>Canonical</name>
<value>СЕРГЕЙ МИРОНОВ</value>
</attribute>
</entry>
</markup>
