﻿<markup>
<entry>
<id>2</id>
<offset>0</offset>
<length>12</length>
<class>AAA_Estimate_Person</class>
<attribute>
<name>Canonical</name>
<value>ОЛЕГ МИТВОЛЬ</value>
</attribute>
</entry>
<entry>
<id>3</id>
<offset>96</offset>
<length>12</length>
<class>AAA_Estimate_Person</class>
<attribute>
<name>Canonical</name>
<value>ОЛЕГ МИТВОЛЬ</value>
</attribute>
</entry>
<entry>
<id>5</id>
<offset>366</offset>
<length>14</length>
<class>AAA_Estimate_Person</class>
<attribute>
<name>Canonical</name>
<value>ЮРИЙ ЛУЖКОВ</value>
</attribute>
</entry>
<entry>
<id>4</id>
<offset>431</offset>
<length>13</length>
<class>AAA_Estimate_Person</class>
<attribute>
<name>Canonical</name>
<value>ОЛЕГ МИТВОЛЬ</value>
</attribute>
</entry>
<entry>
<id>10</id>
<offset>490</offset>
<length>7</length>
<class>AAA_Estimate_Person</class>
<attribute>
<name>Canonical</name>
<value>МИТВОЛЬ</value>
</attribute>
</entry>
<entry>
<id>6</id>
<offset>573</offset>
<length>11</length>
<class>AAA_Estimate_Person</class>
<attribute>
<name>Canonical</name>
<value>ЮРИЙ ЛУЖКОВ</value>
</attribute>
</entry>
<entry>
<id>11</id>
<offset>792</offset>
<length>12</length>
<class>AAA_Estimate_Person</class>
<attribute>
<name>Canonical</name>
<value>ОЛЕГ МИТВОЛЬ</value>
</attribute>
</entry>
<entry>
<id>18</id>
<offset>991</offset>
<length>7</length>
<class>AAA_Estimate_Person</class>
<attribute>
<name>Canonical</name>
<value>МИТВОЛЬ</value>
</attribute>
</entry>
<entry>
<id>19</id>
<offset>1205</offset>
<length>7</length>
<class>AAA_Estimate_Person</class>
<attribute>
<name>Canonical</name>
<value>МИТВОЛЬ</value>
</attribute>
</entry>
<entry>
<id>12</id>
<offset>1375</offset>
<length>12</length>
<class>AAA_Estimate_Person</class>
<attribute>
<name>Canonical</name>
<value>ОЛЕГ МИТВОЛЬ</value>
</attribute>
</entry>
<entry>
<id>20</id>
<offset>1480</offset>
<length>7</length>
<class>AAA_Estimate_Person</class>
<attribute>
<name>Canonical</name>
<value>МИТВОЛЬ</value>
</attribute>
</entry>
<entry>
<id>7</id>
<offset>1687</offset>
<length>14</length>
<class>AAA_Estimate_Person</class>
<attribute>
<name>Canonical</name>
<value>ЮРИЙ ЛУЖКОВ</value>
</attribute>
</entry>
<entry>
<id>13</id>
<offset>1849</offset>
<length>13</length>
<class>AAA_Estimate_Person</class>
<attribute>
<name>Canonical</name>
<value>ОЛЕГ МИТВОЛЬ</value>
</attribute>
</entry>
<entry>
<id>9</id>
<offset>1915</offset>
<length>18</length>
<class>AAA_Estimate_Person</class>
<attribute>
<name>Canonical</name>
<value>ЮРИЙ МИХАЙЛОВИЧ</value>
</attribute>
</entry>
<entry>
<id>14</id>
<offset>1997</offset>
<length>12</length>
<class>AAA_Estimate_Person</class>
<attribute>
<name>Canonical</name>
<value>ОЛЕГ МИТВОЛЬ</value>
</attribute>
</entry>
<entry>
<id>8</id>
<offset>2012</offset>
<length>11</length>
<class>AAA_Estimate_Person</class>
<attribute>
<name>Canonical</name>
<value>ЮРИЙ ЛУЖКОВ</value>
</attribute>
</entry>
<entry>
<id>15</id>
<offset>2321</offset>
<length>12</length>
<class>AAA_Estimate_Person</class>
<attribute>
<name>Canonical</name>
<value>ОЛЕГ МИТВОЛЬ</value>
</attribute>
</entry>
<entry>
<id>21</id>
<offset>2473</offset>
<length>7</length>
<class>AAA_Estimate_Person</class>
<attribute>
<name>Canonical</name>
<value>МИТВОЛЬ</value>
</attribute>
</entry>
<entry>
<id>26</id>
<offset>2516</offset>
<length>16</length>
<class>AAA_Estimate_Person</class>
<attribute>
<name>Canonical</name>
<value>ФАЗИЛЬ ИЗМАЙЛОВ</value>
</attribute>
</entry>
<entry>
<id>28</id>
<offset>2591</offset>
<length>18</length>
<class>AAA_Estimate_Person</class>
<attribute>
<name>Canonical</name>
<value>ТЕЛЬМАН ИСМАИЛОВ</value>
</attribute>
</entry>
<entry>
<id>27</id>
<offset>2787</offset>
<length>15</length>
<class>AAA_Estimate_Person</class>
<attribute>
<name>Canonical</name>
<value>ФАЗИЛЬ ИЗМАЙЛОВ</value>
</attribute>
</entry>
<entry>
<id>22</id>
<offset>2946</offset>
<length>7</length>
<class>AAA_Estimate_Person</class>
<attribute>
<name>Canonical</name>
<value>МИТВОЛЬ</value>
</attribute>
</entry>
<entry>
<id>29</id>
<offset>3241</offset>
<length>16</length>
<class>AAA_Estimate_Person</class>
<attribute>
<name>Canonical</name>
<value>ЮРИЙ ХАРДИКОВ</value>
</attribute>
</entry>
<entry>
<id>30</id>
<offset>3426</offset>
<length>9</length>
<class>AAA_Estimate_Person</class>
<attribute>
<name>Canonical</name>
<value>ХАРДИКОВ</value>
</attribute>
</entry>
<entry>
<id>31</id>
<offset>3723</offset>
<length>19</length>
<class>AAA_Estimate_Person</class>
<attribute>
<name>Canonical</name>
<value>РОСТИСЛАВ ТУРОВСКИЙ</value>
</attribute>
</entry>
<entry>
<id>23</id>
<offset>3887</offset>
<length>7</length>
<class>AAA_Estimate_Person</class>
<attribute>
<name>Canonical</name>
<value>МИТВОЛЬ</value>
</attribute>
</entry>
<entry>
<id>16</id>
<offset>3999</offset>
<length>12</length>
<class>AAA_Estimate_Person</class>
<attribute>
<name>Canonical</name>
<value>ОЛЕГ МИТВОЛЬ</value>
</attribute>
</entry>
<entry>
<id>24</id>
<offset>4166</offset>
<length>7</length>
<class>AAA_Estimate_Person</class>
<attribute>
<name>Canonical</name>
<value>МИТВОЛЬ</value>
</attribute>
</entry>
<entry>
<id>17</id>
<offset>4392</offset>
<length>12</length>
<class>AAA_Estimate_Person</class>
<attribute>
<name>Canonical</name>
<value>ОЛЕГ МИТВОЛЬ</value>
</attribute>
</entry>
<entry>
<id>25</id>
<offset>4584</offset>
<length>7</length>
<class>AAA_Estimate_Person</class>
<attribute>
<name>Canonical</name>
<value>МИТВОЛЬ</value>
</attribute>
</entry>
</markup>
