﻿<markup>
<entry>
<id>1</id>
<offset>2</offset>
<length>8</length>
<class>AAA_Estimate_Person</class>
<attribute>
<name>Canonical</name>
<value>ЯНУКОВИЧ</value>
</attribute>
</entry>
<entry>
<id>2</id>
<offset>20</offset>
<length>8</length>
<class>AAA_Estimate_Person</class>
<attribute>
<name>Canonical</name>
<value>ЯКИМЕНКО</value>
</attribute>
</entry>
<entry>
<id>3</id>
<offset>175</offset>
<length>15</length>
<class>AAA_Estimate_Person</class>
<attribute>
<name>Canonical</name>
<value>ВИКТОР ЯНУКОВИЧ</value>
</attribute>
</entry>
<entry>
<id>4</id>
<offset>200</offset>
<length>19</length>
<class>AAA_Estimate_Person</class>
<attribute>
<name>Canonical</name>
<value>АЛЕКСАНДР ЯКИМЕНКО</value>
</attribute>
</entry>
<entry>
<id>5</id>
<offset>373</offset>
<length>15</length>
<class>AAA_Estimate_Person</class>
<attribute>
<name>Canonical</name>
<value>ВИКТОР ЯНУКОВИЧ</value>
</attribute>
</entry>
<entry>
<id>6</id>
<offset>396</offset>
<length>19</length>
<class>AAA_Estimate_Person</class>
<attribute>
<name>Canonical</name>
<value>АЛЕКСАНДР ЯКИМЕНКО</value>
</attribute>
</entry>
<entry>
<id>7</id>
<offset>652</offset>
<length>12</length>
<class>AAA_Estimate_Person</class>
<attribute>
<name>Canonical</name>
<value>СЕРГЕЙ ЛАРИН</value>
</attribute>
</entry>
<entry>
<id>8</id>
<offset>750</offset>
<length>8</length>
<class>AAA_Estimate_Person</class>
<attribute>
<name>Canonical</name>
<value>ЯНУКОВИЧ</value>
</attribute>
</entry>
<entry>
<id>9</id>
<offset>766</offset>
<length>14</length>
<class>AAA_Estimate_Person</class>
<attribute>
<name>Canonical</name>
<value>ИГОРЬ КАЛИНИН</value>
</attribute>
</entry>
<entry>
<id>10</id>
<offset>810</offset>
<length>8</length>
<class>AAA_Estimate_Person</class>
<attribute>
<name>Canonical</name>
<value>ЯНУКОВИЧ</value>
</attribute>
</entry>
<entry>
<id>11</id>
<offset>828</offset>
<length>8</length>
<class>AAA_Estimate_Person</class>
<attribute>
<name>Canonical</name>
<value>КАЛИНИН</value>
</attribute>
</entry>
<entry>
<id>12</id>
<offset>880</offset>
<length>7</length>
<class>AAA_Estimate_Person</class>
<attribute>
<name>Canonical</name>
<value>КАЛИНИН</value>
</attribute>
</entry>
<entry>
<id>13</id>
<offset>1036</offset>
<length>8</length>
<class>AAA_Estimate_Person</class>
<attribute>
<name>Canonical</name>
<value>ЯНУКОВИЧ</value>
</attribute>
</entry>
<entry>
<id>14</id>
<offset>1050</offset>
<length>7</length>
<class>AAA_Estimate_Person</class>
<attribute>
<name>Canonical</name>
<value>АЗАРОВ</value>
</attribute>
</entry>
<entry>
<id>15</id>
<offset>1059</offset>
<length>8</length>
<class>AAA_Estimate_Person</class>
<attribute>
<name>Canonical</name>
<value>КАЛИНИН</value>
</attribute>
</entry>
<entry>
<id>16</id>
<offset>1070</offset>
<length>9</length>
<class>AAA_Estimate_Person</class>
<attribute>
<name>Canonical</name>
<value>ЛЕВОЧКИН</value>
</attribute>
</entry>
<entry>
<id>17</id>
<offset>1134</offset>
<length>18</length>
<class>AAA_Estimate_Person</class>
<attribute>
<name>Canonical</name>
<value>АЛЕКСАНДР ЯКИМЕНКО</value>
</attribute>
</entry>
<entry>
<id>18</id>
<offset>1744</offset>
<length>20</length>
<class>AAA_Estimate_Person</class>
<attribute>
<name>Canonical</name>
<value>ВЛАДИМИР РОКИТСКИЙ</value>
</attribute>
</entry>
</markup>
