﻿<markup>
<entry>
<id>1</id>
<offset>0</offset>
<length>11</length>
<class>AAA_Estimate_Person</class>
<attribute>
<name>Canonical</name>
<value>БАРАК ОБАМА</value>
</attribute>
</entry>
<entry>
<id>2</id>
<offset>25</offset>
<length>19</length>
<class>AAA_Estimate_Person</class>
<attribute>
<name>Canonical</name>
<value>МИХАИЛ СААКАШВИЛИ</value>
</attribute>
</entry>
<entry>
<id>3</id>
<offset>62</offset>
<length>11</length>
<class>AAA_Estimate_Person</class>
<attribute>
<name>Canonical</name>
<value>БАРАК ОБАМА</value>
</attribute>
</entry>
<entry>
<id>4</id>
<offset>91</offset>
<length>10</length>
<class>AAA_Estimate_Person</class>
<attribute>
<name>Canonical</name>
<value>ДЖО БАЙДЕН</value>
</attribute>
</entry>
<entry>
<id>5</id>
<offset>160</offset>
<length>19</length>
<class>AAA_Estimate_Person</class>
<attribute>
<name>Canonical</name>
<value>МИХАИЛ СААКАШВИЛИ</value>
</attribute>
</entry>
<entry>
<id>6</id>
<offset>274</offset>
<length>16</length>
<class>AAA_Estimate_Person</class>
<attribute>
<name>Canonical</name>
<value>РИЧАРД ХОЛБРУК</value>
</attribute>
</entry>
<entry>
<id>7</id>
<offset>596</offset>
<length>5</length>
<class>AAA_Estimate_Person</class>
<attribute>
<name>Canonical</name>
<value>ОБАМА</value>
</attribute>
</entry>
<entry>
<id>8</id>
<offset>621</offset>
<length>10</length>
<class>AAA_Estimate_Person</class>
<attribute>
<name>Canonical</name>
<value>СААКАШВИЛИ</value>
</attribute>
</entry>
<entry>
<id>9</id>
<offset>670</offset>
<length>8</length>
<class>AAA_Estimate_Person</class>
<attribute>
<name>Canonical</name>
<value>ХОЛБРУК</value>
</attribute>
</entry>
</markup>
