﻿<markup>
<entry>
<id>1</id>
<offset>0</offset>
<length>4</length>
<class>AAA_Estimate_Person</class>
<attribute>
<name>Canonical</name>
<value>БЛЭР</value>
</attribute>
</entry>
<entry>
<id>2</id>
<offset>100</offset>
<length>9</length>
<class>AAA_Estimate_Person</class>
<attribute>
<name>Canonical</name>
<value>ТОНИ БЛЭР</value>
</attribute>
</entry>
<entry>
<id>3</id>
<offset>445</offset>
<length>14</length>
<class>AAA_Estimate_Person</class>
<attribute>
<name>Canonical</name>
<value>ПИТЕР ГОЛДСМИТ</value>
</attribute>
</entry>
<entry>
<id>4</id>
<offset>713</offset>
<length>4</length>
<class>AAA_Estimate_Person</class>
<attribute>
<name>Canonical</name>
<value>БЛЭР</value>
</attribute>
</entry>
<entry>
<id>5</id>
<offset>755</offset>
<length>9</length>
<class>AAA_Estimate_Person</class>
<attribute>
<name>Canonical</name>
<value>ГОЛДСМИТ</value>
</attribute>
</entry>
<entry>
<id>6</id>
<offset>848</offset>
<length>4</length>
<class>AAA_Estimate_Person</class>
<attribute>
<name>Canonical</name>
<value>БЛЭР</value>
</attribute>
</entry>
<entry>
<id>7</id>
<offset>984</offset>
<length>8</length>
<class>AAA_Estimate_Person</class>
<attribute>
<name>Canonical</name>
<value>ГОЛДСМИТ</value>
</attribute>
</entry>
<entry>
<id>8</id>
<offset>1222</offset>
<length>8</length>
<class>AAA_Estimate_Person</class>
<attribute>
<name>Canonical</name>
<value>ГОЛДСМИТ</value>
</attribute>
</entry>
<entry>
<id>9</id>
<offset>1320</offset>
<length>4</length>
<class>AAA_Estimate_Person</class>
<attribute>
<name>Canonical</name>
<value>БЛЭР</value>
</attribute>
</entry>
<entry>
<id>10</id>
<offset>1394</offset>
<length>9</length>
<class>AAA_Estimate_Person</class>
<attribute>
<name>Canonical</name>
<value>ТОНИ БЛЭР</value>
</attribute>
</entry>
<entry>
<id>11</id>
<offset>1504</offset>
<length>8</length>
<class>AAA_Estimate_Person</class>
<attribute>
<name>Canonical</name>
<value>ГОЛДСМИТ</value>
</attribute>
</entry>
<entry>
<id>12</id>
<offset>1720</offset>
<length>5</length>
<class>AAA_Estimate_Person</class>
<attribute>
<name>Canonical</name>
<value>БЛЭР</value>
</attribute>
</entry>
<entry>
<id>13</id>
<offset>1815</offset>
<length>10</length>
<class>AAA_Estimate_Person</class>
<attribute>
<name>Canonical</name>
<value>ГОЛДСМИТ</value>
</attribute>
</entry>
<entry>
<id>14</id>
<offset>2029</offset>
<length>9</length>
<class>AAA_Estimate_Person</class>
<attribute>
<name>Canonical</name>
<value>ГОЛДСМИТ</value>
</attribute>
</entry>
<entry>
<id>15</id>
<offset>2057</offset>
<length>5</length>
<class>AAA_Estimate_Person</class>
<attribute>
<name>Canonical</name>
<value>БЛЭР</value>
</attribute>
</entry>
<entry>
<id>16</id>
<offset>2249</offset>
<length>13</length>
<class>AAA_Estimate_Person</class>
<attribute>
<name>Canonical</name>
<value>САДДАМ ХУСЕЙН</value>
</attribute>
</entry>
<entry>
<id>17</id>
<offset>2403</offset>
<length>5</length>
<class>AAA_Estimate_Person</class>
<attribute>
<name>Canonical</name>
<value>БЛЭР</value>
</attribute>
</entry>
</markup>
