﻿<markup>
<entry>
<id>1</id>
<offset>0</offset>
<length>5</length>
<class>AAA_Estimate_Person</class>
<attribute>
<name>Canonical</name>
<value>ПУТИН</value>
</attribute>
</entry>
<entry>
<id>2</id>
<offset>235</offset>
<length>5</length>
<class>AAA_Estimate_Person</class>
<attribute>
<name>Canonical</name>
<value>ПУТИН</value>
</attribute>
</entry>
<entry>
<id>3</id>
<offset>256</offset>
<length>14</length>
<class>AAA_Estimate_Person</class>
<attribute>
<name>Canonical</name>
<value>ВЛАДИМИР ПУТИН</value>
</attribute>
</entry>
<entry>
<id>4</id>
<offset>502</offset>
<length>14</length>
<class>AAA_Estimate_Person</class>
<attribute>
<name>Canonical</name>
<value>ВЛАДИМИР ПУТИН</value>
</attribute>
</entry>
<entry>
<id>5</id>
<offset>984</offset>
<length>5</length>
<class>AAA_Estimate_Person</class>
<attribute>
<name>Canonical</name>
<value>ПУТИН</value>
</attribute>
</entry>
<entry>
<id>6</id>
<offset>1121</offset>
<length>15</length>
<class>AAA_Estimate_Person</class>
<attribute>
<name>Canonical</name>
<value>АЛЕКСЕЙ УЛЮКАЕВ</value>
</attribute>
</entry>
<entry>
<id>7</id>
<offset>1258</offset>
<length>15</length>
<class>AAA_Estimate_Person</class>
<attribute>
<name>Canonical</name>
<value>АНДРЕЙ БЕЛОУСОВ</value>
</attribute>
</entry>
<entry>
<id>8</id>
<offset>1336</offset>
<length>19</length>
<class>AAA_Estimate_Person</class>
<attribute>
<name>Canonical</name>
<value>ЭЛЬВИРА НАБИУЛЛИНА</value>
</attribute>
</entry>
<entry>
<id>9</id>
<offset>1362</offset>
<length>10</length>
<class>AAA_Estimate_Person</class>
<attribute>
<name>Canonical</name>
<value>НАБИУЛЛИНА</value>
</attribute>
</entry>
<entry>
<id>10</id>
<offset>1488</offset>
<length>15</length>
<class>AAA_Estimate_Person</class>
<attribute>
<name>Canonical</name>
<value>МАКСИМ АКИМОВ</value>
</attribute>
</entry>
<entry>
<id>11</id>
<offset>1578</offset>
<length>13</length>
<class>AAA_Estimate_Person</class>
<attribute>
<name>Canonical</name>
<value>КСЕНИЯ ЮДАЕВА</value>
</attribute>
</entry>
<entry>
<id>12</id>
<offset>1701</offset>
<length>10</length>
<class>AAA_Estimate_Person</class>
<attribute>
<name>Canonical</name>
<value>НАБИУЛЛИНА</value>
</attribute>
</entry>
<entry>
<id>13</id>
<offset>1731</offset>
<length>15</length>
<class>AAA_Estimate_Person</class>
<attribute>
<name>Canonical</name>
<value>СЕРГЕЙ ИГНАТЬЕВ</value>
</attribute>
</entry>
<entry>
<id>14</id>
<offset>1765</offset>
<length>11</length>
<class>AAA_Estimate_Person</class>
<attribute>
<name>Canonical</name>
<value>НАБИУЛЛИНА</value>
</attribute>
</entry>
<entry>
<id>15</id>
<offset>1834</offset>
<length>7</length>
<class>AAA_Estimate_Person</class>
<attribute>
<name>Canonical</name>
<value>УЛЮКАЕВ</value>
</attribute>
</entry>
</markup>
