﻿<markup>
<entry>
<id>1</id>
<offset>60</offset>
<length>7</length>
<class>AAA_Estimate_Person</class>
<attribute>
<name>Canonical</name>
<value>ГРОМОВ</value>
</attribute>
</entry>
<entry>
<id>6</id>
<offset>100</offset>
<length>6</length>
<class>AAA_Estimate_Person</class>
<attribute>
<name>Canonical</name>
<value>ГРОМОВ</value>
</attribute>
</entry>
<entry>
<id>2</id>
<offset>338</offset>
<length>14</length>
<class>AAA_Estimate_Person</class>
<attribute>
<name>Canonical</name>
<value>БОРИС ГРОМОВ</value>
</attribute>
</entry>
<entry>
<id>3</id>
<offset>384</offset>
<length>6</length>
<class>AAA_Estimate_Person</class>
<attribute>
<name>Canonical</name>
<value>ГРОМОВ</value>
</attribute>
</entry>
<entry>
<id>4</id>
<offset>628</offset>
<length>15</length>
<class>AAA_Estimate_Person</class>
<attribute>
<name>Canonical</name>
<value>ДМИТРИЙ САБЛИН</value>
</attribute>
</entry>
<entry>
<id>5</id>
<offset>667</offset>
<length>6</length>
<class>AAA_Estimate_Person</class>
<attribute>
<name>Canonical</name>
<value>САБЛИН</value>
</attribute>
</entry>
</markup>
