﻿<markup>
<entry>
<id>1</id>
<offset>121</offset>
<length>19</length>
<class>AAA_Estimate_Person</class>
<attribute>
<name>Canonical</name>
<value>РАМАЗАН АБДУЛАТИПОВ</value>
</attribute>
</entry>
<entry>
<id>2</id>
<offset>291</offset>
<length>19</length>
<class>AAA_Estimate_Person</class>
<attribute>
<name>Canonical</name>
<value>РАМАЗАН АБДУЛАТИПОВ</value>
</attribute>
</entry>
<entry>
<id>3</id>
<offset>375</offset>
<length>19</length>
<class>AAA_Estimate_Person</class>
<attribute>
<name>Canonical</name>
<value>РАМАЗАН АБДУЛАТИПОВ</value>
</attribute>
</entry>
<entry>
<id>4</id>
<offset>961</offset>
<length>11</length>
<class>AAA_Estimate_Person</class>
<attribute>
<name>Canonical</name>
<value>АБДУЛАТИПОВ</value>
</attribute>
</entry>
<entry>
<id>5</id>
<offset>1045</offset>
<length>11</length>
<class>AAA_Estimate_Person</class>
<attribute>
<name>Canonical</name>
<value>АБДУЛАТИПОВ</value>
</attribute>
</entry>
<entry>
<id>6</id>
<offset>1344</offset>
<length>11</length>
<class>AAA_Estimate_Person</class>
<attribute>
<name>Canonical</name>
<value>САИД АМИРОВ</value>
</attribute>
</entry>
<entry>
<id>7</id>
<offset>1406</offset>
<length>18</length>
<class>AAA_Estimate_Person</class>
<attribute>
<name>Canonical</name>
<value>АРСЕН ГАДЖИБЕКОВ</value>
</attribute>
</entry>
<entry>
<id>8</id>
<offset>1443</offset>
<length>7</length>
<class>AAA_Estimate_Person</class>
<attribute>
<name>Canonical</name>
<value>АМИРОВ</value>
</attribute>
</entry>
</markup>
