﻿<markup>
<entry>
<id>1</id>
<offset>170</offset>
<length>15</length>
<class>AAA_Estimate_Person</class>
<attribute>
<name>Canonical</name>
<value>НАТАН ХЬЮБЕРТ</value>
</attribute>
</entry>
<entry>
<id>7</id>
<offset>413</offset>
<length>6</length>
<class>AAA_Estimate_Person</class>
<attribute>
<name>Canonical</name>
<value>НАТАН</value>
</attribute>
</entry>
<entry>
<id>2</id>
<offset>491</offset>
<length>14</length>
<class>AAA_Estimate_Person</class>
<attribute>
<name>Canonical</name>
<value>УЭЙН ХЬЮБЕРТ</value>
</attribute>
</entry>
<entry>
<id>3</id>
<offset>634</offset>
<length>8</length>
<class>AAA_Estimate_Person</class>
<attribute>
<name>Canonical</name>
<value>ХЬЮБЕРТ</value>
</attribute>
</entry>
<entry>
<id>4</id>
<offset>795</offset>
<length>15</length>
<class>AAA_Estimate_Person</class>
<attribute>
<name>Canonical</name>
<value>ДМИТРИЙ ЯКОВЛЕВ</value>
</attribute>
</entry>
<entry>
<id>6</id>
<offset>1096</offset>
<length>9</length>
<class>AAA_Estimate_Person</class>
<attribute>
<name>Canonical</name>
<value>ХАРРИСОН</value>
</attribute>
</entry>
</markup>
