﻿<markup>
<entry>
<id>1</id>
<offset>21</offset>
<length>11</length>
<class>AAA_Estimate_Person</class>
<attribute>
<name>Canonical</name>
<value>ГАБРЕЛЯНОВ</value>
</attribute>
</entry>
<entry>
<id>2</id>
<offset>59</offset>
<length>7</length>
<class>AAA_Estimate_Person</class>
<attribute>
<name>Canonical</name>
<value>ДОРЕНКО</value>
</attribute>
</entry>
<entry>
<id>3</id>
<offset>166</offset>
<length>15</length>
<class>AAA_Estimate_Person</class>
<attribute>
<name>Canonical</name>
<value>СЕРГЕЙ СОКОЛОВ</value>
</attribute>
</entry>
<entry>
<id>4</id>
<offset>234</offset>
<length>17</length>
<class>AAA_Estimate_Person</class>
<attribute>
<name>Canonical</name>
<value>АРАМ ГАБРЕЛЯНОВ</value>
</attribute>
</entry>
<entry>
<id>5</id>
<offset>336</offset>
<length>14</length>
<class>AAA_Estimate_Person</class>
<attribute>
<name>Canonical</name>
<value>СЕРГЕЙ ДОРЕНКО</value>
</attribute>
</entry>
<entry>
<id>6</id>
<offset>449</offset>
<length>10</length>
<class>AAA_Estimate_Person</class>
<attribute>
<name>Canonical</name>
<value>ГАБРЕЛЯНОВ</value>
</attribute>
</entry>
<entry>
<id>7</id>
<offset>568</offset>
<length>14</length>
<class>AAA_Estimate_Person</class>
<attribute>
<name>Canonical</name>
<value>СЕРГЕЙ СОКОЛОВ</value>
</attribute>
</entry>
<entry>
<id>8</id>
<offset>588</offset>
<length>7</length>
<class>AAA_Estimate_Person</class>
<attribute>
<name>Canonical</name>
<value>ДОРЕНКО</value>
</attribute>
</entry>
<entry>
<id>9</id>
<offset>699</offset>
<length>7</length>
<class>AAA_Estimate_Person</class>
<attribute>
<name>Canonical</name>
<value>ДОРЕНКО</value>
</attribute>
</entry>
<entry>
<id>10</id>
<offset>1004</offset>
<length>14</length>
<class>AAA_Estimate_Person</class>
<attribute>
<name>Canonical</name>
<value>СЕРГЕЙ ДОРЕНКО</value>
</attribute>
</entry>
</markup>
