﻿<markup>
<entry>
<id>1</id>
<offset>0</offset>
<length>15</length>
<class>AAA_Estimate_Person</class>
<attribute>
<name>Canonical</name>
<value>РОМАН АБРАМОВИЧ</value>
</attribute>
</entry>
<entry>
<id>2</id>
<offset>116</offset>
<length>17</length>
<class>AAA_Estimate_Person</class>
<attribute>
<name>Canonical</name>
<value>РОМАН АБРАМОВИЧ</value>
</attribute>
</entry>
<entry>
<id>3</id>
<offset>254</offset>
<length>9</length>
<class>AAA_Estimate_Person</class>
<attribute>
<name>Canonical</name>
<value>АБРАМОВИЧ</value>
</attribute>
</entry>
<entry>
<id>4</id>
<offset>432</offset>
<length>9</length>
<class>AAA_Estimate_Person</class>
<attribute>
<name>Canonical</name>
<value>АБРАМОВИЧ</value>
</attribute>
</entry>
<entry>
<id>5</id>
<offset>562</offset>
<length>9</length>
<class>AAA_Estimate_Person</class>
<attribute>
<name>Canonical</name>
<value>АБРАМОВИЧ</value>
</attribute>
</entry>
<entry>
<id>6</id>
<offset>1047</offset>
<length>15</length>
<class>AAA_Estimate_Person</class>
<attribute>
<name>Canonical</name>
<value>РОМАН АБРАМОВИЧ</value>
</attribute>
</entry>
<entry>
<id>7</id>
<offset>1155</offset>
<length>9</length>
<class>AAA_Estimate_Person</class>
<attribute>
<name>Canonical</name>
<value>АБРАМОВИЧ</value>
</attribute>
</entry>
</markup>
