﻿<markup>
<entry>
<id>1</id>
<offset>0</offset>
<length>10</length>
<class>AAA_Estimate_Person</class>
<attribute>
<name>Canonical</name>
<value>Е ПРИМАКОВ</value>
</attribute>
</entry>
<entry>
<id>2</id>
<offset>39</offset>
<length>16</length>
<class>AAA_Estimate_Person</class>
<attribute>
<name>Canonical</name>
<value>ЕВГЕНИЙ ПРИМАКОВ</value>
</attribute>
</entry>
<entry>
<id>3</id>
<offset>162</offset>
<length>15</length>
<class>AAA_Estimate_Person</class>
<attribute>
<name>Canonical</name>
<value>СЕРГЕЙ КАТЫРИН</value>
</attribute>
</entry>
<entry>
<id>4</id>
<offset>361</offset>
<length>11</length>
<class>AAA_Estimate_Person</class>
<attribute>
<name>Canonical</name>
<value>Е ПРИМАКОВ</value>
</attribute>
</entry>
<entry>
<id>5</id>
<offset>494</offset>
<length>14</length>
<class>AAA_Estimate_Person</class>
<attribute>
<name>Canonical</name>
<value>СЕРГЕЙ КАТЫРИН</value>
</attribute>
</entry>
<entry>
<id>6</id>
<offset>544</offset>
<length>16</length>
<class>AAA_Estimate_Person</class>
<attribute>
<name>Canonical</name>
<value>ВИКТОР ХРИСТЕНКО</value>
</attribute>
</entry>
<entry>
<id>7</id>
<offset>633</offset>
<length>15</length>
<class>AAA_Estimate_Person</class>
<attribute>
<name>Canonical</name>
<value>ГРИГОРИЙ РАПОТА</value>
</attribute>
</entry>
<entry>
<id>8</id>
<offset>653</offset>
<length>10</length>
<class>AAA_Estimate_Person</class>
<attribute>
<name>Canonical</name>
<value>Е ПРИМАКОВ</value>
</attribute>
</entry>
<entry>
<id>18</id>
<offset>886</offset>
<length>25</length>
<class>AAA_Estimate_Person</class>
<attribute>
<name>Canonical</name>
<value>СЕРГЕЙ НИКОЛАЕВИЧ КАТЫРИН</value>
</attribute>
</entry>
</markup>
