﻿<markup>
<entry>
<id>1</id>
<offset>25</offset>
<length>23</length>
<class>AAA_Estimate_Person</class>
<attribute>
<name>Canonical</name>
<value>АЛЕКСАНДР ТВАРДОВСКИЙ</value>
</attribute>
</entry>
<entry>
<id>2</id>
<offset>101</offset>
<length>23</length>
<class>AAA_Estimate_Person</class>
<attribute>
<name>Canonical</name>
<value>АЛЕКСАНДР ТВАРДОВСКИЙ</value>
</attribute>
</entry>
<entry>
<id>3</id>
<offset>305</offset>
<length>12</length>
<class>AAA_Estimate_Person</class>
<attribute>
<name>Canonical</name>
<value>ТВАРДОВСКИЙ</value>
</attribute>
</entry>
<entry>
<id>4</id>
<offset>415</offset>
<length>21</length>
<class>AAA_Estimate_Person</class>
<attribute>
<name>Canonical</name>
<value>ВЛАДИМИР СУРОВЦЕВ</value>
</attribute>
</entry>
<entry>
<id>5</id>
<offset>471</offset>
<length>16</length>
<class>AAA_Estimate_Person</class>
<attribute>
<name>Canonical</name>
<value>ВИКТОР ПАСЕНКО</value>
</attribute>
</entry>
<entry>
<id>6</id>
<offset>561</offset>
<length>14</length>
<class>AAA_Estimate_Person</class>
<attribute>
<name>Canonical</name>
<value>ЛЕОНИД СЛУЦКИЙ</value>
</attribute>
</entry>
<entry>
<id>7</id>
<offset>603</offset>
<length>12</length>
<class>AAA_Estimate_Person</class>
<attribute>
<name>Canonical</name>
<value>ТВАРДОВСКИЙ</value>
</attribute>
</entry>
<entry>
<id>8</id>
<offset>666</offset>
<length>21</length>
<class>AAA_Estimate_Person</class>
<attribute>
<name>Canonical</name>
<value>АЛЕКСАНДР ТВАРДОВСКИЙ</value>
</attribute>
</entry>
<entry>
<id>9</id>
<offset>904</offset>
<length>15</length>
<class>AAA_Estimate_Person</class>
<attribute>
<name>Canonical</name>
<value>ВАСИЛИЙ ТЕРКИН</value>
</attribute>
</entry>
<entry>
<id>10</id>
<offset>935</offset>
<length>7</length>
<class>AAA_Estimate_Person</class>
<attribute>
<name>Canonical</name>
<value>СЛУЦКИЙ</value>
</attribute>
</entry>
<entry>
<id>11</id>
<offset>948</offset>
<length>11</length>
<class>AAA_Estimate_Person</class>
<attribute>
<name>Canonical</name>
<value>ТВАРДОВСКИЙ</value>
</attribute>
</entry>
<entry>
<id>12</id>
<offset>1101</offset>
<length>12</length>
<class>AAA_Estimate_Person</class>
<attribute>
<name>Canonical</name>
<value>ТВАРДОВСКИЙ</value>
</attribute>
</entry>
<entry>
<id>13</id>
<offset>1244</offset>
<length>18</length>
<class>AAA_Estimate_Person</class>
<attribute>
<name>Canonical</name>
<value>ВЛАДИМИР МЕДИНСКИЙ</value>
</attribute>
</entry>
<entry>
<id>14</id>
<offset>1289</offset>
<length>11</length>
<class>AAA_Estimate_Person</class>
<attribute>
<name>Canonical</name>
<value>ТВАРДОВСКИЙ</value>
</attribute>
</entry>
<entry>
<id>15</id>
<offset>1489</offset>
<length>11</length>
<class>AAA_Estimate_Person</class>
<attribute>
<name>Canonical</name>
<value>ТВАРДОВСКИЙ</value>
</attribute>
</entry>
<entry>
<id>16</id>
<offset>1593</offset>
<length>19</length>
<class>AAA_Estimate_Person</class>
<attribute>
<name>Canonical</name>
<value>НАТАЛЬЯ СОЛЖЕНИЦЫНА</value>
</attribute>
</entry>
<entry>
<id>17</id>
<offset>1631</offset>
<length>22</length>
<class>AAA_Estimate_Person</class>
<attribute>
<name>Canonical</name>
<value>АЛЕКСАНДР СОЛЖЕНИЦЫН</value>
</attribute>
</entry>
<entry>
<id>18</id>
<offset>1690</offset>
<length>12</length>
<class>AAA_Estimate_Person</class>
<attribute>
<name>Canonical</name>
<value>ТВАРДОВСКИЙ</value>
</attribute>
</entry>
</markup>
