﻿<markup>
<entry>
<id>1</id>
<offset>2</offset>
<length>7</length>
<class>AAA_Estimate_Person</class>
<attribute>
<name>Canonical</name>
<value>В ПУТИН</value>
</attribute>
</entry>
<entry>
<id>18</id>
<offset>59</offset>
<length>7</length>
<class>AAA_Estimate_Person</class>
<attribute>
<name>Canonical</name>
<value>С ШОЙГУ</value>
</attribute>
</entry>
<entry>
<id>2</id>
<offset>87</offset>
<length>14</length>
<class>AAA_Estimate_Person</class>
<attribute>
<name>Canonical</name>
<value>ВЛАДИМИР ПУТИН</value>
</attribute>
</entry>
<entry>
<id>3</id>
<offset>181</offset>
<length>13</length>
<class>AAA_Estimate_Person</class>
<attribute>
<name>Canonical</name>
<value>ЕЛЕНА КОЗЛОВА</value>
</attribute>
</entry>
<entry>
<id>4</id>
<offset>197</offset>
<length>15</length>
<class>AAA_Estimate_Person</class>
<attribute>
<name>Canonical</name>
<value>ДМИТРИЙ ЧУШКИН</value>
</attribute>
</entry>
<entry>
<id>5</id>
<offset>350</offset>
<length>14</length>
<class>AAA_Estimate_Person</class>
<attribute>
<name>Canonical</name>
<value>РУСЛАН ЦАЛИКОВ</value>
</attribute>
</entry>
<entry>
<id>6</id>
<offset>449</offset>
<length>12</length>
<class>AAA_Estimate_Person</class>
<attribute>
<name>Canonical</name>
<value>ЮРИЙ БОРИСОВ</value>
</attribute>
</entry>
<entry>
<id>7</id>
<offset>566</offset>
<length>10</length>
<class>AAA_Estimate_Person</class>
<attribute>
<name>Canonical</name>
<value>Р ЦАЛИКОВ</value>
</attribute>
</entry>
<entry>
<id>8</id>
<offset>597</offset>
<length>14</length>
<class>AAA_Estimate_Person</class>
<attribute>
<name>Canonical</name>
<value>НИКОЛАЙ ЗЛОБИН</value>
</attribute>
</entry>
<entry>
<id>9</id>
<offset>789</offset>
<length>18</length>
<class>AAA_Estimate_Person</class>
<attribute>
<name>Canonical</name>
<value>АНАТОЛИЙ СЕРДЮКОВ</value>
</attribute>
</entry>
<entry>
<id>10</id>
<offset>943</offset>
<length>12</length>
<class>AAA_Estimate_Person</class>
<attribute>
<name>Canonical</name>
<value>СЕРГЕЙ ШОЙГУ</value>
</attribute>
</entry>
<entry>
<id>11</id>
<offset>1001</offset>
<length>7</length>
<class>AAA_Estimate_Person</class>
<attribute>
<name>Canonical</name>
<value>В ПУТИН</value>
</attribute>
</entry>
<entry>
<id>12</id>
<offset>1120</offset>
<length>15</length>
<class>AAA_Estimate_Person</class>
<attribute>
<name>Canonical</name>
<value>НИКОЛАЙ МАКАРОВ</value>
</attribute>
</entry>
<entry>
<id>13</id>
<offset>1174</offset>
<length>19</length>
<class>AAA_Estimate_Person</class>
<attribute>
<name>Canonical</name>
<value>АЛЕКСАНДР СУХОРУКОВ</value>
</attribute>
</entry>
<entry>
<id>14</id>
<offset>1241</offset>
<length>18</length>
<class>AAA_Estimate_Person</class>
<attribute>
<name>Canonical</name>
<value>ВАЛЕРИЙ ГЕРАСИМОВ</value>
</attribute>
</entry>
<entry>
<id>15</id>
<offset>1372</offset>
<length>14</length>
<class>AAA_Estimate_Person</class>
<attribute>
<name>Canonical</name>
<value>АРКАДИЙ БАХИН</value>
</attribute>
</entry>
<entry>
<id>16</id>
<offset>1415</offset>
<length>14</length>
<class>AAA_Estimate_Person</class>
<attribute>
<name>Canonical</name>
<value>ДМИТРИЙ ЧУШКИН</value>
</attribute>
</entry>
<entry>
<id>17</id>
<offset>1846</offset>
<length>12</length>
<class>AAA_Estimate_Person</class>
<attribute>
<name>Canonical</name>
<value>А СЕРДЮКОВ</value>
</attribute>
</entry>
</markup>
