﻿<markup>
<entry>
<id>1</id>
<offset>550</offset>
<length>15</length>
<class>AAA_Estimate_Person</class>
<attribute>
<name>Canonical</name>
<value>МИХАИЛ МАРГЕЛОВ</value>
</attribute>
</entry>
<entry>
<id>2</id>
<offset>1783</offset>
<length>10</length>
<class>AAA_Estimate_Person</class>
<attribute>
<name>Canonical</name>
<value>СААКАШВИЛИ</value>
</attribute>
</entry>
<entry>
<id>3</id>
<offset>1919</offset>
<length>3</length>
<class>AAA_Estimate_Person</class>
<attribute>
<name>Canonical</name>
<value>БУШ</value>
</attribute>
</entry>
<entry>
<id>4</id>
<offset>2029</offset>
<length>10</length>
<class>AAA_Estimate_Person</class>
<attribute>
<name>Canonical</name>
<value>СААКАШВИЛИ</value>
</attribute>
</entry>
</markup>
