﻿<markup>
<entry>
<id>1</id>
<offset>0</offset>
<length>5</length>
<class>AAA_Estimate_Person</class>
<attribute>
<name>Canonical</name>
<value>ОБАМА</value>
</attribute>
</entry>
<entry>
<id>2</id>
<offset>63</offset>
<length>11</length>
<class>AAA_Estimate_Person</class>
<attribute>
<name>Canonical</name>
<value>БАРАК ОБАМА</value>
</attribute>
</entry>
<entry>
<id>3</id>
<offset>158</offset>
<length>32</length>
<class>AAA_Estimate_Person</class>
<attribute>
<name>Canonical</name>
<value>СОНЯ СОТОМАЙОР (SONIA SOTOMAYOR)</value>
</attribute>
</entry>
<entry>
<id>4</id>
<offset>264</offset>
<length>9</length>
<class>AAA_Estimate_Person</class>
<attribute>
<name>Canonical</name>
<value>СОТОМАЙОР</value>
</attribute>
</entry>
<entry>
<id>5</id>
<offset>457</offset>
<length>9</length>
<class>AAA_Estimate_Person</class>
<attribute>
<name>Canonical</name>
<value>СОТОМАЙОР</value>
</attribute>
</entry>
<entry>
<id>6</id>
<offset>561</offset>
<length>27</length>
<class>AAA_Estimate_Person</class>
<attribute>
<name>Canonical</name>
<value>ДЭВИД САУТЕР (DAVID SOUTER)</value>
</attribute>
</entry>
<entry>
<id>19</id>
<offset>612</offset>
<length>5</length>
<class>AAA_Estimate_Person</class>
<attribute>
<name>Canonical</name>
<value>ОБАМА</value>
</attribute>
</entry>
<entry>
<id>7</id>
<offset>779</offset>
<length>9</length>
<class>AAA_Estimate_Person</class>
<attribute>
<name>Canonical</name>
<value>СОТОМАЙОР</value>
</attribute>
</entry>
<entry>
<id>8</id>
<offset>822</offset>
<length>9</length>
<class>AAA_Estimate_Person</class>
<attribute>
<name>Canonical</name>
<value>СОТОМАЙОР</value>
</attribute>
</entry>
<entry>
<id>9</id>
<offset>1138</offset>
<length>18</length>
<class>AAA_Estimate_Person</class>
<attribute>
<name>Canonical</name>
<value>ДЖОРДЖ БУШ [-СТАРШИЙ]</value>
</attribute>
</entry>
<entry>
<id>10</id>
<offset>1182</offset>
<length>12</length>
<class>AAA_Estimate_Person</class>
<attribute>
<name>Canonical</name>
<value>БИЛЛ КЛИНТОН</value>
</attribute>
</entry>
<entry>
<id>11</id>
<offset>1204</offset>
<length>9</length>
<class>AAA_Estimate_Person</class>
<attribute>
<name>Canonical</name>
<value>СОТОМАЙОР</value>
</attribute>
</entry>
<entry>
<id>12</id>
<offset>1303</offset>
<length>9</length>
<class>AAA_Estimate_Person</class>
<attribute>
<name>Canonical</name>
<value>СОТОМАЙОР</value>
</attribute>
</entry>
<entry>
<id>16</id>
<offset>1431</offset>
<length>7</length>
<class>AAA_Estimate_Person</class>
<attribute>
<name>Canonical</name>
<value>САУТЕР</value>
</attribute>
</entry>
<entry>
<id>17</id>
<offset>1487</offset>
<length>25</length>
<class>AAA_Estimate_Person</class>
<attribute>
<name>Canonical</name>
<value>ЕЛЕНА КАГАН (ELENA KAGAN)</value>
</attribute>
</entry>
<entry>
<id>18</id>
<offset>1541</offset>
<length>22</length>
<class>AAA_Estimate_Person</class>
<attribute>
<name>Canonical</name>
<value>ДАЙАН ВУД (DIANE WOOD)</value>
</attribute>
</entry>
</markup>
