﻿<markup>
<entry>
<id>1</id>
<offset>0</offset>
<length>13</length>
<class>AAA_Estimate_Person</class>
<attribute>
<name>Canonical</name>
<value>СЕРГЕЙ ИВАНОВ</value>
</attribute>
</entry>
<entry>
<id>2</id>
<offset>115</offset>
<length>15</length>
<class>AAA_Estimate_Person</class>
<attribute>
<name>Canonical</name>
<value>АЛЕКСЕЙ ФЕДОРОВ</value>
</attribute>
</entry>
<entry>
<id>3</id>
<offset>245</offset>
<length>13</length>
<class>AAA_Estimate_Person</class>
<attribute>
<name>Canonical</name>
<value>СЕРГЕЙ ИВАНОВ</value>
</attribute>
</entry>
<entry>
<id>4</id>
<offset>345</offset>
<length>7</length>
<class>AAA_Estimate_Person</class>
<attribute>
<name>Canonical</name>
<value>ФЕДОРОВ</value>
</attribute>
</entry>
<entry>
<id>5</id>
<offset>438</offset>
<length>16</length>
<class>AAA_Estimate_Person</class>
<attribute>
<name>Canonical</name>
<value>ДМИТРИЙ МЕДВЕДЕВ</value>
</attribute>
</entry>
<entry>
<id>6</id>
<offset>515</offset>
<length>8</length>
<class>AAA_Estimate_Person</class>
<attribute>
<name>Canonical</name>
<value>ФЕДОРОВ</value>
</attribute>
</entry>
<entry>
<id>7</id>
<offset>579</offset>
<length>8</length>
<class>AAA_Estimate_Person</class>
<attribute>
<name>Canonical</name>
<value>ФЕДОРОВ</value>
</attribute>
</entry>
<entry>
<id>8</id>
<offset>660</offset>
<length>17</length>
<class>AAA_Estimate_Person</class>
<attribute>
<name>Canonical</name>
<value>АРКАДИЙ ДВОРКОВИЧ</value>
</attribute>
</entry>
<entry>
<id>9</id>
<offset>725</offset>
<length>8</length>
<class>AAA_Estimate_Person</class>
<attribute>
<name>Canonical</name>
<value>ФЕДОРОВ</value>
</attribute>
</entry>
<entry>
<id>10</id>
<offset>875</offset>
<length>14</length>
<class>AAA_Estimate_Person</class>
<attribute>
<name>Canonical</name>
<value>МИХАИЛ ПОГОСЯН</value>
</attribute>
</entry>
</markup>
