﻿<markup>
<entry>
<id>1</id>
<offset>0</offset>
<length>9</length>
<class>AAA_Estimate_Person</class>
<attribute>
<name>Canonical</name>
<value>С СОБЯНИН</value>
</attribute>
</entry>
<entry>
<id>2</id>
<offset>58</offset>
<length>14</length>
<class>AAA_Estimate_Person</class>
<attribute>
<name>Canonical</name>
<value>СЕРГЕЙ СОБЯНИН</value>
</attribute>
</entry>
<entry>
<id>3</id>
<offset>274</offset>
<length>16</length>
<class>AAA_Estimate_Person</class>
<attribute>
<name>Canonical</name>
<value>НИКОЛАЙ ФЕДОСЕЕВ</value>
</attribute>
</entry>
<entry>
<id>4</id>
<offset>385</offset>
<length>15</length>
<class>AAA_Estimate_Person</class>
<attribute>
<name>Canonical</name>
<value>ПЕТР САПРЫКИН</value>
</attribute>
</entry>
<entry>
<id>5</id>
<offset>586</offset>
<length>17</length>
<class>AAA_Estimate_Person</class>
<attribute>
<name>Canonical</name>
<value>ВАЛЕРИЙ РОМАНЕНКО</value>
</attribute>
</entry>
<entry>
<id>6</id>
<offset>941</offset>
<length>17</length>
<class>AAA_Estimate_Person</class>
<attribute>
<name>Canonical</name>
<value>ВЛАДИМИР ПЕТРОСЯН</value>
</attribute>
</entry>
<entry>
<id>7</id>
<offset>995</offset>
<length>14</length>
<class>AAA_Estimate_Person</class>
<attribute>
<name>Canonical</name>
<value>СЕРГЕЙ ХУДЯКОВ</value>
</attribute>
</entry>
<entry>
<id>8</id>
<offset>1068</offset>
<length>14</length>
<class>AAA_Estimate_Person</class>
<attribute>
<name>Canonical</name>
<value>ЛЮДМИЛА ГУСЕВА</value>
</attribute>
</entry>
<entry>
<id>9</id>
<offset>1138</offset>
<length>16</length>
<class>AAA_Estimate_Person</class>
<attribute>
<name>Canonical</name>
<value>ОЛЕГ НЕТЕРЕБСКИЙ</value>
</attribute>
</entry>
<entry>
<id>10</id>
<offset>1200</offset>
<length>10</length>
<class>AAA_Estimate_Person</class>
<attribute>
<name>Canonical</name>
<value>С СОБЯНИН</value>
</attribute>
</entry>
</markup>
