﻿<markup>
<entry>
<id>1</id>
<offset>0</offset>
<length>7</length>
<class>AAA_Estimate_Person</class>
<attribute>
<name>Canonical</name>
<value>Б ОБАМА</value>
</attribute>
</entry>
<entry>
<id>2</id>
<offset>68</offset>
<length>11</length>
<class>AAA_Estimate_Person</class>
<attribute>
<name>Canonical</name>
<value>БАРАК ОБАМА</value>
</attribute>
</entry>
<entry>
<id>3</id>
<offset>141</offset>
<length>12</length>
<class>AAA_Estimate_Person</class>
<attribute>
<name>Canonical</name>
<value>ДЖЕЙМС КОМИ</value>
</attribute>
</entry>
<entry>
<id>4</id>
<offset>225</offset>
<length>7</length>
<class>AAA_Estimate_Person</class>
<attribute>
<name>Canonical</name>
<value>ДЖ КОМИ</value>
</attribute>
</entry>
<entry>
<id>5</id>
<offset>281</offset>
<length>15</length>
<class>AAA_Estimate_Person</class>
<attribute>
<name>Canonical</name>
<value>РОБЕРТ МЮЛЛЕР</value>
</attribute>
</entry>
<entry>
<id>6</id>
<offset>402</offset>
<length>12</length>
<class>AAA_Estimate_Person</class>
<attribute>
<name>Canonical</name>
<value>ДЖЕЙМС КОМИ</value>
</attribute>
</entry>
<entry>
<id>7</id>
<offset>531</offset>
<length>21</length>
<class>AAA_Estimate_Person</class>
<attribute>
<name>Canonical</name>
<value>ДЖОРДЖ БУШ [-МЛАДШИЙ]</value>
</attribute>
</entry>
<entry>
<id>8</id>
<offset>783</offset>
<length>7</length>
<class>AAA_Estimate_Person</class>
<attribute>
<name>Canonical</name>
<value>Б ОБАМА</value>
</attribute>
</entry>
<entry>
<id>9</id>
<offset>807</offset>
<length>7</length>
<class>AAA_Estimate_Person</class>
<attribute>
<name>Canonical</name>
<value>ДЖ КОМИ</value>
</attribute>
</entry>
<entry>
<id>10</id>
<offset>999</offset>
<length>7</length>
<class>AAA_Estimate_Person</class>
<attribute>
<name>Canonical</name>
<value>Б ОБАМА</value>
</attribute>
</entry>
</markup>
