﻿<markup>
<entry>
<id>1</id>
<offset>297</offset>
<length>14</length>
<class>AAA_Estimate_Person</class>
<attribute>
<name>Canonical</name>
<value>АЛЕКСЕЙ БУКЧИН</value>
</attribute>
</entry>
<entry>
<id>2</id>
<offset>581</offset>
<length>15</length>
<class>AAA_Estimate_Person</class>
<attribute>
<name>Canonical</name>
<value>ИГОРЬ СЕРГЕЕНКО</value>
</attribute>
</entry>
<entry>
<id>3</id>
<offset>1066</offset>
<length>12</length>
<class>AAA_Estimate_Person</class>
<attribute>
<name>Canonical</name>
<value>ВАДИМ ДУБНОВ</value>
</attribute>
</entry>
<entry>
<id>4</id>
<offset>1100</offset>
<length>9</length>
<class>AAA_Estimate_Person</class>
<attribute>
<name>Canonical</name>
<value>ЛУКАШЕНКО</value>
</attribute>
</entry>
<entry>
<id>5</id>
<offset>1170</offset>
<length>19</length>
<class>AAA_Estimate_Person</class>
<attribute>
<name>Canonical</name>
<value>АЛЕКСАНДР ЛУКАШЕНКО</value>
</attribute>
</entry>
<entry>
<id>6</id>
<offset>1244</offset>
<length>17</length>
<class>AAA_Estimate_Person</class>
<attribute>
<name>Canonical</name>
<value>ИГОРЬ РАЧКОВСКИЙ</value>
</attribute>
</entry>
<entry>
<id>7</id>
<offset>1296</offset>
<length>18</length>
<class>AAA_Estimate_Person</class>
<attribute>
<name>Canonical</name>
<value>ДМИТРИЙ ПАХМЕЛКИН</value>
</attribute>
</entry>
<entry>
<id>8</id>
<offset>1534</offset>
<length>9</length>
<class>AAA_Estimate_Person</class>
<attribute>
<name>Canonical</name>
<value>СЕРГЕЕНКО</value>
</attribute>
</entry>
<entry>
<id>9</id>
<offset>1787</offset>
<length>8</length>
<class>AAA_Estimate_Person</class>
<attribute>
<name>Canonical</name>
<value>СУРЯПИН</value>
</attribute>
</entry>
<entry>
<id>10</id>
<offset>1806</offset>
<length>13</length>
<class>AAA_Estimate_Person</class>
<attribute>
<name>Canonical</name>
<value>АНТОН СУРЯПИН</value>
</attribute>
</entry>
<entry>
<id>11</id>
<offset>1880</offset>
<length>10</length>
<class>AAA_Estimate_Person</class>
<attribute>
<name>Canonical</name>
<value>БАШАРИМОВ</value>
</attribute>
</entry>
<entry>
<id>12</id>
<offset>1900</offset>
<length>16</length>
<class>AAA_Estimate_Person</class>
<attribute>
<name>Canonical</name>
<value>СЕРГЕЙ БАШАРИМОВ</value>
</attribute>
</entry>
<entry>
<id>13</id>
<offset>2454</offset>
<length>9</length>
<class>AAA_Estimate_Person</class>
<attribute>
<name>Canonical</name>
<value>ЛУКАШЕНКО</value>
</attribute>
</entry>
<entry>
<id>14</id>
<offset>2956</offset>
<length>12</length>
<class>AAA_Estimate_Person</class>
<attribute>
<name>Canonical</name>
<value>ПЕР КРОМВЕЛЛ</value>
</attribute>
</entry>
</markup>
