﻿<markup>
<entry>
<id>1</id>
<offset>22</offset>
<length>8</length>
<class>AAA_Estimate_Person</class>
<attribute>
<name>Canonical</name>
<value>А БАГМЕТ</value>
</attribute>
</entry>
<entry>
<id>2</id>
<offset>235</offset>
<length>21</length>
<class>AAA_Estimate_Person</class>
<attribute>
<name>Canonical</name>
<value>АЛЕКСАНДР БАСТРЫКИН</value>
</attribute>
</entry>
<entry>
<id>3</id>
<offset>257</offset>
<length>15</length>
<class>AAA_Estimate_Person</class>
<attribute>
<name>Canonical</name>
<value>АНАТОЛИЙ БАГМЕТ</value>
</attribute>
</entry>
<entry>
<id>4</id>
<offset>634</offset>
<length>14</length>
<class>AAA_Estimate_Person</class>
<attribute>
<name>Canonical</name>
<value>ВАДИМ ЯКОВЕНКО</value>
</attribute>
</entry>
<entry>
<id>5</id>
<offset>679</offset>
<length>10</length>
<class>AAA_Estimate_Person</class>
<attribute>
<name>Canonical</name>
<value>В ЯКОВЕНКО</value>
</attribute>
</entry>
<entry>
<id>6</id>
<offset>931</offset>
<length>9</length>
<class>AAA_Estimate_Person</class>
<attribute>
<name>Canonical</name>
<value>А БАГМЕТ</value>
</attribute>
</entry>
<entry>
<id>8</id>
<offset>1000</offset>
<length>8</length>
<class>AAA_Estimate_Person</class>
<attribute>
<name>Canonical</name>
<value>А БАГМЕТ</value>
</attribute>
</entry>
<entry>
<id>9</id>
<offset>1054</offset>
<length>19</length>
<class>AAA_Estimate_Person</class>
<attribute>
<name>Canonical</name>
<value>АЛЕКСАНДР БУКСМАН</value>
</attribute>
</entry>
<entry>
<id>10</id>
<offset>1119</offset>
<length>15</length>
<class>AAA_Estimate_Person</class>
<attribute>
<name>Canonical</name>
<value>МАРИНА ГРИДНЕВА</value>
</attribute>
</entry>
<entry>
<id>11</id>
<offset>1149</offset>
<length>8</length>
<class>AAA_Estimate_Person</class>
<attribute>
<name>Canonical</name>
<value>А БАГМЕТ</value>
</attribute>
</entry>
<entry>
<id>12</id>
<offset>1568</offset>
<length>9</length>
<class>AAA_Estimate_Person</class>
<attribute>
<name>Canonical</name>
<value>А БАГМЕТ</value>
</attribute>
</entry>
<entry>
<id>13</id>
<offset>1615</offset>
<length>8</length>
<class>AAA_Estimate_Person</class>
<attribute>
<name>Canonical</name>
<value>А БАГМЕТ</value>
</attribute>
</entry>
<entry>
<id>14</id>
<offset>1825</offset>
<length>8</length>
<class>AAA_Estimate_Person</class>
<attribute>
<name>Canonical</name>
<value>А БАГМЕТ</value>
</attribute>
</entry>
</markup>
