﻿<markup>
<entry>
<id>1</id>
<offset>1439</offset>
<length>10</length>
<class>AAA_Estimate_Person</class>
<attribute>
<name>Canonical</name>
<value>ОЛЕГ БЕТИН</value>
</attribute>
</entry>
<entry>
<id>2</id>
<offset>4290</offset>
<length>18</length>
<class>AAA_Estimate_Person</class>
<attribute>
<name>Canonical</name>
<value>ВЛАДИМИР МИЛОВАНОВ</value>
</attribute>
</entry>
<entry>
<id>3</id>
<offset>4986</offset>
<length>11</length>
<class>AAA_Estimate_Person</class>
<attribute>
<name>Canonical</name>
<value>ЮРИЙ ЖИРКОВ</value>
</attribute>
</entry>
<entry>
<id>4</id>
<offset>5308</offset>
<length>7</length>
<class>AAA_Estimate_Person</class>
<attribute>
<name>Canonical</name>
<value>ЖИРКОВ</value>
</attribute>
</entry>
<entry>
<id>5</id>
<offset>5444</offset>
<length>4</length>
<class>AAA_Estimate_Person</class>
<attribute>
<name>Canonical</name>
<value>ЮРИЙ</value>
</attribute>
</entry>
<entry>
<id>6</id>
<offset>5513</offset>
<length>15</length>
<class>AAA_Estimate_Person</class>
<attribute>
<name>Canonical</name>
<value>ВАЛЕРИЙ ШАРАПОВ</value>
</attribute>
</entry>
<entry>
<id>7</id>
<offset>5583</offset>
<length>3</length>
<class>AAA_Estimate_Person</class>
<attribute>
<name>Canonical</name>
<value>ЮРА</value>
</attribute>
</entry>
<entry>
<id>8</id>
<offset>5742</offset>
<length>6</length>
<class>AAA_Estimate_Person</class>
<attribute>
<name>Canonical</name>
<value>ЖИРКОВ</value>
</attribute>
</entry>
<entry>
<id>9</id>
<offset>6890</offset>
<length>17</length>
<class>AAA_Estimate_Person</class>
<attribute>
<name>Canonical</name>
<value>НИКОЛАЙ ВОЛОШКИН</value>
</attribute>
</entry>
<entry>
<id>10</id>
<offset>7205</offset>
<length>15</length>
<class>AAA_Estimate_Person</class>
<attribute>
<name>Canonical</name>
<value>МИХАИЛ БЕЛОУСОВ</value>
</attribute>
</entry>
<entry>
<id>11</id>
<offset>7723</offset>
<length>15</length>
<class>AAA_Estimate_Person</class>
<attribute>
<name>Canonical</name>
<value>СЕРГЕЙ ПЕРВУШИН</value>
</attribute>
</entry>
<entry>
<id>12</id>
<offset>8175</offset>
<length>15</length>
<class>AAA_Estimate_Person</class>
<attribute>
<name>Canonical</name>
<value>ДМИТРИЙ ДАВЫДОВ</value>
</attribute>
</entry>
<entry>
<id>13</id>
<offset>8199</offset>
<length>12</length>
<class>AAA_Estimate_Person</class>
<attribute>
<name>Canonical</name>
<value>МАКСИМ СОПИН</value>
</attribute>
</entry>
<entry>
<id>14</id>
<offset>8214</offset>
<length>14</length>
<class>AAA_Estimate_Person</class>
<attribute>
<name>Canonical</name>
<value>МИХАИЛ ТЫНЯНЫЙ</value>
</attribute>
</entry>
<entry>
<id>15</id>
<offset>8441</offset>
<length>17</length>
<class>AAA_Estimate_Person</class>
<attribute>
<name>Canonical</name>
<value>НИКОЛАЙ ВОЛОШКИН</value>
</attribute>
</entry>
<entry>
<id>16</id>
<offset>9393</offset>
<length>10</length>
<class>AAA_Estimate_Person</class>
<attribute>
<name>Canonical</name>
<value>ОЛЕГ БЕТИН</value>
</attribute>
</entry>
</markup>
