﻿<markup>
<entry>
<id>1</id>
<offset>0</offset>
<length>7</length>
<class>AAA_Estimate_Person</class>
<attribute>
<name>Canonical</name>
<value>ЛЕВИЧЕВ</value>
</attribute>
</entry>
<entry>
<id>2</id>
<offset>156</offset>
<length>15</length>
<class>AAA_Estimate_Person</class>
<attribute>
<name>Canonical</name>
<value>АЛЕКСАНДР АГЕЕВ</value>
</attribute>
</entry>
<entry>
<id>3</id>
<offset>196</offset>
<length>15</length>
<class>AAA_Estimate_Person</class>
<attribute>
<name>Canonical</name>
<value>НИКОЛАЙ ЛЕВИЧЕВ</value>
</attribute>
</entry>
<entry>
<id>4</id>
<offset>313</offset>
<length>15</length>
<class>AAA_Estimate_Person</class>
<attribute>
<name>Canonical</name>
<value>НИКОЛАЙ ЛЕВИЧЕВ</value>
</attribute>
</entry>
<entry>
<id>5</id>
<offset>481</offset>
<length>16</length>
<class>AAA_Estimate_Person</class>
<attribute>
<name>Canonical</name>
<value>НИКОЛАЙ ЛЕВИЧЕВ</value>
</attribute>
</entry>
<entry>
<id>6</id>
<offset>692</offset>
<length>7</length>
<class>AAA_Estimate_Person</class>
<attribute>
<name>Canonical</name>
<value>ЛЕВИЧЕВ</value>
</attribute>
</entry>
<entry>
<id>7</id>
<offset>723</offset>
<length>8</length>
<class>AAA_Estimate_Person</class>
<attribute>
<name>Canonical</name>
<value>ЛЕВИЧЕВ</value>
</attribute>
</entry>
<entry>
<id>8</id>
<offset>942</offset>
<length>15</length>
<class>AAA_Estimate_Person</class>
<attribute>
<name>Canonical</name>
<value>АЛЕКСАНДР АГЕЕВ</value>
</attribute>
</entry>
<entry>
<id>9</id>
<offset>971</offset>
<length>7</length>
<class>AAA_Estimate_Person</class>
<attribute>
<name>Canonical</name>
<value>ЛЕВИЧЕВ</value>
</attribute>
</entry>
<entry>
<id>10</id>
<offset>1181</offset>
<length>20</length>
<class>AAA_Estimate_Person</class>
<attribute>
<name>Canonical</name>
<value>АЛЕКСАНДР ТАРНАВСКИЙ</value>
</attribute>
</entry>
<entry>
<id>11</id>
<offset>1307</offset>
<length>16</length>
<class>AAA_Estimate_Person</class>
<attribute>
<name>Canonical</name>
<value>ГАЛИНА ХОВАНСКАЯ</value>
</attribute>
</entry>
<entry>
<id>12</id>
<offset>1325</offset>
<length>10</length>
<class>AAA_Estimate_Person</class>
<attribute>
<name>Canonical</name>
<value>ТАРНАВСКИЙ</value>
</attribute>
</entry>
<entry>
<id>13</id>
<offset>1338</offset>
<length>5</length>
<class>AAA_Estimate_Person</class>
<attribute>
<name>Canonical</name>
<value>АГЕЕВ</value>
</attribute>
</entry>
<entry>
<id>14</id>
<offset>1361</offset>
<length>15</length>
<class>AAA_Estimate_Person</class>
<attribute>
<name>Canonical</name>
<value>НИКОЛАЙ ЛЕВИЧЕВ</value>
</attribute>
</entry>
<entry>
<id>15</id>
<offset>1380</offset>
<length>15</length>
<class>AAA_Estimate_Person</class>
<attribute>
<name>Canonical</name>
<value>НИКОЛАЙ ЛЕВИЧЕВ</value>
</attribute>
</entry>
<entry>
<id>16</id>
<offset>1405</offset>
<length>17</length>
<class>AAA_Estimate_Person</class>
<attribute>
<name>Canonical</name>
<value>СЕРГЕЙ МИРОНОВ</value>
</attribute>
</entry>
<entry>
<id>17</id>
<offset>1711</offset>
<length>7</length>
<class>AAA_Estimate_Person</class>
<attribute>
<name>Canonical</name>
<value>ЛЕВИЧЕВ</value>
</attribute>
</entry>
<entry>
<id>18</id>
<offset>1749</offset>
<length>8</length>
<class>AAA_Estimate_Person</class>
<attribute>
<name>Canonical</name>
<value>МИРОНОВ</value>
</attribute>
</entry>
<entry>
<id>19</id>
<offset>1993</offset>
<length>15</length>
<class>AAA_Estimate_Person</class>
<attribute>
<name>Canonical</name>
<value>НИКОЛАЙ ЛЕВИЧЕВ</value>
</attribute>
</entry>
<entry>
<id>20</id>
<offset>2317</offset>
<length>16</length>
<class>AAA_Estimate_Person</class>
<attribute>
<name>Canonical</name>
<value>СВЕТЛАНА ПЕУНОВА</value>
</attribute>
</entry>
<entry>
<id>21</id>
<offset>2348</offset>
<length>17</length>
<class>AAA_Estimate_Person</class>
<attribute>
<name>Canonical</name>
<value>АЛЕКСЕЙ НАВАЛЬНЫЙ</value>
</attribute>
</entry>
<entry>
<id>22</id>
<offset>2391</offset>
<length>15</length>
<class>AAA_Estimate_Person</class>
<attribute>
<name>Canonical</name>
<value>МИХАИЛ ДЕГТЯРЕВ</value>
</attribute>
</entry>
<entry>
<id>23</id>
<offset>2423</offset>
<length>15</length>
<class>AAA_Estimate_Person</class>
<attribute>
<name>Canonical</name>
<value>СЕРГЕЙ МИТРОХИН</value>
</attribute>
</entry>
<entry>
<id>24</id>
<offset>2455</offset>
<length>15</length>
<class>AAA_Estimate_Person</class>
<attribute>
<name>Canonical</name>
<value>СЕРГЕЙ ТРОИЦКИЙ</value>
</attribute>
</entry>
<entry>
<id>25</id>
<offset>2538</offset>
<length>14</length>
<class>AAA_Estimate_Person</class>
<attribute>
<name>Canonical</name>
<value>СЕРГЕЙ СОБЯНИН</value>
</attribute>
</entry>
<entry>
<id>26</id>
<offset>2715</offset>
<length>19</length>
<class>AAA_Estimate_Person</class>
<attribute>
<name>Canonical</name>
<value>КОНСТАНТИН БОГДАНОВ</value>
</attribute>
</entry>
</markup>
