﻿<markup>
<entry>
<id>1</id>
<offset>111</offset>
<length>16</length>
<class>AAA_Estimate_Person</class>
<attribute>
<name>Canonical</name>
<value>ДМИТРИЙ ПАТРУШЕВ</value>
</attribute>
</entry>
<entry>
<id>2</id>
<offset>150</offset>
<length>18</length>
<class>AAA_Estimate_Person</class>
<attribute>
<name>Canonical</name>
<value>АНАТОЛИЙ АРТАМОНОВ</value>
</attribute>
</entry>
<entry>
<id>3</id>
<offset>236</offset>
<length>15</length>
<class>AAA_Estimate_Person</class>
<attribute>
<name>Canonical</name>
<value>НИКОЛАЙ МИЛЬКИС</value>
</attribute>
</entry>
<entry>
<id>4</id>
<offset>577</offset>
<length>18</length>
<class>AAA_Estimate_Person</class>
<attribute>
<name>Canonical</name>
<value>АНАТОЛИЙ АРТАМОНОВ</value>
</attribute>
</entry>
</markup>
