﻿<markup>
<entry>
<id>1</id>
<offset>173</offset>
<length>14</length>
<class>AAA_Estimate_Person</class>
<attribute>
<name>Canonical</name>
<value>ЛЕОНИД КОЖАРА</value>
</attribute>
</entry>
<entry>
<id>2</id>
<offset>374</offset>
<length>12</length>
<class>AAA_Estimate_Person</class>
<attribute>
<name>Canonical</name>
<value>КЭТРИН ЭШТОН</value>
</attribute>
</entry>
<entry>
<id>3</id>
<offset>425</offset>
<length>5</length>
<class>AAA_Estimate_Person</class>
<attribute>
<name>Canonical</name>
<value>ЭШТОН</value>
</attribute>
</entry>
<entry>
<id>4</id>
<offset>1513</offset>
<length>12</length>
<class>AAA_Estimate_Person</class>
<attribute>
<name>Canonical</name>
<value>КЭТРИН ЭШТОН</value>
</attribute>
</entry>
</markup>
