﻿<markup>
<entry>
<id>1</id>
<offset>25</offset>
<length>15</length>
<class>AAA_Estimate_Person</class>
<attribute>
<name>Canonical</name>
<value>НАДЕЖДА ИВАНОВА</value>
</attribute>
</entry>
<entry>
<id>2</id>
<offset>69</offset>
<length>7</length>
<class>AAA_Estimate_Person</class>
<attribute>
<name>Canonical</name>
<value>ИВАНОВА</value>
</attribute>
</entry>
<entry>
<id>3</id>
<offset>326</offset>
<length>15</length>
<class>AAA_Estimate_Person</class>
<attribute>
<name>Canonical</name>
<value>НАДЕЖДА ИВАНОВА</value>
</attribute>
</entry>
<entry>
<id>4</id>
<offset>436</offset>
<length>7</length>
<class>AAA_Estimate_Person</class>
<attribute>
<name>Canonical</name>
<value>ИВАНОВА</value>
</attribute>
</entry>
<entry>
<id>5</id>
<offset>662</offset>
<length>7</length>
<class>AAA_Estimate_Person</class>
<attribute>
<name>Canonical</name>
<value>ИВАНОВА</value>
</attribute>
</entry>
<entry>
<id>6</id>
<offset>936</offset>
<length>19</length>
<class>AAA_Estimate_Person</class>
<attribute>
<name>Canonical</name>
<value>ЭЛЬВИРА НАБИУЛЛИНА</value>
</attribute>
</entry>
<entry>
<id>7</id>
<offset>1117</offset>
<length>14</length>
<class>AAA_Estimate_Person</class>
<attribute>
<name>Canonical</name>
<value>КСЕНИЯ ЮДАЕВА</value>
</attribute>
</entry>
<entry>
<id>8</id>
<offset>1208</offset>
<length>15</length>
<class>AAA_Estimate_Person</class>
<attribute>
<name>Canonical</name>
<value>АЛЕКСЕЙ УЛЮКАЕВ</value>
</attribute>
</entry>
</markup>
