﻿<markup>
<entry>
<id>1</id>
<offset>104</offset>
<length>16</length>
<class>AAA_Estimate_Person</class>
<attribute>
<name>Canonical</name>
<value>МИХАИЛ ШАМОЛИН</value>
</attribute>
</entry>
<entry>
<id>2</id>
<offset>145</offset>
<length>17</length>
<class>AAA_Estimate_Person</class>
<attribute>
<name>Canonical</name>
<value>АНДРЕЙ ДУБОВСКОЙ</value>
</attribute>
</entry>
<entry>
<id>3</id>
<offset>307</offset>
<length>7</length>
<class>AAA_Estimate_Person</class>
<attribute>
<name>Canonical</name>
<value>ШАМОЛИН</value>
</attribute>
</entry>
<entry>
<id>4</id>
<offset>499</offset>
<length>14</length>
<class>AAA_Estimate_Person</class>
<attribute>
<name>Canonical</name>
<value>ЛЕОНИД МЕЛАМЕД</value>
</attribute>
</entry>
<entry>
<id>5</id>
<offset>704</offset>
<length>8</length>
<class>AAA_Estimate_Person</class>
<attribute>
<name>Canonical</name>
<value>МЕЛАМЕД</value>
</attribute>
</entry>
<entry>
<id>6</id>
<offset>774</offset>
<length>14</length>
<class>AAA_Estimate_Person</class>
<attribute>
<name>Canonical</name>
<value>МИХАИЛ ШАМОЛИН</value>
</attribute>
</entry>
<entry>
<id>7</id>
<offset>844</offset>
<length>16</length>
<class>AAA_Estimate_Person</class>
<attribute>
<name>Canonical</name>
<value>АНДРЕЙ ДУБОВСКОЙ</value>
</attribute>
</entry>
<entry>
<id>8</id>
<offset>1097</offset>
<length>14</length>
<class>AAA_Estimate_Person</class>
<attribute>
<name>Canonical</name>
<value>ВАСИЛЬ ЛАЦАНИЧ</value>
</attribute>
</entry>
</markup>
