﻿<markup>
<entry>
<id>1</id>
<offset>69</offset>
<length>15</length>
<class>AAA_Estimate_Person</class>
<attribute>
<name>Canonical</name>
<value>ХИЛЛАРИ КЛИНТОН</value>
</attribute>
</entry>
<entry>
<id>2</id>
<offset>370</offset>
<length>28</length>
<class>AAA_Estimate_Person</class>
<attribute>
<name>Canonical</name>
<value>ФАРАХ ПАНДИТ (FARAH PANDITH)</value>
</attribute>
</entry>
<entry>
<id>3</id>
<offset>417</offset>
<length>6</length>
<class>AAA_Estimate_Person</class>
<attribute>
<name>Canonical</name>
<value>ПАНДИТ</value>
</attribute>
</entry>
<entry>
<id>4</id>
<offset>596</offset>
<length>6</length>
<class>AAA_Estimate_Person</class>
<attribute>
<name>Canonical</name>
<value>ПАНДИТ</value>
</attribute>
</entry>
</markup>
