﻿<markup>
<entry>
<id>1</id>
<offset>0</offset>
<length>7</length>
<class>AAA_Estimate_Person</class>
<attribute>
<name>Canonical</name>
<value>МАНДЕЛА</value>
</attribute>
</entry>
<entry>
<id>2</id>
<offset>54</offset>
<length>5</length>
<class>AAA_Estimate_Person</class>
<attribute>
<name>Canonical</name>
<value>ОБАМА</value>
</attribute>
</entry>
<entry>
<id>3</id>
<offset>65</offset>
<length>5</length>
<class>AAA_Estimate_Person</class>
<attribute>
<name>Canonical</name>
<value>ОБАМА</value>
</attribute>
</entry>
<entry>
<id>4</id>
<offset>132</offset>
<length>16</length>
<class>AAA_Estimate_Person</class>
<attribute>
<name>Canonical</name>
<value>НЕЛЬСОН МАНДЕЛА</value>
</attribute>
</entry>
<entry>
<id>5</id>
<offset>201</offset>
<length>12</length>
<class>AAA_Estimate_Person</class>
<attribute>
<name>Canonical</name>
<value>ГРАСА МАШЕЛ</value>
</attribute>
</entry>
<entry>
<id>6</id>
<offset>304</offset>
<length>11</length>
<class>AAA_Estimate_Person</class>
<attribute>
<name>Canonical</name>
<value>БАРАК ОБАМА</value>
</attribute>
</entry>
<entry>
<id>7</id>
<offset>415</offset>
<length>16</length>
<class>AAA_Estimate_Person</class>
<attribute>
<name>Canonical</name>
<value>НЕЛЬСОН МАНДЕЛА</value>
</attribute>
</entry>
<entry>
<id>8</id>
<offset>468</offset>
<length>5</length>
<class>AAA_Estimate_Person</class>
<attribute>
<name>Canonical</name>
<value>ОБАМА</value>
</attribute>
</entry>
<entry>
<id>9</id>
<offset>504</offset>
<length>7</length>
<class>AAA_Estimate_Person</class>
<attribute>
<name>Canonical</name>
<value>МАНДЕЛА</value>
</attribute>
</entry>
<entry>
<id>10</id>
<offset>547</offset>
<length>12</length>
<class>AAA_Estimate_Person</class>
<attribute>
<name>Canonical</name>
<value>ГРАСА МАШЕЛ</value>
</attribute>
</entry>
<entry>
<id>11</id>
<offset>631</offset>
<length>7</length>
<class>AAA_Estimate_Person</class>
<attribute>
<name>Canonical</name>
<value>МАНДЕЛА</value>
</attribute>
</entry>
<entry>
<id>12</id>
<offset>676</offset>
<length>5</length>
<class>AAA_Estimate_Person</class>
<attribute>
<name>Canonical</name>
<value>ОБАМА</value>
</attribute>
</entry>
<entry>
<id>13</id>
<offset>797</offset>
<length>7</length>
<class>AAA_Estimate_Person</class>
<attribute>
<name>Canonical</name>
<value>МАНДЕЛА</value>
</attribute>
</entry>
<entry>
<id>14</id>
<offset>863</offset>
<length>7</length>
<class>AAA_Estimate_Person</class>
<attribute>
<name>Canonical</name>
<value>МАНДЕЛА</value>
</attribute>
</entry>
<entry>
<id>15</id>
<offset>1038</offset>
<length>5</length>
<class>AAA_Estimate_Person</class>
<attribute>
<name>Canonical</name>
<value>ОБАМА</value>
</attribute>
</entry>
<entry>
<id>16</id>
<offset>1062</offset>
<length>7</length>
<class>AAA_Estimate_Person</class>
<attribute>
<name>Canonical</name>
<value>МАНДЕЛА</value>
</attribute>
</entry>
<entry>
<id>17</id>
<offset>1237</offset>
<length>12</length>
<class>AAA_Estimate_Person</class>
<attribute>
<name>Canonical</name>
<value>ДЖЕЙКОБ ЗУМА</value>
</attribute>
</entry>
<entry>
<id>18</id>
<offset>1263</offset>
<length>7</length>
<class>AAA_Estimate_Person</class>
<attribute>
<name>Canonical</name>
<value>МАНДЕЛА</value>
</attribute>
</entry>
</markup>
