﻿<markup>
<entry>
<id>1</id>
<offset>282</offset>
<length>19</length>
<class>AAA_Estimate_Person</class>
<attribute>
<name>Canonical</name>
<value>АЛЕКСАНДР ИГНАТЕНКО</value>
</attribute>
</entry>
<entry>
<id>2</id>
<offset>378</offset>
<length>16</length>
<class>AAA_Estimate_Person</class>
<attribute>
<name>Canonical</name>
<value>МАРИНА ГРИДНЕВА</value>
</attribute>
</entry>
<entry>
<id>3</id>
<offset>591</offset>
<length>9</length>
<class>AAA_Estimate_Person</class>
<attribute>
<name>Canonical</name>
<value>ИГНАТЕНКО</value>
</attribute>
</entry>
<entry>
<id>4</id>
<offset>678</offset>
<length>16</length>
<class>AAA_Estimate_Person</class>
<attribute>
<name>Canonical</name>
<value>ИВАН НАЗАРОВ</value>
</attribute>
</entry>
<entry>
<id>5</id>
<offset>768</offset>
<length>15</length>
<class>AAA_Estimate_Person</class>
<attribute>
<name>Canonical</name>
<value>АЛЕКСАНДР МОХОВ</value>
</attribute>
</entry>
<entry>
<id>6</id>
<offset>891</offset>
<length>5</length>
<class>AAA_Estimate_Person</class>
<attribute>
<name>Canonical</name>
<value>МОХОВ</value>
</attribute>
</entry>
<entry>
<id>12</id>
<offset>997</offset>
<length>8</length>
<class>AAA_Estimate_Person</class>
<attribute>
<name>Canonical</name>
<value>ГРИДНЕВА</value>
</attribute>
</entry>
<entry>
<id>7</id>
<offset>1376</offset>
<length>8</length>
<class>AAA_Estimate_Person</class>
<attribute>
<name>Canonical</name>
<value>ГРИДНЕВА</value>
</attribute>
</entry>
<entry>
<id>8</id>
<offset>1420</offset>
<length>10</length>
<class>AAA_Estimate_Person</class>
<attribute>
<name>Canonical</name>
<value>ЮРИЙ ЧАЙКА</value>
</attribute>
</entry>
<entry>
<id>9</id>
<offset>1537</offset>
<length>22</length>
<class>AAA_Estimate_Person</class>
<attribute>
<name>Canonical</name>
<value>ВЛАДИМИР МАЛИНОВСКИЙ</value>
</attribute>
</entry>
<entry>
<id>13</id>
<offset>1773</offset>
<length>7</length>
<class>AAA_Estimate_Person</class>
<attribute>
<name>Canonical</name>
<value>НАЗАРОВ</value>
</attribute>
</entry>
<entry>
<id>10</id>
<offset>1824</offset>
<length>12</length>
<class>AAA_Estimate_Person</class>
<attribute>
<name>Canonical</name>
<value>МАЛИНОВСКИЙ</value>
</attribute>
</entry>
</markup>
