﻿<markup>
<entry>
<id>1</id>
<offset>391</offset>
<length>14</length>
<class>AAA_Estimate_Person</class>
<attribute>
<name>Canonical</name>
<value>МАКСИМ СОКОЛОВ</value>
</attribute>
</entry>
<entry>
<id>2</id>
<offset>429</offset>
<length>19</length>
<class>AAA_Estimate_Person</class>
<attribute>
<name>Canonical</name>
<value>АЛЕКСАНДР ДРОЗДЕНКО</value>
</attribute>
</entry>
<entry>
<id>3</id>
<offset>489</offset>
<length>15</length>
<class>AAA_Estimate_Person</class>
<attribute>
<name>Canonical</name>
<value>РОМАН СТАРОВОЙТ</value>
</attribute>
</entry>
<entry>
<id>4</id>
<offset>3107</offset>
<length>13</length>
<class>AAA_Estimate_Person</class>
<attribute>
<name>Canonical</name>
<value>ИГОРЬ ЮРЕНКОВ</value>
</attribute>
</entry>
<entry>
<id>5</id>
<offset>4050</offset>
<length>15</length>
<class>AAA_Estimate_Person</class>
<attribute>
<name>Canonical</name>
<value>ИВАН КУЗНЕЦОВ</value>
</attribute>
</entry>
</markup>
