﻿<markup>
<entry>
<id>1</id>
<offset>249</offset>
<length>14</length>
<class>AAA_Estimate_Person</class>
<attribute>
<name>Canonical</name>
<value>ВИКТОР ТОМЕНКО</value>
</attribute>
</entry>
<entry>
<id>2</id>
<offset>462</offset>
<length>14</length>
<class>AAA_Estimate_Person</class>
<attribute>
<name>Canonical</name>
<value>ВИКТОР ТОМЕНКО</value>
</attribute>
</entry>
<entry>
<id>3</id>
<offset>1011</offset>
<length>15</length>
<class>AAA_Estimate_Person</class>
<attribute>
<name>Canonical</name>
<value>ЭДХАМ АКБУЛАТОВ</value>
</attribute>
</entry>
<entry>
<id>4</id>
<offset>1072</offset>
<length>15</length>
<class>AAA_Estimate_Person</class>
<attribute>
<name>Canonical</name>
<value>ВАСИЛИЙ КУЗУБОВ</value>
</attribute>
</entry>
<entry>
<id>5</id>
<offset>1090</offset>
<length>13</length>
<class>AAA_Estimate_Person</class>
<attribute>
<name>Canonical</name>
<value>ОЛЬГА КАРЛОВА</value>
</attribute>
</entry>
<entry>
<id>6</id>
<offset>1223</offset>
<length>14</length>
<class>AAA_Estimate_Person</class>
<attribute>
<name>Canonical</name>
<value>ДЕНИС ПАШКОВ</value>
</attribute>
</entry>
</markup>
