﻿<markup>
<entry>
<id>1</id>
<offset>94</offset>
<length>19</length>
<class>AAA_Estimate_Person</class>
<attribute>
<name>Canonical</name>
<value>АЛЕКСАНДР ДЕНИСОВ</value>
</attribute>
</entry>
<entry>
<id>2</id>
<offset>175</offset>
<length>15</length>
<class>AAA_Estimate_Person</class>
<attribute>
<name>Canonical</name>
<value>СВЕТЛАНА ОРЛОВА</value>
</attribute>
</entry>
<entry>
<id>3</id>
<offset>239</offset>
<length>17</length>
<class>AAA_Estimate_Person</class>
<attribute>
<name>Canonical</name>
<value>АЛЕКСАНДР ДЕНИСОВ</value>
</attribute>
</entry>
<entry>
<id>4</id>
<offset>311</offset>
<length>15</length>
<class>AAA_Estimate_Person</class>
<attribute>
<name>Canonical</name>
<value>СВЕТЛАНА ОРЛОВА</value>
</attribute>
</entry>
<entry>
<id>5</id>
<offset>437</offset>
<length>7</length>
<class>AAA_Estimate_Person</class>
<attribute>
<name>Canonical</name>
<value>ДЕНИСОВ</value>
</attribute>
</entry>
<entry>
<id>6</id>
<offset>656</offset>
<length>19</length>
<class>AAA_Estimate_Person</class>
<attribute>
<name>Canonical</name>
<value>АЛЕКСАНДР ДЕНИСОВ</value>
</attribute>
</entry>
<entry>
<id>7</id>
<offset>841</offset>
<length>6</length>
<class>AAA_Estimate_Person</class>
<attribute>
<name>Canonical</name>
<value>ОРЛОВА</value>
</attribute>
</entry>
<entry>
<id>8</id>
<offset>1365</offset>
<length>6</length>
<class>AAA_Estimate_Person</class>
<attribute>
<name>Canonical</name>
<value>ОРЛОВА</value>
</attribute>
</entry>
<entry>
<id>9</id>
<offset>1521</offset>
<length>18</length>
<class>AAA_Estimate_Person</class>
<attribute>
<name>Canonical</name>
<value>НИКОЛАЙ ВИНОГРАДОВ</value>
</attribute>
</entry>
<entry>
<id>10</id>
<offset>1674</offset>
<length>6</length>
<class>AAA_Estimate_Person</class>
<attribute>
<name>Canonical</name>
<value>ОРЛОВА</value>
</attribute>
</entry>
<entry>
<id>11</id>
<offset>1779</offset>
<length>19</length>
<class>AAA_Estimate_Person</class>
<attribute>
<name>Canonical</name>
<value>ВЛАДИМИР БЕЗРУКОВ</value>
</attribute>
</entry>
<entry>
<id>12</id>
<offset>1878</offset>
<length>14</length>
<class>AAA_Estimate_Person</class>
<attribute>
<name>Canonical</name>
<value>АНДРЕЙ КИТАЕВ</value>
</attribute>
</entry>
</markup>
