﻿<markup>
<entry>
<id>1</id>
<offset>159</offset>
<length>16</length>
<class>AAA_Estimate_Person</class>
<attribute>
<name>Canonical</name>
<value>НИКОЛАЙ ГЕОРГИЕВ</value>
</attribute>
</entry>
<entry>
<id>2</id>
<offset>242</offset>
<length>17</length>
<class>AAA_Estimate_Person</class>
<attribute>
<name>Canonical</name>
<value>НИКОЛАЙ АЗАРОВ</value>
</attribute>
</entry>
<entry>
<id>3</id>
<offset>349</offset>
<length>6</length>
<class>AAA_Estimate_Person</class>
<attribute>
<name>Canonical</name>
<value>АЗАРОВ</value>
</attribute>
</entry>
<entry>
<id>4</id>
<offset>619</offset>
<length>6</length>
<class>AAA_Estimate_Person</class>
<attribute>
<name>Canonical</name>
<value>АЗАРОВ</value>
</attribute>
</entry>
<entry>
<id>5</id>
<offset>665</offset>
<length>6</length>
<class>AAA_Estimate_Person</class>
<attribute>
<name>Canonical</name>
<value>АЗАРОВ</value>
</attribute>
</entry>
<entry>
<id>6</id>
<offset>979</offset>
<length>16</length>
<class>AAA_Estimate_Person</class>
<attribute>
<name>Canonical</name>
<value>НИКОЛАЙ ГЕОРГИЕВ</value>
</attribute>
</entry>
<entry>
<id>7</id>
<offset>1161</offset>
<length>16</length>
<class>AAA_Estimate_Person</class>
<attribute>
<name>Canonical</name>
<value>НИКОЛАЙ ГЕОРГИЕВ</value>
</attribute>
</entry>
<entry>
<id>8</id>
<offset>1255</offset>
<length>19</length>
<class>AAA_Estimate_Person</class>
<attribute>
<name>Canonical</name>
<value>КРИСТОФЕР ДЖАРВИС</value>
</attribute>
</entry>
<entry>
<id>9</id>
<offset>1282</offset>
<length>8</length>
<class>AAA_Estimate_Person</class>
<attribute>
<name>Canonical</name>
<value>ГЕОРГИЕВ</value>
</attribute>
</entry>
<entry>
<id>10</id>
<offset>1874</offset>
<length>14</length>
<class>AAA_Estimate_Person</class>
<attribute>
<name>Canonical</name>
<value>АРСЕНИЙ ЯЦЕНЮК</value>
</attribute>
</entry>
</markup>
