﻿<markup>
<entry>
<id>1</id>
<offset>18</offset>
<length>8</length>
<class>AAA_Estimate_Person</class>
<attribute>
<name>Canonical</name>
<value>ХАМДАЛЛА</value>
</attribute>
</entry>
<entry>
<id>2</id>
<offset>87</offset>
<length>8</length>
<class>AAA_Estimate_Person</class>
<attribute>
<name>Canonical</name>
<value>ХАМДАЛЛА</value>
</attribute>
</entry>
<entry>
<id>3</id>
<offset>133</offset>
<length>13</length>
<class>AAA_Estimate_Person</class>
<attribute>
<name>Canonical</name>
<value>РАМИ ХАМДАЛЛА</value>
</attribute>
</entry>
<entry>
<id>4</id>
<offset>182</offset>
<length>13</length>
<class>AAA_Estimate_Person</class>
<attribute>
<name>Canonical</name>
<value>РАМИ ХАМДАЛЛА</value>
</attribute>
</entry>
<entry>
<id>5</id>
<offset>405</offset>
<length>12</length>
<class>AAA_Estimate_Person</class>
<attribute>
<name>Canonical</name>
<value>МАХМУД АББАС</value>
</attribute>
</entry>
<entry>
<id>6</id>
<offset>423</offset>
<length>8</length>
<class>AAA_Estimate_Person</class>
<attribute>
<name>Canonical</name>
<value>ХАМДАЛЛА</value>
</attribute>
</entry>
<entry>
<id>8</id>
<offset>578</offset>
<length>13</length>
<class>AAA_Estimate_Person</class>
<attribute>
<name>Canonical</name>
<value>РАМИ ХАМДАЛЛА</value>
</attribute>
</entry>
<entry>
<id>9</id>
<offset>877</offset>
<length>8</length>
<class>AAA_Estimate_Person</class>
<attribute>
<name>Canonical</name>
<value>ХАМДАЛЛА</value>
</attribute>
</entry>
<entry>
<id>10</id>
<offset>1054</offset>
<length>10</length>
<class>AAA_Estimate_Person</class>
<attribute>
<name>Canonical</name>
<value>САЛАМ ФАЯД</value>
</attribute>
</entry>
<entry>
<id>11</id>
<offset>1069</offset>
<length>5</length>
<class>AAA_Estimate_Person</class>
<attribute>
<name>Canonical</name>
<value>ФАЯД</value>
</attribute>
</entry>
</markup>
