﻿<markup>
<entry>
<id>1</id>
<offset>103</offset>
<length>18</length>
<class>AAA_Estimate_Person</class>
<attribute>
<name>Canonical</name>
<value>ДМИТРИЙ БЕЛАНОВИЧ</value>
</attribute>
</entry>
<entry>
<id>2</id>
<offset>348</offset>
<length>16</length>
<class>AAA_Estimate_Person</class>
<attribute>
<name>Canonical</name>
<value>АНДРЕЙ ИЛЬНИЦКИЙ</value>
</attribute>
</entry>
<entry>
<id>3</id>
<offset>608</offset>
<length>9</length>
<class>AAA_Estimate_Person</class>
<attribute>
<name>Canonical</name>
<value>ИЛЬНИЦКИЙ</value>
</attribute>
</entry>
<entry>
<id>4</id>
<offset>652</offset>
<length>9</length>
<class>AAA_Estimate_Person</class>
<attribute>
<name>Canonical</name>
<value>БЕЛАНОВИЧ</value>
</attribute>
</entry>
<entry>
<id>5</id>
<offset>753</offset>
<length>18</length>
<class>AAA_Estimate_Person</class>
<attribute>
<name>Canonical</name>
<value>АНДРЕЙ ВОРОБЬЕВ</value>
</attribute>
</entry>
<entry>
<id>6</id>
<offset>786</offset>
<length>14</length>
<class>AAA_Estimate_Person</class>
<attribute>
<name>Canonical</name>
<value>ИГОРЬ СУНГУРОВ</value>
</attribute>
</entry>
<entry>
<id>7</id>
<offset>1034</offset>
<length>10</length>
<class>AAA_Estimate_Person</class>
<attribute>
<name>Canonical</name>
<value>ИЛЬНИЦКИЙ</value>
</attribute>
</entry>
<entry>
<id>8</id>
<offset>1329</offset>
<length>9</length>
<class>AAA_Estimate_Person</class>
<attribute>
<name>Canonical</name>
<value>БЕЛАНОВИЧ</value>
</attribute>
</entry>
<entry>
<id>9</id>
<offset>1411</offset>
<length>9</length>
<class>AAA_Estimate_Person</class>
<attribute>
<name>Canonical</name>
<value>БЕЛАНОВИЧ</value>
</attribute>
</entry>
<entry>
<id>10</id>
<offset>1855</offset>
<length>10</length>
<class>AAA_Estimate_Person</class>
<attribute>
<name>Canonical</name>
<value>БЕЛАНОВИЧ</value>
</attribute>
</entry>
<entry>
<id>11</id>
<offset>2243</offset>
<length>10</length>
<class>AAA_Estimate_Person</class>
<attribute>
<name>Canonical</name>
<value>БЕЛАНОВИЧ</value>
</attribute>
</entry>
<entry>
<id>12</id>
<offset>2326</offset>
<length>8</length>
<class>AAA_Estimate_Person</class>
<attribute>
<name>Canonical</name>
<value>ВОРОБЬЕВ</value>
</attribute>
</entry>
</markup>
