﻿<markup>
<entry>
<id>12</id>
<offset>43</offset>
<length>6</length>
<class>AAA_Estimate_Person</class>
<attribute>
<name>Canonical</name>
<value>АЗАРОВ</value>
</attribute>
</entry>
<entry>
<id>1</id>
<offset>230</offset>
<length>14</length>
<class>AAA_Estimate_Person</class>
<attribute>
<name>Canonical</name>
<value>НИКОЛАЙ АЗАРОВ</value>
</attribute>
</entry>
<entry>
<id>3</id>
<offset>653</offset>
<length>6</length>
<class>AAA_Estimate_Person</class>
<attribute>
<name>Canonical</name>
<value>АЗАРОВ</value>
</attribute>
</entry>
<entry>
<id>4</id>
<offset>664</offset>
<length>7</length>
<class>AAA_Estimate_Person</class>
<attribute>
<name>Canonical</name>
<value>АРБУЗОВ</value>
</attribute>
</entry>
<entry>
<id>5</id>
<offset>675</offset>
<length>7</length>
<class>AAA_Estimate_Person</class>
<attribute>
<name>Canonical</name>
<value>ЕФРЕМОВ</value>
</attribute>
</entry>
<entry>
<id>7</id>
<offset>697</offset>
<length>6</length>
<class>AAA_Estimate_Person</class>
<attribute>
<name>Canonical</name>
<value>АЗАРОВ</value>
</attribute>
</entry>
<entry>
<id>8</id>
<offset>811</offset>
<length>7</length>
<class>AAA_Estimate_Person</class>
<attribute>
<name>Canonical</name>
<value>АЗАРОВ</value>
</attribute>
</entry>
<entry>
<id>9</id>
<offset>1008</offset>
<length>15</length>
<class>AAA_Estimate_Person</class>
<attribute>
<name>Canonical</name>
<value>ВИКТОР ЯНУКОВИЧ</value>
</attribute>
</entry>
<entry>
<id>10</id>
<offset>1040</offset>
<length>7</length>
<class>AAA_Estimate_Person</class>
<attribute>
<name>Canonical</name>
<value>АЗАРОВ</value>
</attribute>
</entry>
</markup>
