﻿<markup>
<entry>
<id>1</id>
<offset>105</offset>
<length>14</length>
<class>AAA_Estimate_Person</class>
<attribute>
<name>Canonical</name>
<value>АЛЕКСЕЙ МИЛЛЕР</value>
</attribute>
</entry>
<entry>
<id>2</id>
<offset>383</offset>
<length>14</length>
<class>AAA_Estimate_Person</class>
<attribute>
<name>Canonical</name>
<value>АЛЕКСЕЙ МИЛЛЕР</value>
</attribute>
</entry>
<entry>
<id>3</id>
<offset>609</offset>
<length>6</length>
<class>AAA_Estimate_Person</class>
<attribute>
<name>Canonical</name>
<value>МИЛЛЕР</value>
</attribute>
</entry>
<entry>
<id>4</id>
<offset>766</offset>
<length>14</length>
<class>AAA_Estimate_Person</class>
<attribute>
<name>Canonical</name>
<value>МАРСЕЛЬ КРАМЕР</value>
</attribute>
</entry>
<entry>
<id>5</id>
<offset>1042</offset>
<length>12</length>
<class>AAA_Estimate_Person</class>
<attribute>
<name>Canonical</name>
<value>ОЛЕГ АКСЮТИН</value>
</attribute>
</entry>
</markup>
