﻿<markup>
<entry>
<id>1</id>
<offset>0</offset>
<length>8</length>
<class>AAA_Estimate_Person</class>
<attribute>
<name>Canonical</name>
<value>МЕДВЕДЕВ</value>
</attribute>
</entry>
<entry>
<id>2</id>
<offset>59</offset>
<length>16</length>
<class>AAA_Estimate_Person</class>
<attribute>
<name>Canonical</name>
<value>ДМИТРИЙ МЕДВЕДЕВ</value>
</attribute>
</entry>
<entry>
<id>3</id>
<offset>263</offset>
<length>17</length>
<class>AAA_Estimate_Person</class>
<attribute>
<name>Canonical</name>
<value>АЛЕКСАНДР КУЛИКОВ</value>
</attribute>
</entry>
<entry>
<id>4</id>
<offset>283</offset>
<length>15</length>
<class>AAA_Estimate_Person</class>
<attribute>
<name>Canonical</name>
<value>ВЛАДИМИР ФУРСОВ</value>
</attribute>
</entry>
<entry>
<id>5</id>
<offset>322</offset>
<length>6</length>
<class>AAA_Estimate_Person</class>
<attribute>
<name>Canonical</name>
<value>ФУРСОВ</value>
</attribute>
</entry>
<entry>
<id>6</id>
<offset>546</offset>
<length>16</length>
<class>AAA_Estimate_Person</class>
<attribute>
<name>Canonical</name>
<value>ВЛАДИМИР БУЛАТОВ</value>
</attribute>
</entry>
<entry>
<id>7</id>
<offset>648</offset>
<length>11</length>
<class>AAA_Estimate_Person</class>
<attribute>
<name>Canonical</name>
<value>ИГОРЬ ЖУКОВ</value>
</attribute>
</entry>
<entry>
<id>8</id>
<offset>709</offset>
<length>16</length>
<class>AAA_Estimate_Person</class>
<attribute>
<name>Canonical</name>
<value>НИКОЛАЙ МИХАЙЛОВ</value>
</attribute>
</entry>
<entry>
<id>9</id>
<offset>775</offset>
<length>16</length>
<class>AAA_Estimate_Person</class>
<attribute>
<name>Canonical</name>
<value>АЛЕКСАНДР ЧИСЛОВ</value>
</attribute>
</entry>
<entry>
<id>10</id>
<offset>823</offset>
<length>5</length>
<class>AAA_Estimate_Person</class>
<attribute>
<name>Canonical</name>
<value>ЖУКОВ</value>
</attribute>
</entry>
</markup>
