﻿<markup>
<entry>
<id>1</id>
<offset>0</offset>
<length>11</length>
<class>AAA_Estimate_Person</class>
<attribute>
<name>Canonical</name>
<value>ПИОТРОВСКИЙ</value>
</attribute>
</entry>
<entry>
<id>2</id>
<offset>24</offset>
<length>9</length>
<class>AAA_Estimate_Person</class>
<attribute>
<name>Canonical</name>
<value>АНТОНОВА</value>
</attribute>
</entry>
<entry>
<id>3</id>
<offset>202</offset>
<length>18</length>
<class>AAA_Estimate_Person</class>
<attribute>
<name>Canonical</name>
<value>МИХАИЛ ПИОТРОВСКИЙ</value>
</attribute>
</entry>
<entry>
<id>4</id>
<offset>258</offset>
<length>18</length>
<class>AAA_Estimate_Person</class>
<attribute>
<name>Canonical</name>
<value>МИХАИЛ ПИОТРОВСКИЙ</value>
</attribute>
</entry>
<entry>
<id>5</id>
<offset>314</offset>
<length>18</length>
<class>AAA_Estimate_Person</class>
<attribute>
<name>Canonical</name>
<value>МИХАИЛ ПИОТРОВСКИЙ</value>
</attribute>
</entry>
<entry>
<id>6</id>
<offset>345</offset>
<length>14</length>
<class>AAA_Estimate_Person</class>
<attribute>
<name>Canonical</name>
<value>ИРИНА АНТОНОВА</value>
</attribute>
</entry>
<entry>
<id>7</id>
<offset>557</offset>
<length>18</length>
<class>AAA_Estimate_Person</class>
<attribute>
<name>Canonical</name>
<value>ВЛАДИМИР МЕДИНСКИЙ</value>
</attribute>
</entry>
<entry>
<id>8</id>
<offset>589</offset>
<length>8</length>
<class>AAA_Estimate_Person</class>
<attribute>
<name>Canonical</name>
<value>АНТОНОВА</value>
</attribute>
</entry>
<entry>
<id>9</id>
<offset>732</offset>
<length>12</length>
<class>AAA_Estimate_Person</class>
<attribute>
<name>Canonical</name>
<value>МАРИНА ЛОШАК</value>
</attribute>
</entry>
<entry>
<id>10</id>
<offset>816</offset>
<length>19</length>
<class>AAA_Estimate_Person</class>
<attribute>
<name>Canonical</name>
<value>ИРИНА АЛЕКСАНДРОВНА</value>
</attribute>
</entry>
<entry>
<id>11</id>
<offset>986</offset>
<length>9</length>
<class>AAA_Estimate_Person</class>
<attribute>
<name>Canonical</name>
<value>АНТОНОВА</value>
</attribute>
</entry>
<entry>
<id>12</id>
<offset>1140</offset>
<length>11</length>
<class>AAA_Estimate_Person</class>
<attribute>
<name>Canonical</name>
<value>ПИОТРОВСКИЙ</value>
</attribute>
</entry>
<entry>
<id>13</id>
<offset>1182</offset>
<length>8</length>
<class>AAA_Estimate_Person</class>
<attribute>
<name>Canonical</name>
<value>АНТОНОВА</value>
</attribute>
</entry>
<entry>
<id>14</id>
<offset>1249</offset>
<length>7</length>
<class>AAA_Estimate_Person</class>
<attribute>
<name>Canonical</name>
<value>СТАЛИН</value>
</attribute>
</entry>
<entry>
<id>15</id>
<offset>1384</offset>
<length>6</length>
<class>AAA_Estimate_Person</class>
<attribute>
<name>Canonical</name>
<value>ЩУКИН</value>
</attribute>
</entry>
<entry>
<id>16</id>
<offset>1393</offset>
<length>8</length>
<class>AAA_Estimate_Person</class>
<attribute>
<name>Canonical</name>
<value>МОРОЗОВ</value>
</attribute>
</entry>
<entry>
<id>18</id>
<offset>1473</offset>
<length>18</length>
<class>AAA_Estimate_Person</class>
<attribute>
<name>Canonical</name>
<value>МИХАИЛ ПИОТРОВСКИЙ</value>
</attribute>
</entry>
</markup>
