﻿<markup>
<entry>
<id>1</id>
<offset>97</offset>
<length>14</length>
<class>AAA_Estimate_Person</class>
<attribute>
<name>Canonical</name>
<value>СЕРГЕЙ СОБЯНИН</value>
</attribute>
</entry>
<entry>
<id>2</id>
<offset>416</offset>
<length>17</length>
<class>AAA_Estimate_Person</class>
<attribute>
<name>Canonical</name>
<value>ВЛАДИМИР ПЛАТОНОВ</value>
</attribute>
</entry>
<entry>
<id>3</id>
<offset>455</offset>
<length>14</length>
<class>AAA_Estimate_Person</class>
<attribute>
<name>Canonical</name>
<value>СЕРГЕЙ СОБЯНИН</value>
</attribute>
</entry>
<entry>
<id>4</id>
<offset>636</offset>
<length>7</length>
<class>AAA_Estimate_Person</class>
<attribute>
<name>Canonical</name>
<value>СОБЯНИН</value>
</attribute>
</entry>
<entry>
<id>5</id>
<offset>972</offset>
<length>8</length>
<class>AAA_Estimate_Person</class>
<attribute>
<name>Canonical</name>
<value>ПЛАТОНОВ</value>
</attribute>
</entry>
<entry>
<id>6</id>
<offset>1132</offset>
<length>14</length>
<class>AAA_Estimate_Person</class>
<attribute>
<name>Canonical</name>
<value>ВЛАДИМИР ПУТИН</value>
</attribute>
</entry>
<entry>
<id>7</id>
<offset>1196</offset>
<length>8</length>
<class>AAA_Estimate_Person</class>
<attribute>
<name>Canonical</name>
<value>СОБЯНИН</value>
</attribute>
</entry>
<entry>
<id>8</id>
<offset>1521</offset>
<length>8</length>
<class>AAA_Estimate_Person</class>
<attribute>
<name>Canonical</name>
<value>ПЛАТОНОВ</value>
</attribute>
</entry>
</markup>
