﻿<markup>
<entry>
<id>1</id>
<offset>37</offset>
<length>10</length>
<class>AAA_Estimate_Person</class>
<attribute>
<name>Canonical</name>
<value>Д ЛИВАНОВ</value>
</attribute>
</entry>
<entry>
<id>2</id>
<offset>62</offset>
<length>9</length>
<class>AAA_Estimate_Person</class>
<attribute>
<name>Canonical</name>
<value>О ГОЛОДЕЦ</value>
</attribute>
</entry>
<entry>
<id>3</id>
<offset>107</offset>
<length>16</length>
<class>AAA_Estimate_Person</class>
<attribute>
<name>Canonical</name>
<value>ДМИТРИЙ МЕДВЕДЕВ</value>
</attribute>
</entry>
<entry>
<id>4</id>
<offset>133</offset>
<length>18</length>
<class>AAA_Estimate_Person</class>
<attribute>
<name>Canonical</name>
<value>ВЕНИАМИН КАГАНОВ</value>
</attribute>
</entry>
<entry>
<id>5</id>
<offset>299</offset>
<length>9</length>
<class>AAA_Estimate_Person</class>
<attribute>
<name>Canonical</name>
<value>В КАГАНОВ</value>
</attribute>
</entry>
<entry>
<id>6</id>
<offset>506</offset>
<length>14</length>
<class>AAA_Estimate_Person</class>
<attribute>
<name>Canonical</name>
<value>ИГОРЬ ФЕДЮКИН</value>
</attribute>
</entry>
<entry>
<id>7</id>
<offset>651</offset>
<length>16</length>
<class>AAA_Estimate_Person</class>
<attribute>
<name>Canonical</name>
<value>ДМИТРИЙ ЛИВАНОВ</value>
</attribute>
</entry>
<entry>
<id>8</id>
<offset>725</offset>
<length>9</length>
<class>AAA_Estimate_Person</class>
<attribute>
<name>Canonical</name>
<value>В КАГАНОВ</value>
</attribute>
</entry>
<entry>
<id>9</id>
<offset>751</offset>
<length>10</length>
<class>AAA_Estimate_Person</class>
<attribute>
<name>Canonical</name>
<value>И ФЕДЮКИН</value>
</attribute>
</entry>
<entry>
<id>10</id>
<offset>794</offset>
<length>15</length>
<class>AAA_Estimate_Person</class>
<attribute>
<name>Canonical</name>
<value>ИГОРЬ РЕМОРЕНКО</value>
</attribute>
</entry>
<entry>
<id>11</id>
<offset>898</offset>
<length>9</length>
<class>AAA_Estimate_Person</class>
<attribute>
<name>Canonical</name>
<value>В КАГАНОВ</value>
</attribute>
</entry>
<entry>
<id>12</id>
<offset>1172</offset>
<length>9</length>
<class>AAA_Estimate_Person</class>
<attribute>
<name>Canonical</name>
<value>В КАГАНОВ</value>
</attribute>
</entry>
<entry>
<id>15</id>
<offset>1365</offset>
<length>9</length>
<class>AAA_Estimate_Person</class>
<attribute>
<name>Canonical</name>
<value>В КАГАНОВ</value>
</attribute>
</entry>
<entry>
<id>13</id>
<offset>1498</offset>
<length>9</length>
<class>AAA_Estimate_Person</class>
<attribute>
<name>Canonical</name>
<value>В КАГАНОВ</value>
</attribute>
</entry>
<entry>
<id>14</id>
<offset>1545</offset>
<length>13</length>
<class>AAA_Estimate_Person</class>
<attribute>
<name>Canonical</name>
<value>ОЛЬГА ГОЛОДЕЦ</value>
</attribute>
</entry>
</markup>
