﻿<markup>
<entry>
<id>1</id>
<offset>4</offset>
<length>18</length>
<class>AAA_Estimate_Person</class>
<attribute>
<name>Canonical</name>
<value>АЛЕКСАНДР ХИНШТЕЙН</value>
</attribute>
</entry>
<entry>
<id>2</id>
<offset>68</offset>
<length>17</length>
<class>AAA_Estimate_Person</class>
<attribute>
<name>Canonical</name>
<value>АЛЕКСЕЙ БЕНДУСОВ</value>
</attribute>
</entry>
<entry>
<id>3</id>
<offset>180</offset>
<length>12</length>
<class>AAA_Estimate_Person</class>
<attribute>
<name>Canonical</name>
<value>МИХАИЛ БАБИЧ</value>
</attribute>
</entry>
<entry>
<id>4</id>
<offset>290</offset>
<length>13</length>
<class>AAA_Estimate_Person</class>
<attribute>
<name>Canonical</name>
<value>СЕРГЕЙ ЧАБАН</value>
</attribute>
</entry>
<entry>
<id>5</id>
<offset>334</offset>
<length>18</length>
<class>AAA_Estimate_Person</class>
<attribute>
<name>Canonical</name>
<value>АЛЕКСАНДР ХИНШТЕЙН</value>
</attribute>
</entry>
<entry>
<id>6</id>
<offset>420</offset>
<length>17</length>
<class>AAA_Estimate_Person</class>
<attribute>
<name>Canonical</name>
<value>АЛЕКСЕЙ БЕНДУСОВ</value>
</attribute>
</entry>
<entry>
<id>7</id>
<offset>532</offset>
<length>14</length>
<class>AAA_Estimate_Person</class>
<attribute>
<name>Canonical</name>
<value>МИХАИЛ БАБИЧ</value>
</attribute>
</entry>
<entry>
<id>8</id>
<offset>758</offset>
<length>19</length>
<class>AAA_Estimate_Person</class>
<attribute>
<name>Canonical</name>
<value>АЛЕКСЕЙ БЕНДУСОВ</value>
</attribute>
</entry>
<entry>
<id>9</id>
<offset>779</offset>
<length>12</length>
<class>AAA_Estimate_Person</class>
<attribute>
<name>Canonical</name>
<value>МИХАИЛ БАБИЧ</value>
</attribute>
</entry>
<entry>
<id>10</id>
<offset>805</offset>
<length>17</length>
<class>AAA_Estimate_Person</class>
<attribute>
<name>Canonical</name>
<value>АЛЕКСЕЙ БЕНДУСОВ</value>
</attribute>
</entry>
<entry>
<id>11</id>
<offset>864</offset>
<length>17</length>
<class>AAA_Estimate_Person</class>
<attribute>
<name>Canonical</name>
<value>НИКОЛАЙ МЕРКУШКИН</value>
</attribute>
</entry>
<entry>
<id>12</id>
<offset>1024</offset>
<length>12</length>
<class>AAA_Estimate_Person</class>
<attribute>
<name>Canonical</name>
<value>МИХАИЛ БАБИЧ</value>
</attribute>
</entry>
<entry>
<id>13</id>
<offset>1059</offset>
<length>13</length>
<class>AAA_Estimate_Person</class>
<attribute>
<name>Canonical</name>
<value>СЕРГЕЙ ЧАБАН</value>
</attribute>
</entry>
<entry>
<id>14</id>
<offset>1225</offset>
<length>17</length>
<class>AAA_Estimate_Person</class>
<attribute>
<name>Canonical</name>
<value>АЛЕКСЕЙ БЕНДУСОВ</value>
</attribute>
</entry>
<entry>
<id>15</id>
<offset>1304</offset>
<length>16</length>
<class>AAA_Estimate_Person</class>
<attribute>
<name>Canonical</name>
<value>ВЛАДИМИР АРТЯКОВ</value>
</attribute>
</entry>
<entry>
<id>16</id>
<offset>1322</offset>
<length>8</length>
<class>AAA_Estimate_Person</class>
<attribute>
<name>Canonical</name>
<value>БЕНДУСОВ</value>
</attribute>
</entry>
<entry>
<id>17</id>
<offset>1465</offset>
<length>17</length>
<class>AAA_Estimate_Person</class>
<attribute>
<name>Canonical</name>
<value>НИКОЛАЙ МЕРКУШКИН</value>
</attribute>
</entry>
<entry>
<id>18</id>
<offset>1520</offset>
<length>17</length>
<class>AAA_Estimate_Person</class>
<attribute>
<name>Canonical</name>
<value>АЛЕКСЕЙ БЕНДУСОВ</value>
</attribute>
</entry>
<entry>
<id>19</id>
<offset>1673</offset>
<length>13</length>
<class>AAA_Estimate_Person</class>
<attribute>
<name>Canonical</name>
<value>СЕРГЕЙ ЧАБАН</value>
</attribute>
</entry>
<entry>
<id>20</id>
<offset>1824</offset>
<length>18</length>
<class>AAA_Estimate_Person</class>
<attribute>
<name>Canonical</name>
<value>АЛЕКСАНДР ХИНШТЕЙН</value>
</attribute>
</entry>
<entry>
<id>21</id>
<offset>1876</offset>
<length>13</length>
<class>AAA_Estimate_Person</class>
<attribute>
<name>Canonical</name>
<value>А БЕНДУСОВ</value>
</attribute>
</entry>
<entry>
<id>22</id>
<offset>2052</offset>
<length>16</length>
<class>AAA_Estimate_Person</class>
<attribute>
<name>Canonical</name>
<value>МИХАИЛ МАТВЕЕВ</value>
</attribute>
</entry>
<entry>
<id>23</id>
<offset>2107</offset>
<length>17</length>
<class>AAA_Estimate_Person</class>
<attribute>
<name>Canonical</name>
<value>АЛЕКСЕЙ БЕНДУСОВ</value>
</attribute>
</entry>
<entry>
<id>24</id>
<offset>2209</offset>
<length>8</length>
<class>AAA_Estimate_Person</class>
<attribute>
<name>Canonical</name>
<value>АРТЯКОВ</value>
</attribute>
</entry>
<entry>
<id>25</id>
<offset>2748</offset>
<length>19</length>
<class>AAA_Estimate_Person</class>
<attribute>
<name>Canonical</name>
<value>ЭРНЕСТ СТАРАТЕЛЕВ</value>
</attribute>
</entry>
<entry>
<id>26</id>
<offset>2815</offset>
<length>16</length>
<class>AAA_Estimate_Person</class>
<attribute>
<name>Canonical</name>
<value>АЛЕКСЕЙ БЕНДУСОВ</value>
</attribute>
</entry>
<entry>
<id>27</id>
<offset>3061</offset>
<length>17</length>
<class>AAA_Estimate_Person</class>
<attribute>
<name>Canonical</name>
<value>АЛЕКСЕЙ ИВАНОВИЧ</value>
</attribute>
</entry>
<entry>
<id>28</id>
<offset>3311</offset>
<length>18</length>
<class>AAA_Estimate_Person</class>
<attribute>
<name>Canonical</name>
<value>ВЛАДИМИР АРТЯКОВ</value>
</attribute>
</entry>
<entry>
<id>29</id>
<offset>3410</offset>
<length>9</length>
<class>AAA_Estimate_Person</class>
<attribute>
<name>Canonical</name>
<value>БЕНДУСОВ</value>
</attribute>
</entry>
</markup>
