﻿<markup>
<entry>
<id>1</id>
<offset>87</offset>
<length>12</length>
<class>AAA_Estimate_Person</class>
<attribute>
<name>Canonical</name>
<value>ДЖЕЙКОБ ЛЬЮ</value>
</attribute>
</entry>
<entry>
<id>2</id>
<offset>236</offset>
<length>11</length>
<class>AAA_Estimate_Person</class>
<attribute>
<name>Canonical</name>
<value>ДЖЕЙКОБ ЛЬЮ</value>
</attribute>
</entry>
<entry>
<id>3</id>
<offset>412</offset>
<length>12</length>
<class>AAA_Estimate_Person</class>
<attribute>
<name>Canonical</name>
<value>БАРАК ОБАМА</value>
</attribute>
</entry>
<entry>
<id>4</id>
<offset>538</offset>
<length>12</length>
<class>AAA_Estimate_Person</class>
<attribute>
<name>Canonical</name>
<value>ДЖЕЙКОБ ЛЬЮ</value>
</attribute>
</entry>
<entry>
<id>5</id>
<offset>637</offset>
<length>15</length>
<class>AAA_Estimate_Person</class>
<attribute>
<name>Canonical</name>
<value>ТИМОТИ ГАЙТНЕР</value>
</attribute>
</entry>
<entry>
<id>6</id>
<offset>710</offset>
<length>3</length>
<class>AAA_Estimate_Person</class>
<attribute>
<name>Canonical</name>
<value>ЛЬЮ</value>
</attribute>
</entry>
<entry>
<id>7</id>
<offset>806</offset>
<length>5</length>
<class>AAA_Estimate_Person</class>
<attribute>
<name>Canonical</name>
<value>ОБАМА</value>
</attribute>
</entry>
<entry>
<id>8</id>
<offset>834</offset>
<length>3</length>
<class>AAA_Estimate_Person</class>
<attribute>
<name>Canonical</name>
<value>ЛЬЮ</value>
</attribute>
</entry>
<entry>
<id>9</id>
<offset>884</offset>
<length>3</length>
<class>AAA_Estimate_Person</class>
<attribute>
<name>Canonical</name>
<value>ЛЬЮ</value>
</attribute>
</entry>
<entry>
<id>10</id>
<offset>1079</offset>
<length>5</length>
<class>AAA_Estimate_Person</class>
<attribute>
<name>Canonical</name>
<value>ОБАМА</value>
</attribute>
</entry>
<entry>
<id>11</id>
<offset>1197</offset>
<length>3</length>
<class>AAA_Estimate_Person</class>
<attribute>
<name>Canonical</name>
<value>ЛЬЮ</value>
</attribute>
</entry>
<entry>
<id>12</id>
<offset>1466</offset>
<length>3</length>
<class>AAA_Estimate_Person</class>
<attribute>
<name>Canonical</name>
<value>ЛЬЮ</value>
</attribute>
</entry>
</markup>
