﻿<markup>
<entry>
<id>1</id>
<offset>0</offset>
<length>8</length>
<class>AAA_Estimate_Person</class>
<attribute>
<name>Canonical</name>
<value>ЯНУКОВИЧ</value>
</attribute>
</entry>
<entry>
<id>2</id>
<offset>112</offset>
<length>15</length>
<class>AAA_Estimate_Person</class>
<attribute>
<name>Canonical</name>
<value>ВИКТОР ЯНУКОВИЧ</value>
</attribute>
</entry>
<entry>
<id>3</id>
<offset>180</offset>
<length>15</length>
<class>AAA_Estimate_Person</class>
<attribute>
<name>Canonical</name>
<value>ДМИТРИЙ ПЛЯЦУК</value>
</attribute>
</entry>
<entry>
<id>4</id>
<offset>219</offset>
<length>24</length>
<class>AAA_Estimate_Person</class>
<attribute>
<name>Canonical</name>
<value>АРТУРО ФРАНЦИСКО БАБЕНКО</value>
</attribute>
</entry>
<entry>
<id>5</id>
<offset>355</offset>
<length>7</length>
<class>AAA_Estimate_Person</class>
<attribute>
<name>Canonical</name>
<value>БАБЕНКО</value>
</attribute>
</entry>
<entry>
<id>6</id>
<offset>491</offset>
<length>7</length>
<class>AAA_Estimate_Person</class>
<attribute>
<name>Canonical</name>
<value>БАБЕНКО</value>
</attribute>
</entry>
<entry>
<id>7</id>
<offset>552</offset>
<length>13</length>
<class>AAA_Estimate_Person</class>
<attribute>
<name>Canonical</name>
<value>ПАВЕЛ ЛЕБЕДЕВ</value>
</attribute>
</entry>
</markup>
