﻿<markup>
<entry>
<id>1</id>
<offset>9</offset>
<length>12</length>
<class>AAA_Estimate_Person</class>
<attribute>
<name>Canonical</name>
<value>ТВАРДОВСКИЙ</value>
</attribute>
</entry>
<entry>
<id>2</id>
<offset>101</offset>
<length>21</length>
<class>AAA_Estimate_Person</class>
<attribute>
<name>Canonical</name>
<value>ВЛАДИМИР СУРОВЦЕВ</value>
</attribute>
</entry>
<entry>
<id>3</id>
<offset>157</offset>
<length>16</length>
<class>AAA_Estimate_Person</class>
<attribute>
<name>Canonical</name>
<value>ВИКТОР ПАСЕНКО</value>
</attribute>
</entry>
<entry>
<id>4</id>
<offset>267</offset>
<length>23</length>
<class>AAA_Estimate_Person</class>
<attribute>
<name>Canonical</name>
<value>АЛЕКСАНДР ТВАРДОВСКИЙ</value>
</attribute>
</entry>
<entry>
<id>5</id>
<offset>504</offset>
<length>18</length>
<class>AAA_Estimate_Person</class>
<attribute>
<name>Canonical</name>
<value>ВЛАДИМИР МЕДИНСКИЙ</value>
</attribute>
</entry>
<entry>
<id>6</id>
<offset>574</offset>
<length>21</length>
<class>AAA_Estimate_Person</class>
<attribute>
<name>Canonical</name>
<value>ВЛАДИМИР СУРОВЦЕВ</value>
</attribute>
</entry>
<entry>
<id>7</id>
<offset>630</offset>
<length>16</length>
<class>AAA_Estimate_Person</class>
<attribute>
<name>Canonical</name>
<value>ВИКТОР ПАСЕНКО</value>
</attribute>
</entry>
<entry>
<id>8</id>
<offset>794</offset>
<length>11</length>
<class>AAA_Estimate_Person</class>
<attribute>
<name>Canonical</name>
<value>ТВАРДОВСКИЙ</value>
</attribute>
</entry>
<entry>
<id>9</id>
<offset>923</offset>
<length>32</length>
<class>AAA_Estimate_Person</class>
<attribute>
<name>Canonical</name>
<value>АЛЕКСАНДР ТРИФОНОВИЧ ТВАРДОВСКИЙ</value>
</attribute>
</entry>
<entry>
<id>10</id>
<offset>1057</offset>
<length>11</length>
<class>AAA_Estimate_Person</class>
<attribute>
<name>Canonical</name>
<value>ТВАРДОВСКИЙ</value>
</attribute>
</entry>
<entry>
<id>11</id>
<offset>1227</offset>
<length>11</length>
<class>AAA_Estimate_Person</class>
<attribute>
<name>Canonical</name>
<value>ТВАРДОВСКИЙ</value>
</attribute>
</entry>
<entry>
<id>12</id>
<offset>1390</offset>
<length>11</length>
<class>AAA_Estimate_Person</class>
<attribute>
<name>Canonical</name>
<value>ТВАРДОВСКИЙ</value>
</attribute>
</entry>
<entry>
<id>13</id>
<offset>1560</offset>
<length>22</length>
<class>AAA_Estimate_Person</class>
<attribute>
<name>Canonical</name>
<value>АЛЕКСАНДР СОЛЖЕНИЦЫН</value>
</attribute>
</entry>
<entry>
<id>15</id>
<offset>1663</offset>
<length>11</length>
<class>AAA_Estimate_Person</class>
<attribute>
<name>Canonical</name>
<value>ТВАРДОВСКИЙ</value>
</attribute>
</entry>
<entry>
<id>16</id>
<offset>1929</offset>
<length>11</length>
<class>AAA_Estimate_Person</class>
<attribute>
<name>Canonical</name>
<value>ТВАРДОВСКИЙ</value>
</attribute>
</entry>
</markup>
