﻿<markup>
<entry>
<id>1</id>
<offset>187</offset>
<length>20</length>
<class>AAA_Estimate_Person</class>
<attribute>
<name>Canonical</name>
<value>ВЛАДИМИР МЕДИНСКИЙ</value>
</attribute>
</entry>
<entry>
<id>2</id>
<offset>515</offset>
<length>18</length>
<class>AAA_Estimate_Person</class>
<attribute>
<name>Canonical</name>
<value>ВЛАДИМИР МЕДИНСКИЙ</value>
</attribute>
</entry>
<entry>
<id>3</id>
<offset>620</offset>
<length>15</length>
<class>AAA_Estimate_Person</class>
<attribute>
<name>Canonical</name>
<value>ВАСИЛИЙ КИЧЕДЖИ</value>
</attribute>
</entry>
<entry>
<id>4</id>
<offset>662</offset>
<length>15</length>
<class>AAA_Estimate_Person</class>
<attribute>
<name>Canonical</name>
<value>ВАСИЛИЙ КИЧЕДЖИ</value>
</attribute>
</entry>
<entry>
<id>5</id>
<offset>1068</offset>
<length>15</length>
<class>AAA_Estimate_Person</class>
<attribute>
<name>Canonical</name>
<value>ТАТЬЯНА КЛЯВИНА</value>
</attribute>
</entry>
<entry>
<id>6</id>
<offset>1139</offset>
<length>9</length>
<class>AAA_Estimate_Person</class>
<attribute>
<name>Canonical</name>
<value>ОЛЬГА КОХ</value>
</attribute>
</entry>
<entry>
<id>7</id>
<offset>1848</offset>
<length>18</length>
<class>AAA_Estimate_Person</class>
<attribute>
<name>Canonical</name>
<value>ВАЛЕНТИН ЗУБОВ</value>
</attribute>
</entry>
</markup>
