﻿<markup>
<entry>
<id>1</id>
<offset>15</offset>
<length>9</length>
<class>AAA_Estimate_Person</class>
<attribute>
<name>Canonical</name>
<value>ВОРОБЬЕВ</value>
</attribute>
</entry>
<entry>
<id>3</id>
<offset>148</offset>
<length>16</length>
<class>AAA_Estimate_Person</class>
<attribute>
<name>Canonical</name>
<value>АНДРЕЙ ВОРОБЬЕВ</value>
</attribute>
</entry>
<entry>
<id>4</id>
<offset>323</offset>
<length>16</length>
<class>AAA_Estimate_Person</class>
<attribute>
<name>Canonical</name>
<value>АНДРЕЙ ВОРОБЬЕВ</value>
</attribute>
</entry>
<entry>
<id>5</id>
<offset>644</offset>
<length>8</length>
<class>AAA_Estimate_Person</class>
<attribute>
<name>Canonical</name>
<value>ВОРОБЬЕВ</value>
</attribute>
</entry>
<entry>
<id>6</id>
<offset>743</offset>
<length>12</length>
<class>AAA_Estimate_Person</class>
<attribute>
<name>Canonical</name>
<value>СЕРГЕЙ ШОЙГУ</value>
</attribute>
</entry>
<entry>
<id>11</id>
<offset>798</offset>
<length>8</length>
<class>AAA_Estimate_Person</class>
<attribute>
<name>Canonical</name>
<value>ВОРОБЬЕВ</value>
</attribute>
</entry>
<entry>
<id>7</id>
<offset>955</offset>
<length>9</length>
<class>AAA_Estimate_Person</class>
<attribute>
<name>Canonical</name>
<value>ВОРОБЬЕВ</value>
</attribute>
</entry>
<entry>
<id>8</id>
<offset>1171</offset>
<length>10</length>
<class>AAA_Estimate_Person</class>
<attribute>
<name>Canonical</name>
<value>ВОРОБЬЕВ</value>
</attribute>
</entry>
<entry>
<id>9</id>
<offset>1236</offset>
<length>9</length>
<class>AAA_Estimate_Person</class>
<attribute>
<name>Canonical</name>
<value>ВОРОБЬЕВ</value>
</attribute>
</entry>
<entry>
<id>10</id>
<offset>1246</offset>
<length>13</length>
<class>AAA_Estimate_Person</class>
<attribute>
<name>Canonical</name>
<value>МАКСИМ СУРАЕВ</value>
</attribute>
</entry>
</markup>
