﻿<markup>
<entry>
<id>1</id>
<offset>39</offset>
<length>6</length>
<class>AAA_Estimate_Person</class>
<attribute>
<name>Canonical</name>
<value>К РАДД</value>
</attribute>
</entry>
<entry>
<id>2</id>
<offset>143</offset>
<length>10</length>
<class>AAA_Estimate_Person</class>
<attribute>
<name>Canonical</name>
<value>КЕВИН РАДД</value>
</attribute>
</entry>
<entry>
<id>3</id>
<offset>259</offset>
<length>6</length>
<class>AAA_Estimate_Person</class>
<attribute>
<name>Canonical</name>
<value>К РАДД</value>
</attribute>
</entry>
<entry>
<id>4</id>
<offset>348</offset>
<length>14</length>
<class>AAA_Estimate_Person</class>
<attribute>
<name>Canonical</name>
<value>ДЖУЛИЯ ГИЛЛАРД</value>
</attribute>
</entry>
<entry>
<id>5</id>
<offset>647</offset>
<length>12</length>
<class>AAA_Estimate_Person</class>
<attribute>
<name>Canonical</name>
<value>ТОНИ АББОТ</value>
</attribute>
</entry>
<entry>
<id>6</id>
<offset>731</offset>
<length>7</length>
<class>AAA_Estimate_Person</class>
<attribute>
<name>Canonical</name>
<value>К РАДД</value>
</attribute>
</entry>
<entry>
<id>7</id>
<offset>765</offset>
<length>6</length>
<class>AAA_Estimate_Person</class>
<attribute>
<name>Canonical</name>
<value>К РАДД</value>
</attribute>
</entry>
<entry>
<id>8</id>
<offset>880</offset>
<length>10</length>
<class>AAA_Estimate_Person</class>
<attribute>
<name>Canonical</name>
<value>ДЖ ГИЛЛАРД</value>
</attribute>
</entry>
<entry>
<id>9</id>
<offset>1068</offset>
<length>10</length>
<class>AAA_Estimate_Person</class>
<attribute>
<name>Canonical</name>
<value>ДЖ ГИЛЛАРД</value>
</attribute>
</entry>
<entry>
<id>10</id>
<offset>1137</offset>
<length>10</length>
<class>AAA_Estimate_Person</class>
<attribute>
<name>Canonical</name>
<value>ДЖ ГИЛЛАРД</value>
</attribute>
</entry>
<entry>
<id>11</id>
<offset>1213</offset>
<length>7</length>
<class>AAA_Estimate_Person</class>
<attribute>
<name>Canonical</name>
<value>К РАДД</value>
</attribute>
</entry>
</markup>
