﻿<markup>
<entry>
<id>1</id>
<offset>105</offset>
<length>10</length>
<class>AAA_Estimate_Person</class>
<attribute>
<name>Canonical</name>
<value>ЭРИК ШМИДТ</value>
</attribute>
</entry>
<entry>
<id>2</id>
<offset>270</offset>
<length>35</length>
<class>AAA_Estimate_Person</class>
<attribute>
<name>Canonical</name>
<value>ДЖЕФФРИ КИНДЛЕР (JEFFREY KINDLER)</value>
</attribute>
</entry>
<entry>
<id>3</id>
<offset>516</offset>
<length>11</length>
<class>AAA_Estimate_Person</class>
<attribute>
<name>Canonical</name>
<value>БАРАК ОБАМА</value>
</attribute>
</entry>
<entry>
<id>4</id>
<offset>588</offset>
<length>9</length>
<class>AAA_Estimate_Person</class>
<attribute>
<name>Canonical</name>
<value>ГЭРИ ЛОК</value>
</attribute>
</entry>
<entry>
<id>12</id>
<offset>625</offset>
<length>3</length>
<class>AAA_Estimate_Person</class>
<attribute>
<name>Canonical</name>
<value>ЛОК</value>
</attribute>
</entry>
<entry>
<id>5</id>
<offset>684</offset>
<length>10</length>
<class>AAA_Estimate_Person</class>
<attribute>
<name>Canonical</name>
<value>ЭРИК ШМИДТ</value>
</attribute>
</entry>
<entry>
<id>6</id>
<offset>890</offset>
<length>12</length>
<class>AAA_Estimate_Person</class>
<attribute>
<name>Canonical</name>
<value>ЛАРРИ ПЕЙДЖ</value>
</attribute>
</entry>
<entry>
<id>7</id>
<offset>905</offset>
<length>12</length>
<class>AAA_Estimate_Person</class>
<attribute>
<name>Canonical</name>
<value>СЕРГЕЙ БРИН</value>
</attribute>
</entry>
<entry>
<id>8</id>
<offset>953</offset>
<length>5</length>
<class>AAA_Estimate_Person</class>
<attribute>
<name>Canonical</name>
<value>ПЕЙДЖ</value>
</attribute>
</entry>
<entry>
<id>9</id>
<offset>976</offset>
<length>16</length>
<class>AAA_Estimate_Person</class>
<attribute>
<name>Canonical</name>
<value>ДЖЕФФРИ КИНДЛЕР</value>
</attribute>
</entry>
<entry>
<id>10</id>
<offset>1197</offset>
<length>8</length>
<class>AAA_Estimate_Person</class>
<attribute>
<name>Canonical</name>
<value>КИНДЛЕР</value>
</attribute>
</entry>
<entry>
<id>11</id>
<offset>1255</offset>
<length>6</length>
<class>AAA_Estimate_Person</class>
<attribute>
<name>Canonical</name>
<value>ЯН РИД</value>
</attribute>
</entry>
</markup>
