﻿<markup>
<entry>
<id>1</id>
<offset>63</offset>
<length>14</length>
<class>AAA_Estimate_Person</class>
<attribute>
<name>Canonical</name>
<value>СЕРГЕЙ СОБЯНИН</value>
</attribute>
</entry>
<entry>
<id>2</id>
<offset>87</offset>
<length>17</length>
<class>AAA_Estimate_Person</class>
<attribute>
<name>Canonical</name>
<value>ИГОРЬ КОЛЕСНИКОВ</value>
</attribute>
</entry>
<entry>
<id>3</id>
<offset>235</offset>
<length>10</length>
<class>AAA_Estimate_Person</class>
<attribute>
<name>Canonical</name>
<value>КОЛЕСНИКОВ</value>
</attribute>
</entry>
<entry>
<id>4</id>
<offset>384</offset>
<length>11</length>
<class>AAA_Estimate_Person</class>
<attribute>
<name>Canonical</name>
<value>ИРИНА РАБЕР</value>
</attribute>
</entry>
<entry>
<id>5</id>
<offset>435</offset>
<length>7</length>
<class>AAA_Estimate_Person</class>
<attribute>
<name>Canonical</name>
<value>СОБЯНИН</value>
</attribute>
</entry>
<entry>
<id>6</id>
<offset>452</offset>
<length>11</length>
<class>AAA_Estimate_Person</class>
<attribute>
<name>Canonical</name>
<value>ИРИНА РАБЕР</value>
</attribute>
</entry>
<entry>
<id>7</id>
<offset>638</offset>
<length>11</length>
<class>AAA_Estimate_Person</class>
<attribute>
<name>Canonical</name>
<value>ИРИНА РАБЕР</value>
</attribute>
</entry>
<entry>
<id>8</id>
<offset>751</offset>
<length>7</length>
<class>AAA_Estimate_Person</class>
<attribute>
<name>Canonical</name>
<value>СОБЯНИН</value>
</attribute>
</entry>
<entry>
<id>9</id>
<offset>1111</offset>
<length>14</length>
<class>AAA_Estimate_Person</class>
<attribute>
<name>Canonical</name>
<value>ВАДИМ РОДИОНОВ</value>
</attribute>
</entry>
<entry>
<id>10</id>
<offset>1127</offset>
<length>19</length>
<class>AAA_Estimate_Person</class>
<attribute>
<name>Canonical</name>
<value>ВЛАДИМИР ШТУКАТУРОВ</value>
</attribute>
</entry>
<entry>
<id>11</id>
<offset>1148</offset>
<length>13</length>
<class>AAA_Estimate_Person</class>
<attribute>
<name>Canonical</name>
<value>РУСЛАН ХУБИЕВ</value>
</attribute>
</entry>
<entry>
<id>12</id>
<offset>1163</offset>
<length>16</length>
<class>AAA_Estimate_Person</class>
<attribute>
<name>Canonical</name>
<value>ЕВГЕНИЙ СНЕГИРЕВ</value>
</attribute>
</entry>
<entry>
<id>13</id>
<offset>1182</offset>
<length>13</length>
<class>AAA_Estimate_Person</class>
<attribute>
<name>Canonical</name>
<value>ПЕТР МОРГУНОВ</value>
</attribute>
</entry>
<entry>
<id>14</id>
<offset>1328</offset>
<length>16</length>
<class>AAA_Estimate_Person</class>
<attribute>
<name>Canonical</name>
<value>МИХАИЛ ТАРАКАНОВ</value>
</attribute>
</entry>
<entry>
<id>15</id>
<offset>1346</offset>
<length>16</length>
<class>AAA_Estimate_Person</class>
<attribute>
<name>Canonical</name>
<value>ВИКТОР ЛАСТОЧКИН</value>
</attribute>
</entry>
<entry>
<id>16</id>
<offset>1364</offset>
<length>12</length>
<class>AAA_Estimate_Person</class>
<attribute>
<name>Canonical</name>
<value>ЕЛЕНА ЛОМОВА</value>
</attribute>
</entry>
<entry>
<id>17</id>
<offset>1379</offset>
<length>17</length>
<class>AAA_Estimate_Person</class>
<attribute>
<name>Canonical</name>
<value>ВЯЧЕСЛАВ САНАКОЕВ</value>
</attribute>
</entry>
<entry>
<id>18</id>
<offset>1451</offset>
<length>12</length>
<class>AAA_Estimate_Person</class>
<attribute>
<name>Canonical</name>
<value>АЛАН КАРАЦЕВ</value>
</attribute>
</entry>
<entry>
<id>19</id>
<offset>1512</offset>
<length>12</length>
<class>AAA_Estimate_Person</class>
<attribute>
<name>Canonical</name>
<value>ВИКТОР ЯРЦЕВ</value>
</attribute>
</entry>
<entry>
<id>20</id>
<offset>1706</offset>
<length>15</length>
<class>AAA_Estimate_Person</class>
<attribute>
<name>Canonical</name>
<value>СЕРГЕЙ СОБЯНИН</value>
</attribute>
</entry>
</markup>
