﻿<markup>
<entry>
<id>1</id>
<offset>236</offset>
<length>13</length>
<class>AAA_Estimate_Person</class>
<attribute>
<name>Canonical</name>
<value>ЗАПИР ИСАЕВ</value>
</attribute>
</entry>
<entry>
<id>2</id>
<offset>464</offset>
<length>16</length>
<class>AAA_Estimate_Person</class>
<attribute>
<name>Canonical</name>
<value>АЛИБУЛАТ ГАСАНОВ</value>
</attribute>
</entry>
<entry>
<id>3</id>
<offset>621</offset>
<length>7</length>
<class>AAA_Estimate_Person</class>
<attribute>
<name>Canonical</name>
<value>ГАСАНОВ</value>
</attribute>
</entry>
<entry>
<id>4</id>
<offset>640</offset>
<length>9</length>
<class>AAA_Estimate_Person</class>
<attribute>
<name>Canonical</name>
<value>АЛИКУРБАН</value>
</attribute>
</entry>
<entry>
<id>5</id>
<offset>674</offset>
<length>16</length>
<class>AAA_Estimate_Person</class>
<attribute>
<name>Canonical</name>
<value>АЛИБУЛАТ ГАСАНОВ</value>
</attribute>
</entry>
<entry>
<id>6</id>
<offset>803</offset>
<length>17</length>
<class>AAA_Estimate_Person</class>
<attribute>
<name>Canonical</name>
<value>АЛИКУРБАН ГАСАНОВ</value>
</attribute>
</entry>
<entry>
<id>7</id>
<offset>905</offset>
<length>9</length>
<class>AAA_Estimate_Person</class>
<attribute>
<name>Canonical</name>
<value>АЛИКУРБАН</value>
</attribute>
</entry>
<entry>
<id>8</id>
<offset>978</offset>
<length>18</length>
<class>AAA_Estimate_Person</class>
<attribute>
<name>Canonical</name>
<value>АЛИБУЛАТ ГАСАНОВ</value>
</attribute>
</entry>
<entry>
<id>9</id>
<offset>1118</offset>
<length>14</length>
<class>AAA_Estimate_Person</class>
<attribute>
<name>Canonical</name>
<value>ВЛАДИМИР ЧУРОВ</value>
</attribute>
</entry>
</markup>
