﻿<markup>
<entry>
<id>1</id>
<offset>0</offset>
<length>11</length>
<class>AAA_Estimate_Person</class>
<attribute>
<name>Canonical</name>
<value>БАРАК ОБАМА</value>
</attribute>
</entry>
<entry>
<id>2</id>
<offset>47</offset>
<length>11</length>
<class>AAA_Estimate_Person</class>
<attribute>
<name>Canonical</name>
<value>БАРАК ОБАМА</value>
</attribute>
</entry>
<entry>
<id>3</id>
<offset>76</offset>
<length>31</length>
<class>AAA_Estimate_Person</class>
<attribute>
<name>Canonical</name>
<value>ТОМАС ФРИДЕН (THOMAS FRIEDEN)</value>
</attribute>
</entry>
<entry>
<id>4</id>
<offset>386</offset>
<length>6</length>
<class>AAA_Estimate_Person</class>
<attribute>
<name>Canonical</name>
<value>ФРИДЕН</value>
</attribute>
</entry>
<entry>
<id>5</id>
<offset>801</offset>
<length>6</length>
<class>AAA_Estimate_Person</class>
<attribute>
<name>Canonical</name>
<value>ФРИДЕН</value>
</attribute>
</entry>
<entry>
<id>7</id>
<offset>1018</offset>
<length>35</length>
<class>AAA_Estimate_Person</class>
<attribute>
<name>Canonical</name>
<value>ДЖУЛИ ГЕРБЕРДИНГ (JULIE GERBERDING)</value>
</attribute>
</entry>
</markup>
