﻿<markup>
<entry>
<id>1</id>
<offset>16</offset>
<length>13</length>
<class>AAA_Estimate_Person</class>
<attribute>
<name>Canonical</name>
<value>УОРРЕН БАФФЕТ</value>
</attribute>
</entry>
<entry>
<id>2</id>
<offset>83</offset>
<length>13</length>
<class>AAA_Estimate_Person</class>
<attribute>
<name>Canonical</name>
<value>УОРРЕН БАФФЕТ</value>
</attribute>
</entry>
<entry>
<id>3</id>
<offset>280</offset>
<length>23</length>
<class>AAA_Estimate_Person</class>
<attribute>
<name>Canonical</name>
<value>ТОДД КОУМС (TODD COMBS)</value>
</attribute>
</entry>
<entry>
<id>4</id>
<offset>465</offset>
<length>13</length>
<class>AAA_Estimate_Person</class>
<attribute>
<name>Canonical</name>
<value>УОРРЕН БАФФЕТ</value>
</attribute>
</entry>
<entry>
<id>5</id>
<offset>657</offset>
<length>5</length>
<class>AAA_Estimate_Person</class>
<attribute>
<name>Canonical</name>
<value>КОУМС</value>
</attribute>
</entry>
<entry>
<id>6</id>
<offset>956</offset>
<length>7</length>
<class>AAA_Estimate_Person</class>
<attribute>
<name>Canonical</name>
<value>БАФФЕТ</value>
</attribute>
</entry>
<entry>
<id>7</id>
<offset>964</offset>
<length>14</length>
<class>AAA_Estimate_Person</class>
<attribute>
<name>Canonical</name>
<value>ЭНДИ КИЛПАТРИК</value>
</attribute>
</entry>
<entry>
<id>8</id>
<offset>1081</offset>
<length>9</length>
<class>AAA_Estimate_Person</class>
<attribute>
<name>Canonical</name>
<value>КИЛПАТРИК</value>
</attribute>
</entry>
<entry>
<id>9</id>
<offset>1242</offset>
<length>6</length>
<class>AAA_Estimate_Person</class>
<attribute>
<name>Canonical</name>
<value>БАФФЕТ</value>
</attribute>
</entry>
<entry>
<id>10</id>
<offset>1336</offset>
<length>4</length>
<class>AAA_Estimate_Person</class>
<attribute>
<name>Canonical</name>
<value>ТОДД</value>
</attribute>
</entry>
<entry>
<id>11</id>
<offset>1442</offset>
<length>10</length>
<class>AAA_Estimate_Person</class>
<attribute>
<name>Canonical</name>
<value>ТОДД КОУМС</value>
</attribute>
</entry>
<entry>
<id>12</id>
<offset>1608</offset>
<length>15</length>
<class>AAA_Estimate_Person</class>
<attribute>
<name>Canonical</name>
<value>УОРРЕН БАФФЕТ</value>
</attribute>
</entry>
<entry>
<id>42</id>
<offset>1637</offset>
<length>5</length>
<class>AAA_Estimate_Person</class>
<attribute>
<name>Canonical</name>
<value>КОУМС</value>
</attribute>
</entry>
<entry>
<id>13</id>
<offset>1737</offset>
<length>16</length>
<class>AAA_Estimate_Person</class>
<attribute>
<name>Canonical</name>
<value>СТИВЕН ФРИДМАН</value>
</attribute>
</entry>
<entry>
<id>14</id>
<offset>1763</offset>
<length>6</length>
<class>AAA_Estimate_Person</class>
<attribute>
<name>Canonical</name>
<value>КОУМС</value>
</attribute>
</entry>
<entry>
<id>15</id>
<offset>2083</offset>
<length>6</length>
<class>AAA_Estimate_Person</class>
<attribute>
<name>Canonical</name>
<value>БАФФЕТ</value>
</attribute>
</entry>
<entry>
<id>16</id>
<offset>2105</offset>
<length>7</length>
<class>AAA_Estimate_Person</class>
<attribute>
<name>Canonical</name>
<value>КОУМС</value>
</attribute>
</entry>
<entry>
<id>17</id>
<offset>2143</offset>
<length>15</length>
<class>AAA_Estimate_Person</class>
<attribute>
<name>Canonical</name>
<value>СТИВЕН МАНГЕР</value>
</attribute>
</entry>
<entry>
<id>18</id>
<offset>2375</offset>
<length>6</length>
<class>AAA_Estimate_Person</class>
<attribute>
<name>Canonical</name>
<value>БАФФЕТ</value>
</attribute>
</entry>
<entry>
<id>19</id>
<offset>2555</offset>
<length>6</length>
<class>AAA_Estimate_Person</class>
<attribute>
<name>Canonical</name>
<value>БАФФЕТ</value>
</attribute>
</entry>
<entry>
<id>20</id>
<offset>2669</offset>
<length>10</length>
<class>AAA_Estimate_Person</class>
<attribute>
<name>Canonical</name>
<value>ТОДД КОУМС</value>
</attribute>
</entry>
<entry>
<id>21</id>
<offset>2806</offset>
<length>6</length>
<class>AAA_Estimate_Person</class>
<attribute>
<name>Canonical</name>
<value>БАФФЕТ</value>
</attribute>
</entry>
<entry>
<id>22</id>
<offset>3157</offset>
<length>7</length>
<class>AAA_Estimate_Person</class>
<attribute>
<name>Canonical</name>
<value>БАФФЕТ</value>
</attribute>
</entry>
<entry>
<id>23</id>
<offset>3165</offset>
<length>6</length>
<class>AAA_Estimate_Person</class>
<attribute>
<name>Canonical</name>
<value>ГОВАРД</value>
</attribute>
</entry>
<entry>
<id>24</id>
<offset>3471</offset>
<length>13</length>
<class>AAA_Estimate_Person</class>
<attribute>
<name>Canonical</name>
<value>ГОВАРД БАФФЕТ</value>
</attribute>
</entry>
<entry>
<id>26</id>
<offset>3658</offset>
<length>7</length>
<class>AAA_Estimate_Person</class>
<attribute>
<name>Canonical</name>
<value>БАФФЕТ</value>
</attribute>
</entry>
<entry>
<id>27</id>
<offset>3666</offset>
<length>11</length>
<class>AAA_Estimate_Person</class>
<attribute>
<name>Canonical</name>
<value>ДЭВИД СОКОЛ</value>
</attribute>
</entry>
<entry>
<id>28</id>
<offset>3707</offset>
<length>5</length>
<class>AAA_Estimate_Person</class>
<attribute>
<name>Canonical</name>
<value>СОКОЛ</value>
</attribute>
</entry>
<entry>
<id>29</id>
<offset>3930</offset>
<length>6</length>
<class>AAA_Estimate_Person</class>
<attribute>
<name>Canonical</name>
<value>КОУМС</value>
</attribute>
</entry>
<entry>
<id>30</id>
<offset>3998</offset>
<length>5</length>
<class>AAA_Estimate_Person</class>
<attribute>
<name>Canonical</name>
<value>ЛИ ЛУ</value>
</attribute>
</entry>
<entry>
<id>31</id>
<offset>4005</offset>
<length>2</length>
<class>AAA_Estimate_Person</class>
<attribute>
<name>Canonical</name>
<value>ЛИ</value>
</attribute>
</entry>
<entry>
<id>41</id>
<offset>4196</offset>
<length>2</length>
<class>AAA_Estimate_Person</class>
<attribute>
<name>Canonical</name>
<value>ЛИ</value>
</attribute>
</entry>
<entry>
<id>32</id>
<offset>4377</offset>
<length>6</length>
<class>AAA_Estimate_Person</class>
<attribute>
<name>Canonical</name>
<value>БАФФЕТ</value>
</attribute>
</entry>
<entry>
<id>33</id>
<offset>4400</offset>
<length>5</length>
<class>AAA_Estimate_Person</class>
<attribute>
<name>Canonical</name>
<value>ЛИ ЛУ</value>
</attribute>
</entry>
<entry>
<id>34</id>
<offset>4601</offset>
<length>2</length>
<class>AAA_Estimate_Person</class>
<attribute>
<name>Canonical</name>
<value>ЛИ</value>
</attribute>
</entry>
<entry>
<id>35</id>
<offset>4739</offset>
<length>7</length>
<class>AAA_Estimate_Person</class>
<attribute>
<name>Canonical</name>
<value>БАФФЕТ</value>
</attribute>
</entry>
<entry>
<id>36</id>
<offset>4747</offset>
<length>12</length>
<class>AAA_Estimate_Person</class>
<attribute>
<name>Canonical</name>
<value>ЧАРЛИ МАНГЕР</value>
</attribute>
</entry>
<entry>
<id>37</id>
<offset>4802</offset>
<length>5</length>
<class>AAA_Estimate_Person</class>
<attribute>
<name>Canonical</name>
<value>ЛИ ЛУ</value>
</attribute>
</entry>
<entry>
<id>38</id>
<offset>4953</offset>
<length>7</length>
<class>AAA_Estimate_Person</class>
<attribute>
<name>Canonical</name>
<value>БАФФЕТ</value>
</attribute>
</entry>
<entry>
<id>39</id>
<offset>5134</offset>
<length>6</length>
<class>AAA_Estimate_Person</class>
<attribute>
<name>Canonical</name>
<value>УОРРЕН</value>
</attribute>
</entry>
<entry>
<id>40</id>
<offset>5166</offset>
<length>6</length>
<class>AAA_Estimate_Person</class>
<attribute>
<name>Canonical</name>
<value>КОУМС</value>
</attribute>
</entry>
</markup>
