﻿<markup>
<entry>
<id>1</id>
<offset>0</offset>
<length>5</length>
<class>AAA_Estimate_Person</class>
<attribute>
<name>Canonical</name>
<value>ОБАМА</value>
</attribute>
</entry>
<entry>
<id>2</id>
<offset>69</offset>
<length>11</length>
<class>AAA_Estimate_Person</class>
<attribute>
<name>Canonical</name>
<value>БАРАК ОБАМА</value>
</attribute>
</entry>
<entry>
<id>3</id>
<offset>128</offset>
<length>24</length>
<class>AAA_Estimate_Person</class>
<attribute>
<name>Canonical</name>
<value>ДЖЕЙКОБ ЛЬЮ (JACOB LEW)</value>
</attribute>
</entry>
<entry>
<id>4</id>
<offset>213</offset>
<length>3</length>
<class>AAA_Estimate_Person</class>
<attribute>
<name>Canonical</name>
<value>ЛЬЮ</value>
</attribute>
</entry>
<entry>
<id>5</id>
<offset>283</offset>
<length>5</length>
<class>AAA_Estimate_Person</class>
<attribute>
<name>Canonical</name>
<value>ОБАМА</value>
</attribute>
</entry>
<entry>
<id>6</id>
<offset>427</offset>
<length>3</length>
<class>AAA_Estimate_Person</class>
<attribute>
<name>Canonical</name>
<value>ЛЬЮ</value>
</attribute>
</entry>
<entry>
<id>7</id>
<offset>433</offset>
<length>14</length>
<class>AAA_Estimate_Person</class>
<attribute>
<name>Canonical</name>
<value>ТИМОТИ ГАЙТНЕР</value>
</attribute>
</entry>
<entry>
<id>8</id>
<offset>499</offset>
<length>12</length>
<class>AAA_Estimate_Person</class>
<attribute>
<name>Canonical</name>
<value>БАРАК ОБАМА</value>
</attribute>
</entry>
<entry>
<id>9</id>
<offset>595</offset>
<length>7</length>
<class>AAA_Estimate_Person</class>
<attribute>
<name>Canonical</name>
<value>ГАЙТНЕР</value>
</attribute>
</entry>
<entry>
<id>10</id>
<offset>666</offset>
<length>11</length>
<class>AAA_Estimate_Person</class>
<attribute>
<name>Canonical</name>
<value>ДЖЕЙКОБ ЛЬЮ</value>
</attribute>
</entry>
<entry>
<id>21</id>
<offset>994</offset>
<length>5</length>
<class>AAA_Estimate_Person</class>
<attribute>
<name>Canonical</name>
<value>ОБАМА</value>
</attribute>
</entry>
<entry>
<id>11</id>
<offset>1240</offset>
<length>3</length>
<class>AAA_Estimate_Person</class>
<attribute>
<name>Canonical</name>
<value>ЛЬЮ</value>
</attribute>
</entry>
<entry>
<id>12</id>
<offset>1263</offset>
<length>5</length>
<class>AAA_Estimate_Person</class>
<attribute>
<name>Canonical</name>
<value>ОБАМА</value>
</attribute>
</entry>
<entry>
<id>13</id>
<offset>1330</offset>
<length>3</length>
<class>AAA_Estimate_Person</class>
<attribute>
<name>Canonical</name>
<value>ЛЬЮ</value>
</attribute>
</entry>
<entry>
<id>14</id>
<offset>1400</offset>
<length>15</length>
<class>AAA_Estimate_Person</class>
<attribute>
<name>Canonical</name>
<value>ХИЛЛАРИ КЛИНТОН</value>
</attribute>
</entry>
<entry>
<id>15</id>
<offset>1693</offset>
<length>5</length>
<class>AAA_Estimate_Person</class>
<attribute>
<name>Canonical</name>
<value>ОБАМА</value>
</attribute>
</entry>
<entry>
<id>16</id>
<offset>1764</offset>
<length>15</length>
<class>AAA_Estimate_Person</class>
<attribute>
<name>Canonical</name>
<value>ХИЛЛАРИ КЛИНТОН</value>
</attribute>
</entry>
<entry>
<id>17</id>
<offset>1811</offset>
<length>10</length>
<class>AAA_Estimate_Person</class>
<attribute>
<name>Canonical</name>
<value>ДЖОН КЕРРИ</value>
</attribute>
</entry>
<entry>
<id>18</id>
<offset>1910</offset>
<length>14</length>
<class>AAA_Estimate_Person</class>
<attribute>
<name>Canonical</name>
<value>ДЖОН БРЕННАН</value>
</attribute>
</entry>
<entry>
<id>19</id>
<offset>1956</offset>
<length>12</length>
<class>AAA_Estimate_Person</class>
<attribute>
<name>Canonical</name>
<value>ЧАК ХЕЙГЕЛ</value>
</attribute>
</entry>
<entry>
<id>20</id>
<offset>2082</offset>
<length>12</length>
<class>AAA_Estimate_Person</class>
<attribute>
<name>Canonical</name>
<value>ХИЛЬДА СОЛИС</value>
</attribute>
</entry>
</markup>
