﻿<markup>
<entry>
<id>1</id>
<offset>0</offset>
<length>9</length>
<class>AAA_Estimate_Person</class>
<attribute>
<name>Canonical</name>
<value>ПРИХОДЬКО</value>
</attribute>
</entry>
<entry>
<id>2</id>
<offset>127</offset>
<length>16</length>
<class>AAA_Estimate_Person</class>
<attribute>
<name>Canonical</name>
<value>СЕРГЕЙ ПРИХОДЬКО</value>
</attribute>
</entry>
<entry>
<id>3</id>
<offset>252</offset>
<length>9</length>
<class>AAA_Estimate_Person</class>
<attribute>
<name>Canonical</name>
<value>ПРИХОДЬКО</value>
</attribute>
</entry>
<entry>
<id>4</id>
<offset>559</offset>
<length>9</length>
<class>AAA_Estimate_Person</class>
<attribute>
<name>Canonical</name>
<value>ПРИХОДЬКО</value>
</attribute>
</entry>
<entry>
<id>5</id>
<offset>677</offset>
<length>18</length>
<class>AAA_Estimate_Person</class>
<attribute>
<name>Canonical</name>
<value>ВЛАДИСЛАВ СУРКОВ</value>
</attribute>
</entry>
<entry>
<id>6</id>
<offset>706</offset>
<length>9</length>
<class>AAA_Estimate_Person</class>
<attribute>
<name>Canonical</name>
<value>ПРИХОДЬКО</value>
</attribute>
</entry>
<entry>
<id>7</id>
<offset>807</offset>
<length>6</length>
<class>AAA_Estimate_Person</class>
<attribute>
<name>Canonical</name>
<value>СУРКОВ</value>
</attribute>
</entry>
<entry>
<id>8</id>
<offset>1027</offset>
<length>7</length>
<class>AAA_Estimate_Person</class>
<attribute>
<name>Canonical</name>
<value>СУРКОВ</value>
</attribute>
</entry>
<entry>
<id>9</id>
<offset>1048</offset>
<length>9</length>
<class>AAA_Estimate_Person</class>
<attribute>
<name>Canonical</name>
<value>ПРИХОДЬКО</value>
</attribute>
</entry>
</markup>
