﻿<markup>
<entry>
<id>1</id>
<offset>32</offset>
<length>11</length>
<class>AAA_Estimate_Person</class>
<attribute>
<name>Canonical</name>
<value>БЕРНАР ТАПИ</value>
</attribute>
</entry>
<entry>
<id>2</id>
<offset>98</offset>
<length>11</length>
<class>AAA_Estimate_Person</class>
<attribute>
<name>Canonical</name>
<value>БЕРНАР ТАПИ</value>
</attribute>
</entry>
<entry>
<id>3</id>
<offset>477</offset>
<length>12</length>
<class>AAA_Estimate_Person</class>
<attribute>
<name>Canonical</name>
<value>СТЕФАН РИШАР</value>
</attribute>
</entry>
<entry>
<id>4</id>
<offset>494</offset>
<length>4</length>
<class>AAA_Estimate_Person</class>
<attribute>
<name>Canonical</name>
<value>ТАПИ</value>
</attribute>
</entry>
<entry>
<id>5</id>
<offset>658</offset>
<length>13</length>
<class>AAA_Estimate_Person</class>
<attribute>
<name>Canonical</name>
<value>БЕРНАР ТАПИ</value>
</attribute>
</entry>
<entry>
<id>6</id>
<offset>698</offset>
<length>14</length>
<class>AAA_Estimate_Person</class>
<attribute>
<name>Canonical</name>
<value>НИКОЛЯ САРКОЗИ</value>
</attribute>
</entry>
<entry>
<id>13</id>
<offset>846</offset>
<length>4</length>
<class>AAA_Estimate_Person</class>
<attribute>
<name>Canonical</name>
<value>ТАПИ</value>
</attribute>
</entry>
<entry>
<id>7</id>
<offset>935</offset>
<length>14</length>
<class>AAA_Estimate_Person</class>
<attribute>
<name>Canonical</name>
<value>КРИСТИН ЛАГАРД</value>
</attribute>
</entry>
<entry>
<id>8</id>
<offset>1009</offset>
<length>4</length>
<class>AAA_Estimate_Person</class>
<attribute>
<name>Canonical</name>
<value>ТАПИ</value>
</attribute>
</entry>
<entry>
<id>9</id>
<offset>1139</offset>
<length>4</length>
<class>AAA_Estimate_Person</class>
<attribute>
<name>Canonical</name>
<value>ТАПИ</value>
</attribute>
</entry>
<entry>
<id>14</id>
<offset>1411</offset>
<length>6</length>
<class>AAA_Estimate_Person</class>
<attribute>
<name>Canonical</name>
<value>ЛАГАРД</value>
</attribute>
</entry>
<entry>
<id>15</id>
<offset>1418</offset>
<length>16</length>
<class>AAA_Estimate_Person</class>
<attribute>
<name>Canonical</name>
<value>СТЕФАН РИШАР</value>
</attribute>
</entry>
<entry>
<id>11</id>
<offset>1471</offset>
<length>16</length>
<class>AAA_Estimate_Person</class>
<attribute>
<name>Canonical</name>
<value>ЖАН-ФРАНСУА РОКИ</value>
</attribute>
</entry>
<entry>
<id>12</id>
<offset>1532</offset>
<length>13</length>
<class>AAA_Estimate_Person</class>
<attribute>
<name>Canonical</name>
<value>КЛОД ГЕАН</value>
</attribute>
</entry>
</markup>
