﻿<markup>
<entry>
<id>1</id>
<offset>0</offset>
<length>8</length>
<class>AAA_Estimate_Person</class>
<attribute>
<name>Canonical</name>
<value>АНТОНОВА</value>
</attribute>
</entry>
<entry>
<id>2</id>
<offset>33</offset>
<length>5</length>
<class>AAA_Estimate_Person</class>
<attribute>
<name>Canonical</name>
<value>ЛОШАК</value>
</attribute>
</entry>
<entry>
<id>3</id>
<offset>99</offset>
<length>14</length>
<class>AAA_Estimate_Person</class>
<attribute>
<name>Canonical</name>
<value>ИРИНА АНТОНОВА</value>
</attribute>
</entry>
<entry>
<id>4</id>
<offset>163</offset>
<length>12</length>
<class>AAA_Estimate_Person</class>
<attribute>
<name>Canonical</name>
<value>МАРИНА ЛОШАК</value>
</attribute>
</entry>
<entry>
<id>5</id>
<offset>212</offset>
<length>14</length>
<class>AAA_Estimate_Person</class>
<attribute>
<name>Canonical</name>
<value>ИРИНА АНТОНОВА</value>
</attribute>
</entry>
<entry>
<id>6</id>
<offset>277</offset>
<length>25</length>
<class>AAA_Estimate_Person</class>
<attribute>
<name>Canonical</name>
<value>МИКЕЛАНДЖЕЛО ДА КАРАВАДЖО</value>
</attribute>
</entry>
<entry>
<id>7</id>
<offset>449</offset>
<length>14</length>
<class>AAA_Estimate_Person</class>
<attribute>
<name>Canonical</name>
<value>ИРИНА АНТОНОВА</value>
</attribute>
</entry>
<entry>
<id>8</id>
<offset>539</offset>
<length>12</length>
<class>AAA_Estimate_Person</class>
<attribute>
<name>Canonical</name>
<value>МАРИНА ЛОШАК</value>
</attribute>
</entry>
<entry>
<id>9</id>
<offset>686</offset>
<length>8</length>
<class>AAA_Estimate_Person</class>
<attribute>
<name>Canonical</name>
<value>АНТОНОВА</value>
</attribute>
</entry>
<entry>
<id>10</id>
<offset>744</offset>
<length>14</length>
<class>AAA_Estimate_Person</class>
<attribute>
<name>Canonical</name>
<value>МАРИНА ДЕВОВНА</value>
</attribute>
</entry>
<entry>
<id>11</id>
<offset>904</offset>
<length>8</length>
<class>AAA_Estimate_Person</class>
<attribute>
<name>Canonical</name>
<value>АНТОНОВА</value>
</attribute>
</entry>
<entry>
<id>12</id>
<offset>978</offset>
<length>5</length>
<class>AAA_Estimate_Person</class>
<attribute>
<name>Canonical</name>
<value>ЛОШАК</value>
</attribute>
</entry>
<entry>
<id>13</id>
<offset>1126</offset>
<length>20</length>
<class>AAA_Estimate_Person</class>
<attribute>
<name>Canonical</name>
<value>ВЛАДИМИР МЕДИНСКИЙ</value>
</attribute>
</entry>
<entry>
<id>14</id>
<offset>1147</offset>
<length>8</length>
<class>AAA_Estimate_Person</class>
<attribute>
<name>Canonical</name>
<value>АНТОНОВА</value>
</attribute>
</entry>
</markup>
