﻿<markup>
<entry>
<id>1</id>
<offset>80</offset>
<length>12</length>
<class>AAA_Estimate_Person</class>
<attribute>
<name>Canonical</name>
<value>ЮРИЙ ФЕДОТОВ</value>
</attribute>
</entry>
<entry>
<id>2</id>
<offset>151</offset>
<length>17</length>
<class>AAA_Estimate_Person</class>
<attribute>
<name>Canonical</name>
<value>ДМИТРИЙ МЕДВЕДЕВ</value>
</attribute>
</entry>
<entry>
<id>3</id>
<offset>192</offset>
<length>7</length>
<class>AAA_Estimate_Person</class>
<attribute>
<name>Canonical</name>
<value>ФЕДОТОВ</value>
</attribute>
</entry>
<entry>
<id>4</id>
<offset>301</offset>
<length>7</length>
<class>AAA_Estimate_Person</class>
<attribute>
<name>Canonical</name>
<value>ФЕДОТОВ</value>
</attribute>
</entry>
<entry>
<id>5</id>
<offset>455</offset>
<length>8</length>
<class>AAA_Estimate_Person</class>
<attribute>
<name>Canonical</name>
<value>ФЕДОТОВ</value>
</attribute>
</entry>
<entry>
<id>6</id>
<offset>499</offset>
<length>10</length>
<class>AAA_Estimate_Person</class>
<attribute>
<name>Canonical</name>
<value>ПАН ГИ МУН</value>
</attribute>
</entry>
<entry>
<id>7</id>
<offset>555</offset>
<length>8</length>
<class>AAA_Estimate_Person</class>
<attribute>
<name>Canonical</name>
<value>ФЕДОТОВ</value>
</attribute>
</entry>
<entry>
<id>11</id>
<offset>970</offset>
<length>8</length>
<class>AAA_Estimate_Person</class>
<attribute>
<name>Canonical</name>
<value>ФЕДОТОВ</value>
</attribute>
</entry>
<entry>
<id>8</id>
<offset>1108</offset>
<length>19</length>
<class>AAA_Estimate_Person</class>
<attribute>
<name>Canonical</name>
<value>АНТОНИО МАРИО КОСТА</value>
</attribute>
</entry>
<entry>
<id>9</id>
<offset>1245</offset>
<length>12</length>
<class>AAA_Estimate_Person</class>
<attribute>
<name>Canonical</name>
<value>ЮРИЙ ФЕДОТОВ</value>
</attribute>
</entry>
<entry>
<id>10</id>
<offset>1309</offset>
<length>12</length>
<class>AAA_Estimate_Person</class>
<attribute>
<name>Canonical</name>
<value>ЕЛИЗАВЕТА {II}</value>
</attribute>
</entry>
</markup>
