﻿<markup>
<entry>
<id>1</id>
<offset>95</offset>
<length>15</length>
<class>AAA_Estimate_Person</class>
<attribute>
<name>Canonical</name>
<value>СЕРГЕЙ СОБЯНИН</value>
</attribute>
</entry>
<entry>
<id>2</id>
<offset>200</offset>
<length>17</length>
<class>AAA_Estimate_Person</class>
<attribute>
<name>Canonical</name>
<value>ВЛАДИМИР МАЛЫШКОВ</value>
</attribute>
</entry>
<entry>
<id>3</id>
<offset>326</offset>
<length>8</length>
<class>AAA_Estimate_Person</class>
<attribute>
<name>Canonical</name>
<value>МАЛЫШКОВ</value>
</attribute>
</entry>
<entry>
<id>4</id>
<offset>443</offset>
<length>9</length>
<class>AAA_Estimate_Person</class>
<attribute>
<name>Canonical</name>
<value>МАЛЫШКОВ</value>
</attribute>
</entry>
<entry>
<id>5</id>
<offset>460</offset>
<length>12</length>
<class>AAA_Estimate_Person</class>
<attribute>
<name>Canonical</name>
<value>МИХАИЛ ОРЛОВ</value>
</attribute>
</entry>
<entry>
<id>6</id>
<offset>750</offset>
<length>8</length>
<class>AAA_Estimate_Person</class>
<attribute>
<name>Canonical</name>
<value>МАЛЫШКОВ</value>
</attribute>
</entry>
<entry>
<id>7</id>
<offset>807</offset>
<length>12</length>
<class>AAA_Estimate_Person</class>
<attribute>
<name>Canonical</name>
<value>ЮРИЙ ЛУЖКОВ</value>
</attribute>
</entry>
</markup>
