﻿<markup>
<entry>
<id>1</id>
<offset>100</offset>
<length>12</length>
<class>AAA_Estimate_Person</class>
<attribute>
<name>Canonical</name>
<value>ЛЕВ КУЗНЕЦОВ</value>
</attribute>
</entry>
<entry>
<id>2</id>
<offset>173</offset>
<length>15</length>
<class>AAA_Estimate_Person</class>
<attribute>
<name>Canonical</name>
<value>ГАЛИНА ПАШИНОВА</value>
</attribute>
</entry>
<entry>
<id>3</id>
<offset>272</offset>
<length>18</length>
<class>AAA_Estimate_Person</class>
<attribute>
<name>Canonical</name>
<value>СВЕТЛАНА МАКОВСКАЯ</value>
</attribute>
</entry>
<entry>
<id>4</id>
<offset>313</offset>
<length>15</length>
<class>AAA_Estimate_Person</class>
<attribute>
<name>Canonical</name>
<value>ВЛАДИМИР БАХАРЬ</value>
</attribute>
</entry>
<entry>
<id>5</id>
<offset>362</offset>
<length>12</length>
<class>AAA_Estimate_Person</class>
<attribute>
<name>Canonical</name>
<value>ЛЕВ КУЗНЕЦОВ</value>
</attribute>
</entry>
<entry>
<id>6</id>
<offset>745</offset>
<length>15</length>
<class>AAA_Estimate_Person</class>
<attribute>
<name>Canonical</name>
<value>ГАЛИНА ПАШИНОВА</value>
</attribute>
</entry>
<entry>
<id>7</id>
<offset>967</offset>
<length>13</length>
<class>AAA_Estimate_Person</class>
<attribute>
<name>Canonical</name>
<value>ОЛЬГА КАРЛОВА</value>
</attribute>
</entry>
<entry>
<id>8</id>
<offset>1149</offset>
<length>16</length>
<class>AAA_Estimate_Person</class>
<attribute>
<name>Canonical</name>
<value>НАТАЛЬЯ КУЗЬМИНА</value>
</attribute>
</entry>
<entry>
<id>9</id>
<offset>1257</offset>
<length>18</length>
<class>AAA_Estimate_Person</class>
<attribute>
<name>Canonical</name>
<value>СВЕТЛАНА МАКОВСКАЯ</value>
</attribute>
</entry>
<entry>
<id>10</id>
<offset>1406</offset>
<length>14</length>
<class>AAA_Estimate_Person</class>
<attribute>
<name>Canonical</name>
<value>ВЯЧЕСЛАВ БАШЕВ</value>
</attribute>
</entry>
<entry>
<id>11</id>
<offset>1487</offset>
<length>15</length>
<class>AAA_Estimate_Person</class>
<attribute>
<name>Canonical</name>
<value>ВЛАДИМИР БАХАРЬ</value>
</attribute>
</entry>
</markup>
