﻿<markup>
<entry>
<id>1</id>
<offset>36</offset>
<length>8</length>
<class>AAA_Estimate_Person</class>
<attribute>
<name>Canonical</name>
<value>МУБАРАК</value>
</attribute>
</entry>
<entry>
<id>2</id>
<offset>135</offset>
<length>32</length>
<class>AAA_Estimate_Person</class>
<attribute>
<name>Canonical</name>
<value>ЭССАМ АЛЬ-ЭРИАН (ESSAM AL-ERIAN)</value>
</attribute>
</entry>
<entry>
<id>3</id>
<offset>200</offset>
<length>14</length>
<class>AAA_Estimate_Person</class>
<attribute>
<name>Canonical</name>
<value>ХОСНИ МУБАРАК</value>
</attribute>
</entry>
<entry>
<id>4</id>
<offset>395</offset>
<length>8</length>
<class>AAA_Estimate_Person</class>
<attribute>
<name>Canonical</name>
<value>МУБАРАК</value>
</attribute>
</entry>
<entry>
<id>5</id>
<offset>539</offset>
<length>9</length>
<class>AAA_Estimate_Person</class>
<attribute>
<name>Canonical</name>
<value>АЛЬ-ЭРИАН</value>
</attribute>
</entry>
<entry>
<id>6</id>
<offset>587</offset>
<length>7</length>
<class>AAA_Estimate_Person</class>
<attribute>
<name>Canonical</name>
<value>МУБАРАК</value>
</attribute>
</entry>
<entry>
<id>7</id>
<offset>849</offset>
<length>9</length>
<class>AAA_Estimate_Person</class>
<attribute>
<name>Canonical</name>
<value>АЛЬ-ЭРИАН</value>
</attribute>
</entry>
<entry>
<id>8</id>
<offset>917</offset>
<length>13</length>
<class>AAA_Estimate_Person</class>
<attribute>
<name>Canonical</name>
<value>ОМАР СУЛЕЙМАН</value>
</attribute>
</entry>
<entry>
<id>9</id>
<offset>970</offset>
<length>8</length>
<class>AAA_Estimate_Person</class>
<attribute>
<name>Canonical</name>
<value>МУБАРАК</value>
</attribute>
</entry>
<entry>
<id>10</id>
<offset>1238</offset>
<length>8</length>
<class>AAA_Estimate_Person</class>
<attribute>
<name>Canonical</name>
<value>МУБАРАК</value>
</attribute>
</entry>
</markup>
