﻿<markup>
<entry>
<id>1</id>
<offset>2</offset>
<length>5</length>
<class>AAA_Estimate_Person</class>
<attribute>
<name>Canonical</name>
<value>КЕРРИ</value>
</attribute>
</entry>
<entry>
<id>2</id>
<offset>77</offset>
<length>10</length>
<class>AAA_Estimate_Person</class>
<attribute>
<name>Canonical</name>
<value>ДЖОН КЕРРИ</value>
</attribute>
</entry>
<entry>
<id>3</id>
<offset>232</offset>
<length>10</length>
<class>AAA_Estimate_Person</class>
<attribute>
<name>Canonical</name>
<value>ДЖОН КЕРРИ</value>
</attribute>
</entry>
<entry>
<id>4</id>
<offset>475</offset>
<length>12</length>
<class>AAA_Estimate_Person</class>
<attribute>
<name>Canonical</name>
<value>САИБ ОРЕЙКАТ</value>
</attribute>
</entry>
<entry>
<id>5</id>
<offset>492</offset>
<length>5</length>
<class>AAA_Estimate_Person</class>
<attribute>
<name>Canonical</name>
<value>КЕРРИ</value>
</attribute>
</entry>
<entry>
<id>6</id>
<offset>861</offset>
<length>20</length>
<class>AAA_Estimate_Person</class>
<attribute>
<name>Canonical</name>
<value>БИНЬЯМИН НЕТАНЬЯХУ</value>
</attribute>
</entry>
<entry>
<id>7</id>
<offset>948</offset>
<length>16</length>
<class>AAA_Estimate_Person</class>
<attribute>
<name>Canonical</name>
<value>МАХМУД АББАС</value>
</attribute>
</entry>
<entry>
<id>8</id>
<offset>1048</offset>
<length>7</length>
<class>AAA_Estimate_Person</class>
<attribute>
<name>Canonical</name>
<value>ОРЕЙКАТ</value>
</attribute>
</entry>
<entry>
<id>9</id>
<offset>1117</offset>
<length>5</length>
<class>AAA_Estimate_Person</class>
<attribute>
<name>Canonical</name>
<value>КЕРРИ</value>
</attribute>
</entry>
<entry>
<id>10</id>
<offset>1480</offset>
<length>5</length>
<class>AAA_Estimate_Person</class>
<attribute>
<name>Canonical</name>
<value>КЕРРИ</value>
</attribute>
</entry>
<entry>
<id>11</id>
<offset>1706</offset>
<length>7</length>
<class>AAA_Estimate_Person</class>
<attribute>
<name>Canonical</name>
<value>ОРЕЙКАТ</value>
</attribute>
</entry>
<entry>
<id>12</id>
<offset>1891</offset>
<length>9</length>
<class>AAA_Estimate_Person</class>
<attribute>
<name>Canonical</name>
<value>НЕТАНЬЯХУ</value>
</attribute>
</entry>
</markup>
