﻿<markup>
<entry>
<id>1</id>
<offset>0</offset>
<length>15</length>
<class>AAA_Estimate_Person</class>
<attribute>
<name>Canonical</name>
<value>МУРТАЗА РАХИМОВ</value>
</attribute>
</entry>
<entry>
<id>2</id>
<offset>74</offset>
<length>15</length>
<class>AAA_Estimate_Person</class>
<attribute>
<name>Canonical</name>
<value>МУРТАЗА РАХИМОВ</value>
</attribute>
</entry>
<entry>
<id>3</id>
<offset>172</offset>
<length>13</length>
<class>AAA_Estimate_Person</class>
<attribute>
<name>Canonical</name>
<value>ЭРНСТ ИСАЕВ</value>
</attribute>
</entry>
<entry>
<id>4</id>
<offset>243</offset>
<length>8</length>
<class>AAA_Estimate_Person</class>
<attribute>
<name>Canonical</name>
<value>РАХИМОВ</value>
</attribute>
</entry>
<entry>
<id>5</id>
<offset>309</offset>
<length>7</length>
<class>AAA_Estimate_Person</class>
<attribute>
<name>Canonical</name>
<value>ИСАЕВ</value>
</attribute>
</entry>
<entry>
<id>6</id>
<offset>364</offset>
<length>13</length>
<class>AAA_Estimate_Person</class>
<attribute>
<name>Canonical</name>
<value>СЕРГЕЙ ШАРИН</value>
</attribute>
</entry>
<entry>
<id>7</id>
<offset>386</offset>
<length>7</length>
<class>AAA_Estimate_Person</class>
<attribute>
<name>Canonical</name>
<value>РАХИМОВ</value>
</attribute>
</entry>
<entry>
<id>8</id>
<offset>564</offset>
<length>18</length>
<class>AAA_Estimate_Person</class>
<attribute>
<name>Canonical</name>
<value>СЕРГЕЙ ЛАВРЕНТЬЕВ</value>
</attribute>
</entry>
<entry>
<id>9</id>
<offset>741</offset>
<length>8</length>
<class>AAA_Estimate_Person</class>
<attribute>
<name>Canonical</name>
<value>РАХИМОВ</value>
</attribute>
</entry>
<entry>
<id>10</id>
<offset>838</offset>
<length>14</length>
<class>AAA_Estimate_Person</class>
<attribute>
<name>Canonical</name>
<value>РУСТЭМ ХАМИТОВ</value>
</attribute>
</entry>
<entry>
<id>11</id>
<offset>934</offset>
<length>7</length>
<class>AAA_Estimate_Person</class>
<attribute>
<name>Canonical</name>
<value>ХАМИТОВ</value>
</attribute>
</entry>
<entry>
<id>12</id>
<offset>958</offset>
<length>7</length>
<class>AAA_Estimate_Person</class>
<attribute>
<name>Canonical</name>
<value>РАХИМОВ</value>
</attribute>
</entry>
<entry>
<id>13</id>
<offset>1048</offset>
<length>6</length>
<class>AAA_Estimate_Person</class>
<attribute>
<name>Canonical</name>
<value>ИСАЕВ</value>
</attribute>
</entry>
<entry>
<id>14</id>
<offset>1142</offset>
<length>14</length>
<class>AAA_Estimate_Person</class>
<attribute>
<name>Canonical</name>
<value>ЮРИЙ ЗЕЛЕНСКИЙ</value>
</attribute>
</entry>
<entry>
<id>15</id>
<offset>1158</offset>
<length>15</length>
<class>AAA_Estimate_Person</class>
<attribute>
<name>Canonical</name>
<value>ВАСИЛИЙ КОПЫЛОВ</value>
</attribute>
</entry>
<entry>
<id>16</id>
<offset>1175</offset>
<length>16</length>
<class>AAA_Estimate_Person</class>
<attribute>
<name>Canonical</name>
<value>ВЯЧЕСЛАВ ВОЛОДИН</value>
</attribute>
</entry>
<entry>
<id>17</id>
<offset>1194</offset>
<length>16</length>
<class>AAA_Estimate_Person</class>
<attribute>
<name>Canonical</name>
<value>ВАЛЕРИЙ КОРНИЛОВ</value>
</attribute>
</entry>
<entry>
<id>18</id>
<offset>1218</offset>
<length>9</length>
<class>AAA_Estimate_Person</class>
<attribute>
<name>Canonical</name>
<value>КОРНИЛОВ</value>
</attribute>
</entry>
<entry>
<id>19</id>
<offset>1284</offset>
<length>15</length>
<class>AAA_Estimate_Person</class>
<attribute>
<name>Canonical</name>
<value>ВАЛЕРИЙ ШАНЦЕВ</value>
</attribute>
</entry>
<entry>
<id>20</id>
<offset>1314</offset>
<length>7</length>
<class>AAA_Estimate_Person</class>
<attribute>
<name>Canonical</name>
<value>РАХИМОВ</value>
</attribute>
</entry>
</markup>
