﻿<markup>
<entry>
<id>2</id>
<offset>0</offset>
<length>7</length>
<class>AAA_Estimate_Person</class>
<attribute>
<name>Canonical</name>
<value>ИВ МЕРШ</value>
</attribute>
</entry>
<entry>
<id>12</id>
<offset>93</offset>
<length>9</length>
<class>AAA_Estimate_Person</class>
<attribute>
<name>Canonical</name>
<value>ИВ МЕРШ</value>
</attribute>
</entry>
<entry>
<id>3</id>
<offset>304</offset>
<length>4</length>
<class>AAA_Estimate_Person</class>
<attribute>
<name>Canonical</name>
<value>МЕРШ</value>
</attribute>
</entry>
<entry>
<id>4</id>
<offset>852</offset>
<length>7</length>
<class>AAA_Estimate_Person</class>
<attribute>
<name>Canonical</name>
<value>ИВ МЕРШ</value>
</attribute>
</entry>
<entry>
<id>5</id>
<offset>897</offset>
<length>31</length>
<class>AAA_Estimate_Person</class>
<attribute>
<name>Canonical</name>
<value>ХОСЕ МАНУЭЛЬ ГОНСАЛЕС-ПАРАМО</value>
</attribute>
</entry>
<entry>
<id>6</id>
<offset>939</offset>
<length>6</length>
<class>AAA_Estimate_Person</class>
<attribute>
<name>Canonical</name>
<value>МЕРШ</value>
</attribute>
</entry>
<entry>
<id>7</id>
<offset>1004</offset>
<length>23</length>
<class>AAA_Estimate_Person</class>
<attribute>
<name>Canonical</name>
<value>АНТОНИО САЙНС ДЕ ВИКУНА</value>
</attribute>
</entry>
<entry>
<id>8</id>
<offset>1114</offset>
<length>5</length>
<class>AAA_Estimate_Person</class>
<attribute>
<name>Canonical</name>
<value>МЕРШ</value>
</attribute>
</entry>
<entry>
<id>9</id>
<offset>1198</offset>
<length>5</length>
<class>AAA_Estimate_Person</class>
<attribute>
<name>Canonical</name>
<value>МЕРШ</value>
</attribute>
</entry>
<entry>
<id>10</id>
<offset>1436</offset>
<length>14</length>
<class>AAA_Estimate_Person</class>
<attribute>
<name>Canonical</name>
<value>АНГЕЛА МЕРКЕЛЬ</value>
</attribute>
</entry>
<entry>
<id>11</id>
<offset>1471</offset>
<length>14</length>
<class>AAA_Estimate_Person</class>
<attribute>
<name>Canonical</name>
<value>ФРАНСУА ОЛЛАНД</value>
</attribute>
</entry>
</markup>
