﻿<markup>
<entry>
<id>1</id>
<offset>737</offset>
<length>16</length>
<class>AAA_Estimate_Person</class>
<attribute>
<name>Canonical</name>
<value>НАДЕЖДА ЕРМАКОВА</value>
</attribute>
</entry>
<entry>
<id>2</id>
<offset>755</offset>
<length>19</length>
<class>AAA_Estimate_Person</class>
<attribute>
<name>Canonical</name>
<value>АЛЕКСАНДР ЛУКАШЕНКО</value>
</attribute>
</entry>
<entry>
<id>3</id>
<offset>1266</offset>
<length>16</length>
<class>AAA_Estimate_Person</class>
<attribute>
<name>Canonical</name>
<value>НАДЕЖДА ЕРМАКОВА</value>
</attribute>
</entry>
<entry>
<id>4</id>
<offset>1572</offset>
<length>8</length>
<class>AAA_Estimate_Person</class>
<attribute>
<name>Canonical</name>
<value>ЕРМАКОВА</value>
</attribute>
</entry>
<entry>
<id>5</id>
<offset>1805</offset>
<length>12</length>
<class>AAA_Estimate_Person</class>
<attribute>
<name>Canonical</name>
<value>ДЭВИД ХОФМАН</value>
</attribute>
</entry>
<entry>
<id>6</id>
<offset>1875</offset>
<length>21</length>
<class>AAA_Estimate_Person</class>
<attribute>
<name>Canonical</name>
<value>МИХАИЛ МЯСНИКОВИЧ</value>
</attribute>
</entry>
<entry>
<id>7</id>
<offset>2087</offset>
<length>10</length>
<class>AAA_Estimate_Person</class>
<attribute>
<name>Canonical</name>
<value>МЯСНИКОВИЧ</value>
</attribute>
</entry>
<entry>
<id>8</id>
<offset>2111</offset>
<length>8</length>
<class>AAA_Estimate_Person</class>
<attribute>
<name>Canonical</name>
<value>ХОФМАН</value>
</attribute>
</entry>
</markup>
