﻿<markup>
<entry>
<id>1</id>
<offset>0</offset>
<length>15</length>
<class>AAA_Estimate_Person</class>
<attribute>
<name>Canonical</name>
<value>ХИЛЛАРИ КЛИНТОН</value>
</attribute>
</entry>
<entry>
<id>2</id>
<offset>106</offset>
<length>15</length>
<class>AAA_Estimate_Person</class>
<attribute>
<name>Canonical</name>
<value>ХИЛЛАРИ КЛИНТОН</value>
</attribute>
</entry>
<entry>
<id>3</id>
<offset>173</offset>
<length>22</length>
<class>AAA_Estimate_Person</class>
<attribute>
<name>Canonical</name>
<value>ИАН КЕЛЛИ (IAN KELLY)</value>
</attribute>
</entry>
<entry>
<id>4</id>
<offset>237</offset>
<length>26</length>
<class>AAA_Estimate_Person</class>
<attribute>
<name>Canonical</name>
<value>РОБЕРТ ВУД (ROBERT WOOD)</value>
</attribute>
</entry>
<entry>
<id>14</id>
<offset>298</offset>
<length>7</length>
<class>AAA_Estimate_Person</class>
<attribute>
<name>Canonical</name>
<value>КЛИНТОН</value>
</attribute>
</entry>
<entry>
<id>5</id>
<offset>363</offset>
<length>3</length>
<class>AAA_Estimate_Person</class>
<attribute>
<name>Canonical</name>
<value>ИАН</value>
</attribute>
</entry>
<entry>
<id>7</id>
<offset>696</offset>
<length>7</length>
<class>AAA_Estimate_Person</class>
<attribute>
<name>Canonical</name>
<value>КЛИНТОН</value>
</attribute>
</entry>
<entry>
<id>10</id>
<offset>754</offset>
<length>5</length>
<class>AAA_Estimate_Person</class>
<attribute>
<name>Canonical</name>
<value>КЕЛЛИ</value>
</attribute>
</entry>
<entry>
<id>8</id>
<offset>854</offset>
<length>16</length>
<class>AAA_Estimate_Person</class>
<attribute>
<name>Canonical</name>
<value>СЕРГЕЙ ЛАВРОВ</value>
</attribute>
</entry>
<entry>
<id>12</id>
<offset>990</offset>
<length>12</length>
<class>AAA_Estimate_Person</class>
<attribute>
<name>Canonical</name>
<value>РОБЕРТ ВУД</value>
</attribute>
</entry>
<entry>
<id>13</id>
<offset>1075</offset>
<length>9</length>
<class>AAA_Estimate_Person</class>
<attribute>
<name>Canonical</name>
<value>ИАН КЕЛЛИ</value>
</attribute>
</entry>
</markup>
