﻿<markup>
<entry>
<id>1</id>
<offset>26</offset>
<length>10</length>
<class>AAA_Estimate_Person</class>
<attribute>
<name>Canonical</name>
<value>ПОНОМАРЕВА</value>
</attribute>
</entry>
<entry>
<id>2</id>
<offset>106</offset>
<length>10</length>
<class>AAA_Estimate_Person</class>
<attribute>
<name>Canonical</name>
<value>ПОНОМАРЕВА</value>
</attribute>
</entry>
<entry>
<id>3</id>
<offset>131</offset>
<length>11</length>
<class>AAA_Estimate_Person</class>
<attribute>
<name>Canonical</name>
<value>РОМАН КОПИН</value>
</attribute>
</entry>
<entry>
<id>4</id>
<offset>233</offset>
<length>17</length>
<class>AAA_Estimate_Person</class>
<attribute>
<name>Canonical</name>
<value>ЛАРИСА ПОНОМАРЕВА</value>
</attribute>
</entry>
<entry>
<id>5</id>
<offset>421</offset>
<length>10</length>
<class>AAA_Estimate_Person</class>
<attribute>
<name>Canonical</name>
<value>ПОНОМАРЕВА</value>
</attribute>
</entry>
<entry>
<id>6</id>
<offset>446</offset>
<length>11</length>
<class>AAA_Estimate_Person</class>
<attribute>
<name>Canonical</name>
<value>РОМАН КОПИН</value>
</attribute>
</entry>
<entry>
<id>7</id>
<offset>484</offset>
<length>11</length>
<class>AAA_Estimate_Person</class>
<attribute>
<name>Canonical</name>
<value>ПОНОМАРЕВА</value>
</attribute>
</entry>
<entry>
<id>8</id>
<offset>675</offset>
<length>10</length>
<class>AAA_Estimate_Person</class>
<attribute>
<name>Canonical</name>
<value>ПОНОМАРЕВА</value>
</attribute>
</entry>
<entry>
<id>9</id>
<offset>1018</offset>
<length>10</length>
<class>AAA_Estimate_Person</class>
<attribute>
<name>Canonical</name>
<value>ПОНОМАРЕВА</value>
</attribute>
</entry>
</markup>
