﻿<markup>
<entry>
<id>1</id>
<offset>26</offset>
<length>8</length>
<class>AAA_Estimate_Person</class>
<attribute>
<name>Canonical</name>
<value>ЯРОШЕНКО</value>
</attribute>
</entry>
<entry>
<id>2</id>
<offset>84</offset>
<length>20</length>
<class>AAA_Estimate_Person</class>
<attribute>
<name>Canonical</name>
<value>КОНСТАНТИН ЯРОШЕНКО</value>
</attribute>
</entry>
<entry>
<id>3</id>
<offset>236</offset>
<length>20</length>
<class>AAA_Estimate_Person</class>
<attribute>
<name>Canonical</name>
<value>КОНСТАНТИН ЯРОШЕНКО</value>
</attribute>
</entry>
<entry>
<id>4</id>
<offset>422</offset>
<length>8</length>
<class>AAA_Estimate_Person</class>
<attribute>
<name>Canonical</name>
<value>ЯРОШЕНКО</value>
</attribute>
</entry>
<entry>
<id>5</id>
<offset>536</offset>
<length>8</length>
<class>AAA_Estimate_Person</class>
<attribute>
<name>Canonical</name>
<value>ЯРОШЕНКО</value>
</attribute>
</entry>
<entry>
<id>6</id>
<offset>769</offset>
<length>15</length>
<class>AAA_Estimate_Person</class>
<attribute>
<name>Canonical</name>
<value>АЛЕКСЕЙ ТАРАСОВ</value>
</attribute>
</entry>
<entry>
<id>12</id>
<offset>1147</offset>
<length>8</length>
<class>AAA_Estimate_Person</class>
<attribute>
<name>Canonical</name>
<value>ЯРОШЕНКО</value>
</attribute>
</entry>
<entry>
<id>7</id>
<offset>1176</offset>
<length>19</length>
<class>AAA_Estimate_Person</class>
<attribute>
<name>Canonical</name>
<value>КОНСТАНТИН ЯРОШЕНКО</value>
</attribute>
</entry>
<entry>
<id>8</id>
<offset>1236</offset>
<length>20</length>
<class>AAA_Estimate_Person</class>
<attribute>
<name>Canonical</name>
<value>КОНСТАНТИН ЯРОШЕНКО</value>
</attribute>
</entry>
<entry>
<id>9</id>
<offset>1298</offset>
<length>8</length>
<class>AAA_Estimate_Person</class>
<attribute>
<name>Canonical</name>
<value>ЯРОШЕНКО</value>
</attribute>
</entry>
<entry>
<id>10</id>
<offset>1902</offset>
<length>8</length>
<class>AAA_Estimate_Person</class>
<attribute>
<name>Canonical</name>
<value>ЯРОШЕНКО</value>
</attribute>
</entry>
<entry>
<id>11</id>
<offset>2308</offset>
<length>8</length>
<class>AAA_Estimate_Person</class>
<attribute>
<name>Canonical</name>
<value>ЯРОШЕНКО</value>
</attribute>
</entry>
</markup>
