﻿<markup>
<entry>
<id>1</id>
<offset>26</offset>
<length>10</length>
<class>AAA_Estimate_Person</class>
<attribute>
<name>Canonical</name>
<value>А МАКАРОВ</value>
</attribute>
</entry>
<entry>
<id>2</id>
<offset>239</offset>
<length>14</length>
<class>AAA_Estimate_Person</class>
<attribute>
<name>Canonical</name>
<value>АНДРЕЙ МАКАРОВ</value>
</attribute>
</entry>
<entry>
<id>3</id>
<offset>490</offset>
<length>9</length>
<class>AAA_Estimate_Person</class>
<attribute>
<name>Canonical</name>
<value>А МАКАРОВ</value>
</attribute>
</entry>
<entry>
<id>4</id>
<offset>642</offset>
<length>17</length>
<class>AAA_Estimate_Person</class>
<attribute>
<name>Canonical</name>
<value>ТАТЬЯНА ГОЛИКОВА</value>
</attribute>
</entry>
<entry>
<id>5</id>
<offset>684</offset>
<length>15</length>
<class>AAA_Estimate_Person</class>
<attribute>
<name>Canonical</name>
<value>АЛЕКСЕЙ КУДРИН</value>
</attribute>
</entry>
<entry>
<id>6</id>
<offset>818</offset>
<length>16</length>
<class>AAA_Estimate_Person</class>
<attribute>
<name>Canonical</name>
<value>СЕРГЕЙ СТЕПАШИН</value>
</attribute>
</entry>
<entry>
<id>8</id>
<offset>849</offset>
<length>10</length>
<class>AAA_Estimate_Person</class>
<attribute>
<name>Canonical</name>
<value>С СТЕПАШИН</value>
</attribute>
</entry>
<entry>
<id>7</id>
<offset>1254</offset>
<length>9</length>
<class>AAA_Estimate_Person</class>
<attribute>
<name>Canonical</name>
<value>А МАКАРОВ</value>
</attribute>
</entry>
</markup>
