﻿<markup>
<entry>
<id>1</id>
<offset>2</offset>
<length>6</length>
<class>AAA_Estimate_Person</class>
<attribute>
<name>Canonical</name>
<value>ЛАВРОВ</value>
</attribute>
</entry>
<entry>
<id>2</id>
<offset>99</offset>
<length>13</length>
<class>AAA_Estimate_Person</class>
<attribute>
<name>Canonical</name>
<value>СЕРГЕЙ ЛАВРОВ</value>
</attribute>
</entry>
<entry>
<id>3</id>
<offset>202</offset>
<length>14</length>
<class>AAA_Estimate_Person</class>
<attribute>
<name>Canonical</name>
<value>ВЛАДИМИР ПУТИН</value>
</attribute>
</entry>
<entry>
<id>4</id>
<offset>342</offset>
<length>13</length>
<class>AAA_Estimate_Person</class>
<attribute>
<name>Canonical</name>
<value>СЕРГЕЙ ЛАВРОВ</value>
</attribute>
</entry>
<entry>
<id>5</id>
<offset>772</offset>
<length>7</length>
<class>AAA_Estimate_Person</class>
<attribute>
<name>Canonical</name>
<value>ЛАВРОВ</value>
</attribute>
</entry>
<entry>
<id>6</id>
<offset>808</offset>
<length>16</length>
<class>AAA_Estimate_Person</class>
<attribute>
<name>Canonical</name>
<value>АЛЕКСАНДР ГРУШКО</value>
</attribute>
</entry>
<entry>
<id>7</id>
<offset>863</offset>
<length>14</length>
<class>AAA_Estimate_Person</class>
<attribute>
<name>Canonical</name>
<value>АЛЕКСЕЙ МЕШКОВ</value>
</attribute>
</entry>
<entry>
<id>8</id>
<offset>947</offset>
<length>16</length>
<class>AAA_Estimate_Person</class>
<attribute>
<name>Canonical</name>
<value>ВЛАДИМИР ЗИМАКОВ</value>
</attribute>
</entry>
</markup>
