﻿<markup>
<entry>
<id>1</id>
<offset>11</offset>
<length>5</length>
<class>AAA_Estimate_Person</class>
<attribute>
<name>Canonical</name>
<value>ЛОШАК</value>
</attribute>
</entry>
<entry>
<id>2</id>
<offset>62</offset>
<length>7</length>
<class>AAA_Estimate_Person</class>
<attribute>
<name>Canonical</name>
<value>ШВЫДКОЙ</value>
</attribute>
</entry>
<entry>
<id>3</id>
<offset>175</offset>
<length>16</length>
<class>AAA_Estimate_Person</class>
<attribute>
<name>Canonical</name>
<value>МИХАИЛ ШВЫДКОЙ</value>
</attribute>
</entry>
<entry>
<id>4</id>
<offset>193</offset>
<length>12</length>
<class>AAA_Estimate_Person</class>
<attribute>
<name>Canonical</name>
<value>МАРИНА ЛОШАК</value>
</attribute>
</entry>
<entry>
<id>5</id>
<offset>305</offset>
<length>12</length>
<class>AAA_Estimate_Person</class>
<attribute>
<name>Canonical</name>
<value>МАРИНА ЛОШАК</value>
</attribute>
</entry>
<entry>
<id>6</id>
<offset>369</offset>
<length>15</length>
<class>AAA_Estimate_Person</class>
<attribute>
<name>Canonical</name>
<value>ИРИНА АНТОНОВА</value>
</attribute>
</entry>
<entry>
<id>7</id>
<offset>675</offset>
<length>14</length>
<class>AAA_Estimate_Person</class>
<attribute>
<name>Canonical</name>
<value>МИХАИЛ ШВЫДКОЙ</value>
</attribute>
</entry>
<entry>
<id>8</id>
<offset>916</offset>
<length>8</length>
<class>AAA_Estimate_Person</class>
<attribute>
<name>Canonical</name>
<value>АНТОНОВА</value>
</attribute>
</entry>
<entry>
<id>9</id>
<offset>1073</offset>
<length>7</length>
<class>AAA_Estimate_Person</class>
<attribute>
<name>Canonical</name>
<value>ШВЫДКОЙ</value>
</attribute>
</entry>
<entry>
<id>10</id>
<offset>1694</offset>
<length>7</length>
<class>AAA_Estimate_Person</class>
<attribute>
<name>Canonical</name>
<value>ШВЫДКОЙ</value>
</attribute>
</entry>
<entry>
<id>11</id>
<offset>1717</offset>
<length>14</length>
<class>AAA_Estimate_Person</class>
<attribute>
<name>Canonical</name>
<value>ИРИНА АНТОНОВА</value>
</attribute>
</entry>
<entry>
<id>12</id>
<offset>1870</offset>
<length>18</length>
<class>AAA_Estimate_Person</class>
<attribute>
<name>Canonical</name>
<value>ВЛАДИМИР МЕДИНСКИЙ</value>
</attribute>
</entry>
<entry>
<id>13</id>
<offset>1893</offset>
<length>12</length>
<class>AAA_Estimate_Person</class>
<attribute>
<name>Canonical</name>
<value>МАРИНА ЛОШАК</value>
</attribute>
</entry>
</markup>
