﻿<markup>
<entry>
<id>1</id>
<offset>2</offset>
<length>6</length>
<class>AAA_Estimate_Person</class>
<attribute>
<name>Canonical</name>
<value>ПШОНКА</value>
</attribute>
</entry>
<entry>
<id>2</id>
<offset>59</offset>
<length>6</length>
<class>AAA_Estimate_Person</class>
<attribute>
<name>Canonical</name>
<value>ПШОНКА</value>
</attribute>
</entry>
<entry>
<id>3</id>
<offset>168</offset>
<length>6</length>
<class>AAA_Estimate_Person</class>
<attribute>
<name>Canonical</name>
<value>ПШОНКА</value>
</attribute>
</entry>
<entry>
<id>4</id>
<offset>308</offset>
<length>13</length>
<class>AAA_Estimate_Person</class>
<attribute>
<name>Canonical</name>
<value>ВИКТОР ПШОНКА</value>
</attribute>
</entry>
<entry>
<id>5</id>
<offset>380</offset>
<length>18</length>
<class>AAA_Estimate_Person</class>
<attribute>
<name>Canonical</name>
<value>НИКОЛАЙ БЕСКИШКИЙ</value>
</attribute>
</entry>
<entry>
<id>6</id>
<offset>527</offset>
<length>9</length>
<class>AAA_Estimate_Person</class>
<attribute>
<name>Canonical</name>
<value>БЕСКИШКИЙ</value>
</attribute>
</entry>
<entry>
<id>7</id>
<offset>605</offset>
<length>6</length>
<class>AAA_Estimate_Person</class>
<attribute>
<name>Canonical</name>
<value>ПШОНКА</value>
</attribute>
</entry>
<entry>
<id>8</id>
<offset>645</offset>
<length>17</length>
<class>AAA_Estimate_Person</class>
<attribute>
<name>Canonical</name>
<value>АНАТОЛИЙ МЕЛЬНИК</value>
</attribute>
</entry>
<entry>
<id>9</id>
<offset>664</offset>
<length>7</length>
<class>AAA_Estimate_Person</class>
<attribute>
<name>Canonical</name>
<value> МЕЛЬНИК</value>
</attribute>
</entry>
<entry>
<id>10</id>
<offset>746</offset>
<length>6</length>
<class>AAA_Estimate_Person</class>
<attribute>
<name>Canonical</name>
<value>ПШОНКА</value>
</attribute>
</entry>
<entry>
<id>11</id>
<offset>762</offset>
<length>7</length>
<class>AAA_Estimate_Person</class>
<attribute>
<name>Canonical</name>
<value>ТРУНОВ</value>
</attribute>
</entry>
<entry>
<id>12</id>
<offset>1148</offset>
<length>10</length>
<class>AAA_Estimate_Person</class>
<attribute>
<name>Canonical</name>
<value>ЗАХАРЧЕНКО</value>
</attribute>
</entry>
<entry>
<id>13</id>
<offset>1249</offset>
<length>18</length>
<class>AAA_Estimate_Person</class>
<attribute>
<name>Canonical</name>
<value>ВИТАЛИЙ ЗАХАРЧЕНКО</value>
</attribute>
</entry>
<entry>
<id>14</id>
<offset>1329</offset>
<length>15</length>
<class>AAA_Estimate_Person</class>
<attribute>
<name>Canonical</name>
<value>АЛЕКСЕЙ КРИКУН</value>
</attribute>
</entry>
<entry>
<id>15</id>
<offset>1461</offset>
<length>13</length>
<class>AAA_Estimate_Person</class>
<attribute>
<name>Canonical</name>
<value>ВАЛЕРИЙ КОРЯК</value>
</attribute>
</entry>
<entry>
<id>16</id>
<offset>1549</offset>
<length>17</length>
<class>AAA_Estimate_Person</class>
<attribute>
<name>Canonical</name>
<value>СТАНИСЛАВ РОГОЗИН</value>
</attribute>
</entry>
<entry>
<id>17</id>
<offset>1817</offset>
<length>13</length>
<class>AAA_Estimate_Person</class>
<attribute>
<name>Canonical</name>
<value>ОЛЕГ ШКОЛЬНЫЙ</value>
</attribute>
</entry>
<entry>
<id>18</id>
<offset>1934</offset>
<length>8</length>
<class>AAA_Estimate_Person</class>
<attribute>
<name>Canonical</name>
<value>ШКОЛЬНЫЙ</value>
</attribute>
</entry>
<entry>
<id>19</id>
<offset>2097</offset>
<length>15</length>
<class>AAA_Estimate_Person</class>
<attribute>
<name>Canonical</name>
<value>ВИКТОР ЯНУКОВИЧ</value>
</attribute>
</entry>
<entry>
<id>20</id>
<offset>2179</offset>
<length>14</length>
<class>AAA_Estimate_Person</class>
<attribute>
<name>Canonical</name>
<value>ЮРИЙ ГАВРИЛЮК</value>
</attribute>
</entry>
<entry>
<id>21</id>
<offset>2201</offset>
<length>16</length>
<class>AAA_Estimate_Person</class>
<attribute>
<name>Canonical</name>
<value>ИГОРЬ ВИННИЦКИЙ</value>
</attribute>
</entry>
</markup>
