﻿<markup>
<entry>
<id>1</id>
<offset>314</offset>
<length>18</length>
<class>AAA_Estimate_Person</class>
<attribute>
<name>Canonical</name>
<value>ЕКАТЕРИНА БЕСХИШКО</value>
</attribute>
</entry>
<entry>
<id>2</id>
<offset>514</offset>
<length>8</length>
<class>AAA_Estimate_Person</class>
<attribute>
<name>Canonical</name>
<value>БЕСХИШКО</value>
</attribute>
</entry>
<entry>
<id>3</id>
<offset>613</offset>
<length>14</length>
<class>AAA_Estimate_Person</class>
<attribute>
<name>Canonical</name>
<value>АРКАДИЙ ДОБКИН</value>
</attribute>
</entry>
</markup>
