﻿<markup>
<entry>
<id>1</id>
<offset>26</offset>
<length>7</length>
<class>AAA_Estimate_Person</class>
<attribute>
<name>Canonical</name>
<value>ЗВЯГИН</value>
</attribute>
</entry>
<entry>
<id>2</id>
<offset>147</offset>
<length>14</length>
<class>AAA_Estimate_Person</class>
<attribute>
<name>Canonical</name>
<value>АЛЕКСЕЙ ЗВЯГИН</value>
</attribute>
</entry>
<entry>
<id>3</id>
<offset>266</offset>
<length>15</length>
<class>AAA_Estimate_Person</class>
<attribute>
<name>Canonical</name>
<value>АЛЕКСЕЙ ЗВЯГИН</value>
</attribute>
</entry>
<entry>
<id>4</id>
<offset>332</offset>
<length>14</length>
<class>AAA_Estimate_Person</class>
<attribute>
<name>Canonical</name>
<value>ИРЕК ВИЛЬДАНОВ</value>
</attribute>
</entry>
<entry>
<id>5</id>
<offset>573</offset>
<length>14</length>
<class>AAA_Estimate_Person</class>
<attribute>
<name>Canonical</name>
<value>АЛЕКСЕЙ ЗВЯГИН</value>
</attribute>
</entry>
<entry>
<id>6</id>
<offset>599</offset>
<length>9</length>
<class>AAA_Estimate_Person</class>
<attribute>
<name>Canonical</name>
<value>ВИЛЬДАНОВ</value>
</attribute>
</entry>
<entry>
<id>7</id>
<offset>768</offset>
<length>16</length>
<class>AAA_Estimate_Person</class>
<attribute>
<name>Canonical</name>
<value>АЛЕКСЕЙ ЖУРАВЛЕВ</value>
</attribute>
</entry>
<entry>
<id>8</id>
<offset>818</offset>
<length>6</length>
<class>AAA_Estimate_Person</class>
<attribute>
<name>Canonical</name>
<value>ЗВЯГИН</value>
</attribute>
</entry>
<entry>
<id>9</id>
<offset>1118</offset>
<length>20</length>
<class>AAA_Estimate_Person</class>
<attribute>
<name>Canonical</name>
<value>КОНСТАНТИН ЧЕРЕМИСОВ</value>
</attribute>
</entry>
<entry>
<id>10</id>
<offset>1279</offset>
<length>15</length>
<class>AAA_Estimate_Person</class>
<attribute>
<name>Canonical</name>
<value>ОЛЬГА ОГИЕВСКАЯ</value>
</attribute>
</entry>
<entry>
<id>11</id>
<offset>1439</offset>
<length>17</length>
<class>AAA_Estimate_Person</class>
<attribute>
<name>Canonical</name>
<value>АЛЕКСАНДР ФЕДУЛОВ</value>
</attribute>
</entry>
<entry>
<id>12</id>
<offset>1458</offset>
<length>16</length>
<class>AAA_Estimate_Person</class>
<attribute>
<name>Canonical</name>
<value>МАКСИМ ШИНГАРКИН</value>
</attribute>
</entry>
<entry>
<id>13</id>
<offset>1676</offset>
<length>12</length>
<class>AAA_Estimate_Person</class>
<attribute>
<name>Canonical</name>
<value>ГЛЕБ ФЕТИСОВ</value>
</attribute>
</entry>
<entry>
<id>14</id>
<offset>1766</offset>
<length>21</length>
<class>AAA_Estimate_Person</class>
<attribute>
<name>Canonical</name>
<value>АЛЕКСАНДР РОМАНОВИЧ</value>
</attribute>
</entry>
<entry>
<id>15</id>
<offset>1889</offset>
<length>12</length>
<class>AAA_Estimate_Person</class>
<attribute>
<name>Canonical</name>
<value>СЕРГЕЙ ШОЙГУ</value>
</attribute>
</entry>
<entry>
<id>16</id>
<offset>1995</offset>
<length>15</length>
<class>AAA_Estimate_Person</class>
<attribute>
<name>Canonical</name>
<value>АНДРЕЙ ВОРОБЬЕВ</value>
</attribute>
</entry>
</markup>
