﻿<markup>
<entry>
<id>2</id>
<offset>0</offset>
<length>16</length>
<class>AAA_Estimate_Person</class>
<attribute>
<name>Canonical</name>
<value>АНДРЕЙ РАППОПОРТ</value>
</attribute>
</entry>
<entry>
<id>3</id>
<offset>136</offset>
<length>17</length>
<class>AAA_Estimate_Person</class>
<attribute>
<name>Canonical</name>
<value>АНДРЕЙ РАППОПОРТ</value>
</attribute>
</entry>
<entry>
<id>1</id>
<offset>496</offset>
<length>17</length>
<class>AAA_Estimate_Person</class>
<attribute>
<name>Canonical</name>
<value>АНДРЕЙ РАППОПОРТ</value>
</attribute>
</entry>
<entry>
<id>9</id>
<offset>685</offset>
<length>10</length>
<class>AAA_Estimate_Person</class>
<attribute>
<name>Canonical</name>
<value>РАППОПОРТ</value>
</attribute>
</entry>
<entry>
<id>16</id>
<offset>715</offset>
<length>16</length>
<class>AAA_Estimate_Person</class>
<attribute>
<name>Canonical</name>
<value>АНДРЕЙ НАТАНОВИЧ</value>
</attribute>
</entry>
<entry>
<id>10</id>
<offset>733</offset>
<length>9</length>
<class>AAA_Estimate_Person</class>
<attribute>
<name>Canonical</name>
<value>РАППОПОРТ</value>
</attribute>
</entry>
<entry>
<id>11</id>
<offset>864</offset>
<length>10</length>
<class>AAA_Estimate_Person</class>
<attribute>
<name>Canonical</name>
<value>РАППОПОРТ</value>
</attribute>
</entry>
<entry>
<id>12</id>
<offset>1144</offset>
<length>10</length>
<class>AAA_Estimate_Person</class>
<attribute>
<name>Canonical</name>
<value>РАППОПОРТ</value>
</attribute>
</entry>
<entry>
<id>4</id>
<offset>1234</offset>
<length>16</length>
<class>AAA_Estimate_Person</class>
<attribute>
<name>Canonical</name>
<value>АНДРЕЙ РАППОПОРТ</value>
</attribute>
</entry>
<entry>
<id>17</id>
<offset>1463</offset>
<length>14</length>
<class>AAA_Estimate_Person</class>
<attribute>
<name>Canonical</name>
<value>СЕРГЕЙ ШМАТКО</value>
</attribute>
</entry>
<entry>
<id>13</id>
<offset>1495</offset>
<length>9</length>
<class>AAA_Estimate_Person</class>
<attribute>
<name>Canonical</name>
<value>РАППОПОРТ</value>
</attribute>
</entry>
<entry>
<id>14</id>
<offset>1751</offset>
<length>9</length>
<class>AAA_Estimate_Person</class>
<attribute>
<name>Canonical</name>
<value>РАППОПОРТ</value>
</attribute>
</entry>
<entry>
<id>18</id>
<offset>1879</offset>
<length>16</length>
<class>AAA_Estimate_Person</class>
<attribute>
<name>Canonical</name>
<value>АНАТОЛИЙ ЧУБАЙС</value>
</attribute>
</entry>
<entry>
<id>5</id>
<offset>1938</offset>
<length>16</length>
<class>AAA_Estimate_Person</class>
<attribute>
<name>Canonical</name>
<value>АНДРЕЙ РАППОПОРТ</value>
</attribute>
</entry>
<entry>
<id>19</id>
<offset>1982</offset>
<length>7</length>
<class>AAA_Estimate_Person</class>
<attribute>
<name>Canonical</name>
<value>ЧУБАЙС</value>
</attribute>
</entry>
<entry>
<id>6</id>
<offset>2203</offset>
<length>17</length>
<class>AAA_Estimate_Person</class>
<attribute>
<name>Canonical</name>
<value>АНДРЕЙ РАППОПОРТ</value>
</attribute>
</entry>
<entry>
<id>20</id>
<offset>2241</offset>
<length>11</length>
<class>AAA_Estimate_Person</class>
<attribute>
<name>Canonical</name>
<value>ИГОРЬ СЕЧИН</value>
</attribute>
</entry>
<entry>
<id>7</id>
<offset>2274</offset>
<length>17</length>
<class>AAA_Estimate_Person</class>
<attribute>
<name>Canonical</name>
<value>АНДРЕЙ РАППОПОРТ</value>
</attribute>
</entry>
<entry>
<id>15</id>
<offset>2678</offset>
<length>10</length>
<class>AAA_Estimate_Person</class>
<attribute>
<name>Canonical</name>
<value>РАППОПОРТ</value>
</attribute>
</entry>
<entry>
<id>21</id>
<offset>2900</offset>
<length>13</length>
<class>AAA_Estimate_Person</class>
<attribute>
<name>Canonical</name>
<value>СЕРГЕЙ ИВАНОВ</value>
</attribute>
</entry>
<entry>
<id>22</id>
<offset>3131</offset>
<length>13</length>
<class>AAA_Estimate_Person</class>
<attribute>
<name>Canonical</name>
<value>СЕРГЕЙ ИВАНОВ</value>
</attribute>
</entry>
<entry>
<id>8</id>
<offset>3171</offset>
<length>17</length>
<class>AAA_Estimate_Person</class>
<attribute>
<name>Canonical</name>
<value>АНДРЕЙ РАППОПОРТ</value>
</attribute>
</entry>
<entry>
<id>23</id>
<offset>3189</offset>
<length>18</length>
<class>AAA_Estimate_Person</class>
<attribute>
<name>Canonical</name>
<value>АЛЕКСАНДР ЧИСТЯКОВ</value>
</attribute>
</entry>
<entry>
<id>24</id>
<offset>3390</offset>
<length>19</length>
<class>AAA_Estimate_Person</class>
<attribute>
<name>Canonical</name>
<value>ЕКАТЕРИНА ТРИПОТЕНЬ</value>
</attribute>
</entry>
</markup>
