﻿<markup>
<entry>
<id>1</id>
<offset>135</offset>
<length>12</length>
<class>AAA_Estimate_Person</class>
<attribute>
<name>Canonical</name>
<value>ЭНДИ КОУЛСОН</value>
</attribute>
</entry>
<entry>
<id>2</id>
<offset>289</offset>
<length>8</length>
<class>AAA_Estimate_Person</class>
<attribute>
<name>Canonical</name>
<value>КОУЛСОН</value>
</attribute>
</entry>
<entry>
<id>3</id>
<offset>399</offset>
<length>8</length>
<class>AAA_Estimate_Person</class>
<attribute>
<name>Canonical</name>
<value>КОУЛСОН</value>
</attribute>
</entry>
<entry>
<id>4</id>
<offset>601</offset>
<length>13</length>
<class>AAA_Estimate_Person</class>
<attribute>
<name>Canonical</name>
<value>СИЕННА МИЛЛЕР</value>
</attribute>
</entry>
<entry>
<id>5</id>
<offset>668</offset>
<length>8</length>
<class>AAA_Estimate_Person</class>
<attribute>
<name>Canonical</name>
<value>КОУЛСОН</value>
</attribute>
</entry>
<entry>
<id>6</id>
<offset>739</offset>
<length>15</length>
<class>AAA_Estimate_Person</class>
<attribute>
<name>Canonical</name>
<value>ДЭВИД КЭМЕРОН</value>
</attribute>
</entry>
<entry>
<id>7</id>
<offset>915</offset>
<length>8</length>
<class>AAA_Estimate_Person</class>
<attribute>
<name>Canonical</name>
<value>КОУЛСОН</value>
</attribute>
</entry>
<entry>
<id>8</id>
<offset>1186</offset>
<length>28</length>
<class>AAA_Estimate_Person</class>
<attribute>
<name>Canonical</name>
<value>КЛАЙВ ГУДМАН (CLIVE GOODMAN)</value>
</attribute>
</entry>
<entry>
<id>9</id>
<offset>1217</offset>
<length>29</length>
<class>AAA_Estimate_Person</class>
<attribute>
<name>Canonical</name>
<value>ГЛЕНН МАЛКЕР (GLENN MULCAIRE)</value>
</attribute>
</entry>
<entry>
<id>10</id>
<offset>1363</offset>
<length>7</length>
<class>AAA_Estimate_Person</class>
<attribute>
<name>Canonical</name>
<value>ГУДМАН</value>
</attribute>
</entry>
<entry>
<id>11</id>
<offset>1373</offset>
<length>7</length>
<class>AAA_Estimate_Person</class>
<attribute>
<name>Canonical</name>
<value>МАЛКЕР</value>
</attribute>
</entry>
<entry>
<id>12</id>
<offset>1442</offset>
<length>7</length>
<class>AAA_Estimate_Person</class>
<attribute>
<name>Canonical</name>
<value>КОУЛСОН</value>
</attribute>
</entry>
<entry>
<id>13</id>
<offset>1584</offset>
<length>8</length>
<class>AAA_Estimate_Person</class>
<attribute>
<name>Canonical</name>
<value>КЭМЕРОН</value>
</attribute>
</entry>
<entry>
<id>14</id>
<offset>1725</offset>
<length>12</length>
<class>AAA_Estimate_Person</class>
<attribute>
<name>Canonical</name>
<value>ГЛЕНН МАЛКЕР</value>
</attribute>
</entry>
<entry>
<id>15</id>
<offset>1945</offset>
<length>8</length>
<class>AAA_Estimate_Person</class>
<attribute>
<name>Canonical</name>
<value>КОУЛСОН</value>
</attribute>
</entry>
<entry>
<id>16</id>
<offset>2024</offset>
<length>7</length>
<class>AAA_Estimate_Person</class>
<attribute>
<name>Canonical</name>
<value>КОУЛСОН</value>
</attribute>
</entry>
<entry>
<id>17</id>
<offset>2131</offset>
<length>7</length>
<class>AAA_Estimate_Person</class>
<attribute>
<name>Canonical</name>
<value>КЭМЕРОН</value>
</attribute>
</entry>
</markup>
