﻿<markup>
<entry>
<id>1</id>
<offset>228</offset>
<length>17</length>
<class>AAA_Estimate_Person</class>
<attribute>
<name>Canonical</name>
<value>АЛЕКСАНДР МОХОВ</value>
</attribute>
</entry>
<entry>
<id>2</id>
<offset>272</offset>
<length>20</length>
<class>AAA_Estimate_Person</class>
<attribute>
<name>Canonical</name>
<value>АЛЕКСАНДР ИГНАТЕНКО</value>
</attribute>
</entry>
<entry>
<id>3</id>
<offset>550</offset>
<length>14</length>
<class>AAA_Estimate_Person</class>
<attribute>
<name>Canonical</name>
<value>АЛЕКСЕЙ ВОЛКОВ</value>
</attribute>
</entry>
<entry>
<id>4</id>
<offset>904</offset>
<length>8</length>
<class>AAA_Estimate_Person</class>
<attribute>
<name>Canonical</name>
<value>А ВОЛКОВ</value>
</attribute>
</entry>
</markup>
