﻿<markup>
<entry>
<id>1</id>
<offset>99</offset>
<length>14</length>
<class>AAA_Estimate_Person</class>
<attribute>
<name>Canonical</name>
<value>ОЛЕГ БОГОМОЛОВ</value>
</attribute>
</entry>
<entry>
<id>2</id>
<offset>116</offset>
<length>18</length>
<class>AAA_Estimate_Person</class>
<attribute>
<name>Canonical</name>
<value>АЛЕКСАНДР МИХАЙЛОВ</value>
</attribute>
</entry>
<entry>
<id>3</id>
<offset>263</offset>
<length>15</length>
<class>AAA_Estimate_Person</class>
<attribute>
<name>Canonical</name>
<value>ВЯЧЕСЛАВ ДУДКА</value>
</attribute>
</entry>
<entry>
<id>4</id>
<offset>766</offset>
<length>17</length>
<class>AAA_Estimate_Person</class>
<attribute>
<name>Canonical</name>
<value>МИХАИЛ ВИНОГРАДОВ</value>
</attribute>
</entry>
<entry>
<id>5</id>
<offset>1045</offset>
<length>20</length>
<class>AAA_Estimate_Person</class>
<attribute>
<name>Canonical</name>
<value>АЛЕКСАНДР МИХАЙЛОВ</value>
</attribute>
</entry>
<entry>
<id>6</id>
<offset>1118</offset>
<length>11</length>
<class>AAA_Estimate_Person</class>
<attribute>
<name>Canonical</name>
<value>ВИНОГРАДОВ</value>
</attribute>
</entry>
<entry>
<id>7</id>
<offset>1181</offset>
<length>15</length>
<class>AAA_Estimate_Person</class>
<attribute>
<name>Canonical</name>
<value>ДМИТРИЙ ЗЕЛЕНИН</value>
</attribute>
</entry>
<entry>
<id>8</id>
<offset>1340</offset>
<length>12</length>
<class>AAA_Estimate_Person</class>
<attribute>
<name>Canonical</name>
<value>БОРИС ГРОМОВ</value>
</attribute>
</entry>
<entry>
<id>9</id>
<offset>1365</offset>
<length>9</length>
<class>AAA_Estimate_Person</class>
<attribute>
<name>Canonical</name>
<value>Д ЗЕЛЕНИН</value>
</attribute>
</entry>
<entry>
<id>10</id>
<offset>1378</offset>
<length>8</length>
<class>AAA_Estimate_Person</class>
<attribute>
<name>Canonical</name>
<value>Б ГРОМОВ</value>
</attribute>
</entry>
<entry>
<id>11</id>
<offset>1640</offset>
<length>15</length>
<class>AAA_Estimate_Person</class>
<attribute>
<name>Canonical</name>
<value>ВЯЧЕСЛАВ ДУДКА</value>
</attribute>
</entry>
<entry>
<id>12</id>
<offset>1669</offset>
<length>12</length>
<class>AAA_Estimate_Person</class>
<attribute>
<name>Canonical</name>
<value>М ВИНОГРАДОВ</value>
</attribute>
</entry>
<entry>
<id>13</id>
<offset>1696</offset>
<length>7</length>
<class>AAA_Estimate_Person</class>
<attribute>
<name>Canonical</name>
<value>В ДУДКА</value>
</attribute>
</entry>
<entry>
<id>14</id>
<offset>1824</offset>
<length>14</length>
<class>AAA_Estimate_Person</class>
<attribute>
<name>Canonical</name>
<value>ОЛЕГ БОГОМОЛОВ</value>
</attribute>
</entry>
<entry>
<id>15</id>
<offset>1944</offset>
<length>12</length>
<class>AAA_Estimate_Person</class>
<attribute>
<name>Canonical</name>
<value>М ВИНОГРАДОВ</value>
</attribute>
</entry>
<entry>
<id>18</id>
<offset>2018</offset>
<length>16</length>
<class>AAA_Estimate_Person</class>
<attribute>
<name>Canonical</name>
<value>НАТАЛЬЯ КОМАРОВА</value>
</attribute>
</entry>
<entry>
<id>20</id>
<offset>2265</offset>
<length>17</length>
<class>AAA_Estimate_Person</class>
<attribute>
<name>Canonical</name>
<value>ЛЕОНИД ПОЛЕЖАЕВ</value>
</attribute>
</entry>
<entry>
<id>21</id>
<offset>2370</offset>
<length>18</length>
<class>AAA_Estimate_Person</class>
<attribute>
<name>Canonical</name>
<value>ВИКТОР ШРЕЙДЕР</value>
</attribute>
</entry>
<entry>
<id>30</id>
<offset>2402</offset>
<length>12</length>
<class>AAA_Estimate_Person</class>
<attribute>
<name>Canonical</name>
<value>М ВИНОГРАДОВ</value>
</attribute>
</entry>
<entry>
<id>22</id>
<offset>2688</offset>
<length>15</length>
<class>AAA_Estimate_Person</class>
<attribute>
<name>Canonical</name>
<value>ИЛЬЯ МИХАЛЬЧУК</value>
</attribute>
</entry>
<entry>
<id>23</id>
<offset>2738</offset>
<length>20</length>
<class>AAA_Estimate_Person</class>
<attribute>
<name>Canonical</name>
<value>ВАЛЕНТИНА МАТВИЕНКО</value>
</attribute>
</entry>
<entry>
<id>24</id>
<offset>2785</offset>
<length>19</length>
<class>AAA_Estimate_Person</class>
<attribute>
<name>Canonical</name>
<value>ВАЛЕРИЙ СЕРДЮКОВ</value>
</attribute>
</entry>
<entry>
<id>25</id>
<offset>2917</offset>
<length>11</length>
<class>AAA_Estimate_Person</class>
<attribute>
<name>Canonical</name>
<value>В СЕРДЮКОВ</value>
</attribute>
</entry>
<entry>
<id>26</id>
<offset>2931</offset>
<length>11</length>
<class>AAA_Estimate_Person</class>
<attribute>
<name>Canonical</name>
<value>В МАТВИЕНКО</value>
</attribute>
</entry>
<entry>
<id>27</id>
<offset>3274</offset>
<length>8</length>
<class>AAA_Estimate_Person</class>
<attribute>
<name>Canonical</name>
<value>ЗЕЛЕНИН</value>
</attribute>
</entry>
<entry>
<id>28</id>
<offset>3296</offset>
<length>9</length>
<class>AAA_Estimate_Person</class>
<attribute>
<name>Canonical</name>
<value>МИХАЙЛОВ</value>
</attribute>
</entry>
</markup>
