﻿<markup>
<entry>
<id>1</id>
<offset>93</offset>
<length>23</length>
<class>AAA_Estimate_Person</class>
<attribute>
<name>Canonical</name>
<value>ДИРК МЕЙЕР (DIRK MEYER)</value>
</attribute>
</entry>
<entry>
<id>2</id>
<offset>232</offset>
<length>30</length>
<class>AAA_Estimate_Person</class>
<attribute>
<name>Canonical</name>
<value>ТОМАС СЕЙФЕРТ (THOMAS SEIFERT)</value>
</attribute>
</entry>
<entry>
<id>3</id>
<offset>322</offset>
<length>7</length>
<class>AAA_Estimate_Person</class>
<attribute>
<name>Canonical</name>
<value>СЕЙФЕРТ</value>
</attribute>
</entry>
<entry>
<id>4</id>
<offset>557</offset>
<length>32</length>
<class>AAA_Estimate_Person</class>
<attribute>
<name>Canonical</name>
<value>БРЮС КЛАФЛИН (BRUCE CLAFLIN)</value>
</attribute>
</entry>
<entry>
<id>5</id>
<offset>636</offset>
<length>6</length>
<class>AAA_Estimate_Person</class>
<attribute>
<name>Canonical</name>
<value>МЕЙЕР</value>
</attribute>
</entry>
<entry>
<id>6</id>
<offset>752</offset>
<length>8</length>
<class>AAA_Estimate_Person</class>
<attribute>
<name>Canonical</name>
<value>КЛАФЛИН</value>
</attribute>
</entry>
<entry>
<id>7</id>
<offset>762</offset>
<length>5</length>
<class>AAA_Estimate_Person</class>
<attribute>
<name>Canonical</name>
<value>МЕЙЕР</value>
</attribute>
</entry>
<entry>
<id>8</id>
<offset>859</offset>
<length>7</length>
<class>AAA_Estimate_Person</class>
<attribute>
<name>Canonical</name>
<value>КЛАФЛИН</value>
</attribute>
</entry>
<entry>
<id>9</id>
<offset>1029</offset>
<length>10</length>
<class>AAA_Estimate_Person</class>
<attribute>
<name>Canonical</name>
<value>ДИРК МЕЙЕР</value>
</attribute>
</entry>
</markup>
