﻿<markup>
<entry>
<id>1</id>
<offset>357</offset>
<length>15</length>
<class>AAA_Estimate_Person</class>
<attribute>
<name>Canonical</name>
<value>ВАЛЕРИЙ ГОРЕЛЫХ</value>
</attribute>
</entry>
<entry>
<id>2</id>
<offset>1238</offset>
<length>14</length>
<class>AAA_Estimate_Person</class>
<attribute>
<name>Canonical</name>
<value>МИХАИЛ БОРОДИН</value>
</attribute>
</entry>
<entry>
<id>3</id>
<offset>1315</offset>
<length>7</length>
<class>AAA_Estimate_Person</class>
<attribute>
<name>Canonical</name>
<value>ГОРЕЛЫХ</value>
</attribute>
</entry>
<entry>
<id>4</id>
<offset>2235</offset>
<length>7</length>
<class>AAA_Estimate_Person</class>
<attribute>
<name>Canonical</name>
<value>ГОРЕЛЫХ</value>
</attribute>
</entry>
</markup>
