﻿<markup>
<entry>
<id>1</id>
<offset>0</offset>
<length>8</length>
<class>AAA_Estimate_Person</class>
<attribute>
<name>Canonical</name>
<value>ИГНАТЬЕВ</value>
</attribute>
</entry>
<entry>
<id>2</id>
<offset>186</offset>
<length>15</length>
<class>AAA_Estimate_Person</class>
<attribute>
<name>Canonical</name>
<value>СЕРГЕЙ ИГНАТЬЕВ</value>
</attribute>
</entry>
<entry>
<id>3</id>
<offset>382</offset>
<length>15</length>
<class>AAA_Estimate_Person</class>
<attribute>
<name>Canonical</name>
<value>СЕРГЕЙ ИГНАТЬЕВ</value>
</attribute>
</entry>
<entry>
<id>4</id>
<offset>440</offset>
<length>14</length>
<class>AAA_Estimate_Person</class>
<attribute>
<name>Canonical</name>
<value>АНТОН СИЛУАНОВ</value>
</attribute>
</entry>
<entry>
<id>5</id>
<offset>1125</offset>
<length>8</length>
<class>AAA_Estimate_Person</class>
<attribute>
<name>Canonical</name>
<value>ИГНАТЬЕВ</value>
</attribute>
</entry>
<entry>
<id>6</id>
<offset>1396</offset>
<length>8</length>
<class>AAA_Estimate_Person</class>
<attribute>
<name>Canonical</name>
<value>ИГНАТЬЕВ</value>
</attribute>
</entry>
<entry>
<id>7</id>
<offset>1750</offset>
<length>8</length>
<class>AAA_Estimate_Person</class>
<attribute>
<name>Canonical</name>
<value>ИГНАТЬЕВ</value>
</attribute>
</entry>
<entry>
<id>8</id>
<offset>1806</offset>
<length>20</length>
<class>AAA_Estimate_Person</class>
<attribute>
<name>Canonical</name>
<value>АНТОН ГЕРМАНОВИЧ</value>
</attribute>
</entry>
<entry>
<id>9</id>
<offset>1848</offset>
<length>8</length>
<class>AAA_Estimate_Person</class>
<attribute>
<name>Canonical</name>
<value>СИЛУАНОВ</value>
</attribute>
</entry>
<entry>
<id>10</id>
<offset>2715</offset>
<length>14</length>
<class>AAA_Estimate_Person</class>
<attribute>
<name>Canonical</name>
<value>МАКСИМ КОРОВИН</value>
</attribute>
</entry>
</markup>
