﻿<markup>
<entry>
<id>1</id>
<offset>26</offset>
<length>9</length>
<class>AAA_Estimate_Person</class>
<attribute>
<name>Canonical</name>
<value>В СИНЮГИН</value>
</attribute>
</entry>
<entry>
<id>2</id>
<offset>58</offset>
<length>16</length>
<class>AAA_Estimate_Person</class>
<attribute>
<name>Canonical</name>
<value>ВЯЧЕСЛАВ СИНЮГИН</value>
</attribute>
</entry>
<entry>
<id>3</id>
<offset>297</offset>
<length>16</length>
<class>AAA_Estimate_Person</class>
<attribute>
<name>Canonical</name>
<value>ВЯЧЕСЛАВ ЮРЬЕВИЧ</value>
</attribute>
</entry>
<entry>
<id>4</id>
<offset>413</offset>
<length>13</length>
<class>AAA_Estimate_Person</class>
<attribute>
<name>Canonical</name>
<value>СЕРГЕЙ ШМАТКО</value>
</attribute>
</entry>
<entry>
<id>5</id>
<offset>457</offset>
<length>10</length>
<class>AAA_Estimate_Person</class>
<attribute>
<name>Canonical</name>
<value>В СИНЮГИН</value>
</attribute>
</entry>
<entry>
<id>6</id>
<offset>552</offset>
<length>8</length>
<class>AAA_Estimate_Person</class>
<attribute>
<name>Canonical</name>
<value>С ШМАТКО</value>
</attribute>
</entry>
<entry>
<id>7</id>
<offset>585</offset>
<length>10</length>
<class>AAA_Estimate_Person</class>
<attribute>
<name>Canonical</name>
<value>В СИНЮГИН</value>
</attribute>
</entry>
<entry>
<id>8</id>
<offset>1159</offset>
<length>10</length>
<class>AAA_Estimate_Person</class>
<attribute>
<name>Canonical</name>
<value>В СИНЮГИН</value>
</attribute>
</entry>
</markup>
