﻿<markup>
<entry>
<id>1</id>
<offset>12</offset>
<length>9</length>
<class>AAA_Estimate_Person</class>
<attribute>
<name>Canonical</name>
<value>ХЛОПОНИН</value>
</attribute>
</entry>
<entry>
<id>3</id>
<offset>75</offset>
<length>15</length>
<class>AAA_Estimate_Person</class>
<attribute>
<name>Canonical</name>
<value>ЭДХАМ АКБУЛАТОВ</value>
</attribute>
</entry>
<entry>
<id>4</id>
<offset>254</offset>
<length>16</length>
<class>AAA_Estimate_Person</class>
<attribute>
<name>Canonical</name>
<value>ДМИТРИЙ МЕДВЕДЕВ</value>
</attribute>
</entry>
<entry>
<id>5</id>
<offset>275</offset>
<length>15</length>
<class>AAA_Estimate_Person</class>
<attribute>
<name>Canonical</name>
<value>ЭДХАМ АКБУЛАТОВ</value>
</attribute>
</entry>
<entry>
<id>6</id>
<offset>546</offset>
<length>9</length>
<class>AAA_Estimate_Person</class>
<attribute>
<name>Canonical</name>
<value>АКБУЛАТОВ</value>
</attribute>
</entry>
<entry>
<id>7</id>
<offset>945</offset>
<length>9</length>
<class>AAA_Estimate_Person</class>
<attribute>
<name>Canonical</name>
<value>АКБУЛАТОВ</value>
</attribute>
</entry>
<entry>
<id>8</id>
<offset>970</offset>
<length>20</length>
<class>AAA_Estimate_Person</class>
<attribute>
<name>Canonical</name>
<value>АЛЕКСАНДР ХЛОПОНИН</value>
</attribute>
</entry>
<entry>
<id>9</id>
<offset>1080</offset>
<length>8</length>
<class>AAA_Estimate_Person</class>
<attribute>
<name>Canonical</name>
<value>ХЛОПОНИН</value>
</attribute>
</entry>
<entry>
<id>10</id>
<offset>1535</offset>
<length>16</length>
<class>AAA_Estimate_Person</class>
<attribute>
<name>Canonical</name>
<value>ДМИТРИЙ МЕДВЕДЕВ</value>
</attribute>
</entry>
<entry>
<id>11</id>
<offset>1565</offset>
<length>10</length>
<class>AAA_Estimate_Person</class>
<attribute>
<name>Canonical</name>
<value>ХЛОПОНИН</value>
</attribute>
</entry>
</markup>
