﻿<markup>
<entry>
<id>1</id>
<offset>226</offset>
<length>19</length>
<class>AAA_Estimate_Person</class>
<attribute>
<name>Canonical</name>
<value>ДМИТРИЙ МЕДВЕДЕВ</value>
</attribute>
</entry>
<entry>
<id>2</id>
<offset>488</offset>
<length>10</length>
<class>AAA_Estimate_Person</class>
<attribute>
<name>Canonical</name>
<value>Д МЕДВЕДЕВ</value>
</attribute>
</entry>
<entry>
<id>3</id>
<offset>583</offset>
<length>16</length>
<class>AAA_Estimate_Person</class>
<attribute>
<name>Canonical</name>
<value>ВАЛЕРИЙ МАТЮШИН</value>
</attribute>
</entry>
<entry>
<id>4</id>
<offset>723</offset>
<length>16</length>
<class>AAA_Estimate_Person</class>
<attribute>
<name>Canonical</name>
<value>АЛЕКСАНДР ИВАНОВ</value>
</attribute>
</entry>
<entry>
<id>5</id>
<offset>857</offset>
<length>16</length>
<class>AAA_Estimate_Person</class>
<attribute>
<name>Canonical</name>
<value>ВЛАДИМИР КУЧЕРОВ</value>
</attribute>
</entry>
<entry>
<id>6</id>
<offset>947</offset>
<length>18</length>
<class>AAA_Estimate_Person</class>
<attribute>
<name>Canonical</name>
<value>ВАЛЕРИЙ СОСНОВСКИЙ</value>
</attribute>
</entry>
<entry>
<id>7</id>
<offset>1045</offset>
<length>17</length>
<class>AAA_Estimate_Person</class>
<attribute>
<name>Canonical</name>
<value>ЕВГЕНИЙ ДАВЛЕТШИН</value>
</attribute>
</entry>
<entry>
<id>8</id>
<offset>1151</offset>
<length>15</length>
<class>AAA_Estimate_Person</class>
<attribute>
<name>Canonical</name>
<value>ВЯЧЕСЛАВ ДОКСОВ</value>
</attribute>
</entry>
<entry>
<id>9</id>
<offset>1256</offset>
<length>14</length>
<class>AAA_Estimate_Person</class>
<attribute>
<name>Canonical</name>
<value>МИХАИЛ КАБАНОВ</value>
</attribute>
</entry>
<entry>
<id>10</id>
<offset>1337</offset>
<length>12</length>
<class>AAA_Estimate_Person</class>
<attribute>
<name>Canonical</name>
<value>СЕРГЕЙ ШКЕДА</value>
</attribute>
</entry>
</markup>
