﻿<markup>
<entry>
<id>1</id>
<offset>4</offset>
<length>5</length>
<class>AAA_Estimate_Person</class>
<attribute>
<name>Canonical</name>
<value>ПУТИН</value>
</attribute>
</entry>
<entry>
<id>2</id>
<offset>153</offset>
<length>17</length>
<class>AAA_Estimate_Person</class>
<attribute>
<name>Canonical</name>
<value>АЛЕКСАНДР КВИТКО</value>
</attribute>
</entry>
<entry>
<id>3</id>
<offset>176</offset>
<length>14</length>
<class>AAA_Estimate_Person</class>
<attribute>
<name>Canonical</name>
<value>МИХАИЛ МУГАНОВ</value>
</attribute>
</entry>
<entry>
<id>4</id>
<offset>206</offset>
<length>14</length>
<class>AAA_Estimate_Person</class>
<attribute>
<name>Canonical</name>
<value>ВЛАДИМИР ПУТИН</value>
</attribute>
</entry>
<entry>
<id>5</id>
<offset>238</offset>
<length>14</length>
<class>AAA_Estimate_Person</class>
<attribute>
<name>Canonical</name>
<value>ВЛАДИМИР ПУТИН</value>
</attribute>
</entry>
<entry>
<id>6</id>
<offset>437</offset>
<length>14</length>
<class>AAA_Estimate_Person</class>
<attribute>
<name>Canonical</name>
<value>МИХАИЛ МУГАНОВ</value>
</attribute>
</entry>
<entry>
<id>7</id>
<offset>623</offset>
<length>16</length>
<class>AAA_Estimate_Person</class>
<attribute>
<name>Canonical</name>
<value>АЛЕКСАНДР КВИТКО</value>
</attribute>
</entry>
<entry>
<id>8</id>
<offset>882</offset>
<length>11</length>
<class>AAA_Estimate_Person</class>
<attribute>
<name>Canonical</name>
<value>ИВАН ИВАНОВ</value>
</attribute>
</entry>
<entry>
<id>9</id>
<offset>992</offset>
<length>12</length>
<class>AAA_Estimate_Person</class>
<attribute>
<name>Canonical</name>
<value>ОЛЕГ ИЛЬИНЫХ</value>
</attribute>
</entry>
</markup>
