﻿<markup>
<entry>
<id>1</id>
<offset>0</offset>
<length>8</length>
<class>AAA_Estimate_Person</class>
<attribute>
<name>Canonical</name>
<value>ФУРСЕНКО</value>
</attribute>
</entry>
<entry>
<id>2</id>
<offset>10</offset>
<length>9</length>
<class>AAA_Estimate_Person</class>
<attribute>
<name>Canonical</name>
<value>РЕМОРЕНКО</value>
</attribute>
</entry>
<entry>
<id>3</id>
<offset>138</offset>
<length>9</length>
<class>AAA_Estimate_Person</class>
<attribute>
<name>Canonical</name>
<value>РЕМОРЕНКО</value>
</attribute>
</entry>
<entry>
<id>4</id>
<offset>264</offset>
<length>15</length>
<class>AAA_Estimate_Person</class>
<attribute>
<name>Canonical</name>
<value>АНДРЕЙ ФУРСЕНКО</value>
</attribute>
</entry>
<entry>
<id>5</id>
<offset>318</offset>
<length>15</length>
<class>AAA_Estimate_Person</class>
<attribute>
<name>Canonical</name>
<value>ИГОРЬ РЕМОРЕНКО</value>
</attribute>
</entry>
<entry>
<id>6</id>
<offset>525</offset>
<length>9</length>
<class>AAA_Estimate_Person</class>
<attribute>
<name>Canonical</name>
<value>РЕМОРЕНКО</value>
</attribute>
</entry>
<entry>
<id>7</id>
<offset>744</offset>
<length>16</length>
<class>AAA_Estimate_Person</class>
<attribute>
<name>Canonical</name>
<value>ВЕНИАМИН КАГАНОВ</value>
</attribute>
</entry>
<entry>
<id>8</id>
<offset>766</offset>
<length>9</length>
<class>AAA_Estimate_Person</class>
<attribute>
<name>Canonical</name>
<value>РЕМОРЕНКО</value>
</attribute>
</entry>
<entry>
<id>9</id>
<offset>1027</offset>
<length>9</length>
<class>AAA_Estimate_Person</class>
<attribute>
<name>Canonical</name>
<value>РЕМОРЕНКО</value>
</attribute>
</entry>
<entry>
<id>10</id>
<offset>1271</offset>
<length>8</length>
<class>AAA_Estimate_Person</class>
<attribute>
<name>Canonical</name>
<value>ФУРСЕНКО</value>
</attribute>
</entry>
<entry>
<id>11</id>
<offset>1389</offset>
<length>13</length>
<class>AAA_Estimate_Person</class>
<attribute>
<name>Canonical</name>
<value>ИГОРЬ ФЕДЮКИН</value>
</attribute>
</entry>
</markup>
