﻿<markup>
<entry>
<id>1</id>
<offset>111</offset>
<length>12</length>
<class>AAA_Estimate_Person</class>
<attribute>
<name>Canonical</name>
<value>ИВАН МОТОРИН</value>
</attribute>
</entry>
<entry>
<id>2</id>
<offset>273</offset>
<length>15</length>
<class>AAA_Estimate_Person</class>
<attribute>
<name>Canonical</name>
<value>МИХАИЛ ИГНАТЬЕВ</value>
</attribute>
</entry>
<entry>
<id>3</id>
<offset>412</offset>
<length>12</length>
<class>AAA_Estimate_Person</class>
<attribute>
<name>Canonical</name>
<value>ИВАН МОТОРИН</value>
</attribute>
</entry>
<entry>
<id>4</id>
<offset>615</offset>
<length>12</length>
<class>AAA_Estimate_Person</class>
<attribute>
<name>Canonical</name>
<value>ИВАН МОТОРИН</value>
</attribute>
</entry>
<entry>
<id>5</id>
<offset>678</offset>
<length>17</length>
<class>AAA_Estimate_Person</class>
<attribute>
<name>Canonical</name>
<value>МИХАИЛ ИГНАТЬЕВ</value>
</attribute>
</entry>
<entry>
<id>6</id>
<offset>889</offset>
<length>14</length>
<class>AAA_Estimate_Person</class>
<attribute>
<name>Canonical</name>
<value>НИНА СУСЛОНОВА</value>
</attribute>
</entry>
<entry>
<id>7</id>
<offset>965</offset>
<length>16</length>
<class>AAA_Estimate_Person</class>
<attribute>
<name>Canonical</name>
<value>НИКОЛАЙ ФЕДОРОВ</value>
</attribute>
</entry>
<entry>
<id>8</id>
<offset>1202</offset>
<length>12</length>
<class>AAA_Estimate_Person</class>
<attribute>
<name>Canonical</name>
<value>ОЛЕГ МАКАРОВ</value>
</attribute>
</entry>
<entry>
<id>9</id>
<offset>1420</offset>
<length>18</length>
<class>AAA_Estimate_Person</class>
<attribute>
<name>Canonical</name>
<value>КОНСТАНТИН КОСАЧЁВ</value>
</attribute>
</entry>
<entry>
<id>10</id>
<offset>1572</offset>
<length>16</length>
<class>AAA_Estimate_Person</class>
<attribute>
<name>Canonical</name>
<value>ТАТЬЯНА АРХИПОВА</value>
</attribute>
</entry>
<entry>
<id>11</id>
<offset>1606</offset>
<length>16</length>
<class>AAA_Estimate_Person</class>
<attribute>
<name>Canonical</name>
<value>ИРИНА КАЛЕНТЬЕВА</value>
</attribute>
</entry>
<entry>
<id>12</id>
<offset>1635</offset>
<length>16</length>
<class>AAA_Estimate_Person</class>
<attribute>
<name>Canonical</name>
<value>ВЛАДИМИР КРАСНОВ</value>
</attribute>
</entry>
<entry>
<id>13</id>
<offset>1966</offset>
<length>22</length>
<class>AAA_Estimate_Person</class>
<attribute>
<name>Canonical</name>
<value>ИВАН БОРИСОВИЧ МОТОРИН</value>
</attribute>
</entry>
</markup>
