﻿<markup>
<entry>
<id>1</id>
<offset>81</offset>
<length>14</length>
<class>AAA_Estimate_Person</class>
<attribute>
<name>Canonical</name>
<value>МАРТИН РЕДРАДО</value>
</attribute>
</entry>
<entry>
<id>2</id>
<offset>138</offset>
<length>7</length>
<class>AAA_Estimate_Person</class>
<attribute>
<name>Canonical</name>
<value>РЕДРАДО</value>
</attribute>
</entry>
<entry>
<id>3</id>
<offset>271</offset>
<length>7</length>
<class>AAA_Estimate_Person</class>
<attribute>
<name>Canonical</name>
<value>РЕДРАДО</value>
</attribute>
</entry>
<entry>
<id>4</id>
<offset>367</offset>
<length>17</length>
<class>AAA_Estimate_Person</class>
<attribute>
<name>Canonical</name>
<value>КРИСТИНА КИРШНЕР</value>
</attribute>
</entry>
<entry>
<id>5</id>
<offset>415</offset>
<length>7</length>
<class>AAA_Estimate_Person</class>
<attribute>
<name>Canonical</name>
<value>КИРШНЕР</value>
</attribute>
</entry>
<entry>
<id>6</id>
<offset>549</offset>
<length>7</length>
<class>AAA_Estimate_Person</class>
<attribute>
<name>Canonical</name>
<value>РЕДРАДО</value>
</attribute>
</entry>
<entry>
<id>7</id>
<offset>587</offset>
<length>7</length>
<class>AAA_Estimate_Person</class>
<attribute>
<name>Canonical</name>
<value>КИРШНЕР</value>
</attribute>
</entry>
<entry>
<id>8</id>
<offset>736</offset>
<length>7</length>
<class>AAA_Estimate_Person</class>
<attribute>
<name>Canonical</name>
<value>РЕДРАДО</value>
</attribute>
</entry>
<entry>
<id>9</id>
<offset>965</offset>
<length>10</length>
<class>AAA_Estimate_Person</class>
<attribute>
<name>Canonical</name>
<value>АМАДО БУДУ</value>
</attribute>
</entry>
</markup>
