﻿<markup>
<entry>
<id>1</id>
<offset>31</offset>
<length>14</length>
<class>AAA_Estimate_Person</class>
<attribute>
<name>Canonical</name>
<value>ЯНИС ЛАЧПЛЕСИС</value>
</attribute>
</entry>
<entry>
<id>2</id>
<offset>307</offset>
<length>14</length>
<class>AAA_Estimate_Person</class>
<attribute>
<name>Canonical</name>
<value>ЯНИС ЛАЧПЛЕСИС</value>
</attribute>
</entry>
<entry>
<id>3</id>
<offset>453</offset>
<length>14</length>
<class>AAA_Estimate_Person</class>
<attribute>
<name>Canonical</name>
<value>ПЕТЕРС ДЗАЛБЕ</value>
</attribute>
</entry>
<entry>
<id>4</id>
<offset>526</offset>
<length>15</length>
<class>AAA_Estimate_Person</class>
<attribute>
<name>Canonical</name>
<value>ЯНИС ДУКШИНСКИЙ</value>
</attribute>
</entry>
<entry>
<id>5</id>
<offset>564</offset>
<length>16</length>
<class>AAA_Estimate_Person</class>
<attribute>
<name>Canonical</name>
<value>ДМИТРИЙ РОДИОНОВ</value>
</attribute>
</entry>
<entry>
<id>6</id>
<offset>635</offset>
<length>14</length>
<class>AAA_Estimate_Person</class>
<attribute>
<name>Canonical</name>
<value>ЯНИС ЛАЧПЛЕСИС</value>
</attribute>
</entry>
<entry>
<id>7</id>
<offset>774</offset>
<length>16</length>
<class>AAA_Estimate_Person</class>
<attribute>
<name>Canonical</name>
<value>ЖАННА КУЛАКОВА</value>
</attribute>
</entry>
</markup>
