﻿<markup>
<entry>
<id>1</id>
<offset>0</offset>
<length>18</length>
<class>AAA_Estimate_Person</class>
<attribute>
<name>Canonical</name>
<value>СИРАЖДИН РАМАЗАНОВ</value>
</attribute>
</entry>
<entry>
<id>2</id>
<offset>297</offset>
<length>18</length>
<class>AAA_Estimate_Person</class>
<attribute>
<name>Canonical</name>
<value>СИРАЖДИН РАМАЗАНОВ</value>
</attribute>
</entry>
<entry>
<id>3</id>
<offset>445</offset>
<length>14</length>
<class>AAA_Estimate_Person</class>
<attribute>
<name>Canonical</name>
<value>ИРЕК ВИЛЬДАНОВ</value>
</attribute>
</entry>
<entry>
<id>4</id>
<offset>547</offset>
<length>8</length>
<class>AAA_Estimate_Person</class>
<attribute>
<name>Canonical</name>
<value>ВОРОБЬЕВ</value>
</attribute>
</entry>
<entry>
<id>5</id>
<offset>643</offset>
<length>12</length>
<class>AAA_Estimate_Person</class>
<attribute>
<name>Canonical</name>
<value>СЕРГЕЙ ШОЙГУ</value>
</attribute>
</entry>
<entry>
<id>6</id>
<offset>698</offset>
<length>8</length>
<class>AAA_Estimate_Person</class>
<attribute>
<name>Canonical</name>
<value>ВОРОБЬЕВ</value>
</attribute>
</entry>
<entry>
<id>7</id>
<offset>881</offset>
<length>9</length>
<class>AAA_Estimate_Person</class>
<attribute>
<name>Canonical</name>
<value>РАМАЗАНОВ</value>
</attribute>
</entry>
<entry>
<id>8</id>
<offset>1017</offset>
<length>9</length>
<class>AAA_Estimate_Person</class>
<attribute>
<name>Canonical</name>
<value>ВИЛЬДАНОВ</value>
</attribute>
</entry>
<entry>
<id>9</id>
<offset>1089</offset>
<length>27</length>
<class>AAA_Estimate_Person</class>
<attribute>
<name>Canonical</name>
<value>СИРАЖДИН ОМАРОВИЧ РАМАЗАНОВ</value>
</attribute>
</entry>
<entry>
<id>10</id>
<offset>1330</offset>
<length>14</length>
<class>AAA_Estimate_Person</class>
<attribute>
<name>Canonical</name>
<value>ИРЕК ВИЛЬДАНОВ</value>
</attribute>
</entry>
</markup>
