﻿<markup>
<entry>
<id>1</id>
<offset>194</offset>
<length>14</length>
<class>AAA_Estimate_Person</class>
<attribute>
<name>Canonical</name>
<value>СЭЙДЗИ МАЭХАРА</value>
</attribute>
</entry>
<entry>
<id>2</id>
<offset>286</offset>
<length>16</length>
<class>AAA_Estimate_Person</class>
<attribute>
<name>Canonical</name>
<value>ТАКЭАКИ МАЦУМОТО</value>
</attribute>
</entry>
<entry>
<id>3</id>
<offset>307</offset>
<length>7</length>
<class>AAA_Estimate_Person</class>
<attribute>
<name>Canonical</name>
<value>МАЭХАРА</value>
</attribute>
</entry>
<entry>
<id>4</id>
<offset>772</offset>
<length>9</length>
<class>AAA_Estimate_Person</class>
<attribute>
<name>Canonical</name>
<value>НАОТО КАН</value>
</attribute>
</entry>
<entry>
<id>8</id>
<offset>792</offset>
<length>7</length>
<class>AAA_Estimate_Person</class>
<attribute>
<name>Canonical</name>
<value>МАЭХАРА</value>
</attribute>
</entry>
<entry>
<id>9</id>
<offset>997</offset>
<length>16</length>
<class>AAA_Estimate_Person</class>
<attribute>
<name>Canonical</name>
<value>ТАКЭАКИ МАЦУМОТО</value>
</attribute>
</entry>
<entry>
<id>10</id>
<offset>1259</offset>
<length>8</length>
<class>AAA_Estimate_Person</class>
<attribute>
<name>Canonical</name>
<value>МАЦУМОТО</value>
</attribute>
</entry>
</markup>
