﻿<markup>
<entry>
<id>1</id>
<offset>0</offset>
<length>5</length>
<class>AAA_Estimate_Person</class>
<attribute>
<name>Canonical</name>
<value>ШОЙГУ</value>
</attribute>
</entry>
<entry>
<id>2</id>
<offset>57</offset>
<length>12</length>
<class>AAA_Estimate_Person</class>
<attribute>
<name>Canonical</name>
<value>СЕРГЕЙ ШОЙГУ</value>
</attribute>
</entry>
<entry>
<id>3</id>
<offset>164</offset>
<length>18</length>
<class>AAA_Estimate_Person</class>
<attribute>
<name>Canonical</name>
<value>ВЯЧЕСЛАВ НОВИКОВ</value>
</attribute>
</entry>
<entry>
<id>5</id>
<offset>387</offset>
<length>5</length>
<class>AAA_Estimate_Person</class>
<attribute>
<name>Canonical</name>
<value>ШОЙГУ</value>
</attribute>
</entry>
<entry>
<id>8</id>
<offset>950</offset>
<length>8</length>
<class>AAA_Estimate_Person</class>
<attribute>
<name>Canonical</name>
<value>НОВИКОВ</value>
</attribute>
</entry>
<entry>
<id>6</id>
<offset>1314</offset>
<length>21</length>
<class>AAA_Estimate_Person</class>
<attribute>
<name>Canonical</name>
<value>АЛЕКСАНДР БЕЛЕВИТИН</value>
</attribute>
</entry>
<entry>
<id>7</id>
<offset>1488</offset>
<length>16</length>
<class>AAA_Estimate_Person</class>
<attribute>
<name>Canonical</name>
<value>АЛЕКСЕЙ НИКИТИН</value>
</attribute>
</entry>
</markup>
