﻿<markup>
<entry>
<id>1</id>
<offset>496</offset>
<length>14</length>
<class>AAA_Estimate_Person</class>
<attribute>
<name>Canonical</name>
<value>ТРАЯН БЭСЕСКУ</value>
</attribute>
</entry>
<entry>
<id>2</id>
<offset>658</offset>
<length>13</length>
<class>AAA_Estimate_Person</class>
<attribute>
<name>Canonical</name>
<value>ВИКТОР ПОНТА</value>
</attribute>
</entry>
<entry>
<id>3</id>
<offset>694</offset>
<length>15</length>
<class>AAA_Estimate_Person</class>
<attribute>
<name>Canonical</name>
<value>КРИН АНТОНЕСКУ</value>
</attribute>
</entry>
<entry>
<id>4</id>
<offset>1015</offset>
<length>7</length>
<class>AAA_Estimate_Person</class>
<attribute>
<name>Canonical</name>
<value>БЭСЕСКУ</value>
</attribute>
</entry>
<entry>
<id>5</id>
<offset>1113</offset>
<length>7</length>
<class>AAA_Estimate_Person</class>
<attribute>
<name>Canonical</name>
<value>БЭСЕСКУ</value>
</attribute>
</entry>
<entry>
<id>6</id>
<offset>1223</offset>
<length>5</length>
<class>AAA_Estimate_Person</class>
<attribute>
<name>Canonical</name>
<value>ПОНТА</value>
</attribute>
</entry>
<entry>
<id>7</id>
<offset>1352</offset>
<length>13</length>
<class>AAA_Estimate_Person</class>
<attribute>
<name>Canonical</name>
<value>ТРАЯН БЭСЕСКУ</value>
</attribute>
</entry>
<entry>
<id>8</id>
<offset>1411</offset>
<length>7</length>
<class>AAA_Estimate_Person</class>
<attribute>
<name>Canonical</name>
<value>БЭСЕСКУ</value>
</attribute>
</entry>
<entry>
<id>9</id>
<offset>1634</offset>
<length>7</length>
<class>AAA_Estimate_Person</class>
<attribute>
<name>Canonical</name>
<value>БЭСЕСКУ</value>
</attribute>
</entry>
<entry>
<id>10</id>
<offset>1781</offset>
<length>7</length>
<class>AAA_Estimate_Person</class>
<attribute>
<name>Canonical</name>
<value>БЭСЕСКУ</value>
</attribute>
</entry>
<entry>
<id>11</id>
<offset>2025</offset>
<length>7</length>
<class>AAA_Estimate_Person</class>
<attribute>
<name>Canonical</name>
<value>БЭСЕСКУ</value>
</attribute>
</entry>
<entry>
<id>12</id>
<offset>2088</offset>
<length>7</length>
<class>AAA_Estimate_Person</class>
<attribute>
<name>Canonical</name>
<value>БЭСЕСКУ</value>
</attribute>
</entry>
<entry>
<id>16</id>
<offset>2151</offset>
<length>5</length>
<class>AAA_Estimate_Person</class>
<attribute>
<name>Canonical</name>
<value>ПОНТА</value>
</attribute>
</entry>
<entry>
<id>13</id>
<offset>2295</offset>
<length>7</length>
<class>AAA_Estimate_Person</class>
<attribute>
<name>Canonical</name>
<value>БЭСЕСКУ</value>
</attribute>
</entry>
<entry>
<id>14</id>
<offset>2379</offset>
<length>7</length>
<class>AAA_Estimate_Person</class>
<attribute>
<name>Canonical</name>
<value>БЭСЕСКУ</value>
</attribute>
</entry>
<entry>
<id>15</id>
<offset>2846</offset>
<length>14</length>
<class>AAA_Estimate_Person</class>
<attribute>
<name>Canonical</name>
<value>КРИН АНТОНЕСКУ</value>
</attribute>
</entry>
</markup>
