﻿<markup>
<entry>
<id>1</id>
<offset>122</offset>
<length>29</length>
<class>AAA_Estimate_Person</class>
<attribute>
<name>Canonical</name>
<value>РАЙНС ПРИБУС (REINCE PRIEBUS)</value>
</attribute>
</entry>
<entry>
<id>2</id>
<offset>366</offset>
<length>12</length>
<class>AAA_Estimate_Person</class>
<attribute>
<name>Canonical</name>
<value>БАРАК ОБАМА</value>
</attribute>
</entry>
<entry>
<id>3</id>
<offset>420</offset>
<length>6</length>
<class>AAA_Estimate_Person</class>
<attribute>
<name>Canonical</name>
<value>ПРИБУС</value>
</attribute>
</entry>
<entry>
<id>4</id>
<offset>456</offset>
<length>29</length>
<class>AAA_Estimate_Person</class>
<attribute>
<name>Canonical</name>
<value>МАЙКЛ СТИЛ (MICHAEL STEELE)</value>
</attribute>
</entry>
<entry>
<id>5</id>
<offset>547</offset>
<length>6</length>
<class>AAA_Estimate_Person</class>
<attribute>
<name>Canonical</name>
<value>ПРИБУС</value>
</attribute>
</entry>
<entry>
<id>6</id>
<offset>721</offset>
<length>6</length>
<class>AAA_Estimate_Person</class>
<attribute>
<name>Canonical</name>
<value>ПРИБУС</value>
</attribute>
</entry>
<entry>
<id>7</id>
<offset>762</offset>
<length>5</length>
<class>AAA_Estimate_Person</class>
<attribute>
<name>Canonical</name>
<value>СТИЛ</value>
</attribute>
</entry>
</markup>
