﻿<markup>
<entry>
<id>1</id>
<offset>0</offset>
<length>7</length>
<class>AAA_Estimate_Person</class>
<attribute>
<name>Canonical</name>
<value>Б ОБАМА</value>
</attribute>
</entry>
<entry>
<id>2</id>
<offset>107</offset>
<length>11</length>
<class>AAA_Estimate_Person</class>
<attribute>
<name>Canonical</name>
<value>БАРАК ОБАМА</value>
</attribute>
</entry>
<entry>
<id>3</id>
<offset>541</offset>
<length>14</length>
<class>AAA_Estimate_Person</class>
<attribute>
<name>Canonical</name>
<value>ДЖЕФФРИ ИММЕЛТ</value>
</attribute>
</entry>
<entry>
<id>4</id>
<offset>672</offset>
<length>14</length>
<class>AAA_Estimate_Person</class>
<attribute>
<name>Canonical</name>
<value>РИЧАРД ПАРСОНС</value>
</attribute>
</entry>
<entry>
<id>10</id>
<offset>787</offset>
<length>11</length>
<class>AAA_Estimate_Person</class>
<attribute>
<name>Canonical</name>
<value>КЕННЕТ ШЕНО</value>
</attribute>
</entry>
<entry>
<id>5</id>
<offset>840</offset>
<length>9</length>
<class>AAA_Estimate_Person</class>
<attribute>
<name>Canonical</name>
<value>СТИВ КЭЙС</value>
</attribute>
</entry>
<entry>
<id>6</id>
<offset>910</offset>
<length>10</length>
<class>AAA_Estimate_Person</class>
<attribute>
<name>Canonical</name>
<value>ГАРИ КЕЛЛИ</value>
</attribute>
</entry>
<entry>
<id>7</id>
<offset>1010</offset>
<length>13</length>
<class>AAA_Estimate_Person</class>
<attribute>
<name>Canonical</name>
<value>ЭЛЛЕН КУЛЛМАН</value>
</attribute>
</entry>
<entry>
<id>8</id>
<offset>1088</offset>
<length>12</length>
<class>AAA_Estimate_Person</class>
<attribute>
<name>Canonical</name>
<value>ПОЛ ОТЕЛЛИНИ</value>
</attribute>
</entry>
<entry>
<id>9</id>
<offset>1385</offset>
<length>7</length>
<class>AAA_Estimate_Person</class>
<attribute>
<name>Canonical</name>
<value>Б ОБАМА</value>
</attribute>
</entry>
</markup>
