﻿<markup>
<entry>
<id>1</id>
<offset>99</offset>
<length>16</length>
<class>AAA_Estimate_Person</class>
<attribute>
<name>Canonical</name>
<value>ДЖЕЙМС КЛАППЕР</value>
</attribute>
</entry>
<entry>
<id>2</id>
<offset>196</offset>
<length>8</length>
<class>AAA_Estimate_Person</class>
<attribute>
<name>Canonical</name>
<value>КЛАППЕР</value>
</attribute>
</entry>
<entry>
<id>3</id>
<offset>320</offset>
<length>8</length>
<class>AAA_Estimate_Person</class>
<attribute>
<name>Canonical</name>
<value>КЛАППЕР</value>
</attribute>
</entry>
<entry>
<id>4</id>
<offset>555</offset>
<length>8</length>
<class>AAA_Estimate_Person</class>
<attribute>
<name>Canonical</name>
<value>КЛАППЕР</value>
</attribute>
</entry>
<entry>
<id>5</id>
<offset>582</offset>
<length>11</length>
<class>AAA_Estimate_Person</class>
<attribute>
<name>Canonical</name>
<value>ДЕННИС БЛЭР</value>
</attribute>
</entry>
<entry>
<id>6</id>
<offset>653</offset>
<length>5</length>
<class>AAA_Estimate_Person</class>
<attribute>
<name>Canonical</name>
<value>БЛЭР</value>
</attribute>
</entry>
<entry>
<id>7</id>
<offset>952</offset>
<length>4</length>
<class>AAA_Estimate_Person</class>
<attribute>
<name>Canonical</name>
<value>БЛЭР</value>
</attribute>
</entry>
<entry>
<id>8</id>
<offset>1006</offset>
<length>15</length>
<class>AAA_Estimate_Person</class>
<attribute>
<name>Canonical</name>
<value>ЛЕОН ПАНЕТТА</value>
</attribute>
</entry>
<entry>
<id>9</id>
<offset>1116</offset>
<length>7</length>
<class>AAA_Estimate_Person</class>
<attribute>
<name>Canonical</name>
<value>ПАНЕТТА</value>
</attribute>
</entry>
</markup>
