﻿<markup>
<entry>
<id>1</id>
<offset>82</offset>
<length>38</length>
<class>AAA_Estimate_Person</class>
<attribute>
<name>Canonical</name>
<value>СТЭНЛИ МАККРИСТАЛ (STANLEY MCCHRYSTAL)</value>
</attribute>
</entry>
<entry>
<id>2</id>
<offset>334</offset>
<length>10</length>
<class>AAA_Estimate_Person</class>
<attribute>
<name>Canonical</name>
<value>МАККРИСТАЛ</value>
</attribute>
</entry>
<entry>
<id>3</id>
<offset>594</offset>
<length>11</length>
<class>AAA_Estimate_Person</class>
<attribute>
<name>Canonical</name>
<value>МАККРИСТАЛ</value>
</attribute>
</entry>
<entry>
<id>4</id>
<offset>799</offset>
<length>13</length>
<class>AAA_Estimate_Person</class>
<attribute>
<name>Canonical</name>
<value>ХАМИД КАРЗАЙ</value>
</attribute>
</entry>
<entry>
<id>8</id>
<offset>817</offset>
<length>10</length>
<class>AAA_Estimate_Person</class>
<attribute>
<name>Canonical</name>
<value>МАККРИСТАЛ</value>
</attribute>
</entry>
<entry>
<id>5</id>
<offset>989</offset>
<length>35</length>
<class>AAA_Estimate_Person</class>
<attribute>
<name>Canonical</name>
<value>ДЭВИД МАККИРНАН (DAVID MCKIERNAN)</value>
</attribute>
</entry>
<entry>
<id>6</id>
<offset>1039</offset>
<length>12</length>
<class>AAA_Estimate_Person</class>
<attribute>
<name>Canonical</name>
<value>БАРАК ОБАМА</value>
</attribute>
</entry>
<entry>
<id>7</id>
<offset>1243</offset>
<length>10</length>
<class>AAA_Estimate_Person</class>
<attribute>
<name>Canonical</name>
<value>МАККРИСТАЛ</value>
</attribute>
</entry>
</markup>
