﻿<markup>
<entry>
<id>1</id>
<offset>66</offset>
<length>14</length>
<class>AAA_Estimate_Person</class>
<attribute>
<name>Canonical</name>
<value>ВЛАДИМИР ЧАМОВ</value>
</attribute>
</entry>
<entry>
<id>2</id>
<offset>278</offset>
<length>6</length>
<class>AAA_Estimate_Person</class>
<attribute>
<name>Canonical</name>
<value>ЧАМОВ</value>
</attribute>
</entry>
<entry>
<id>4</id>
<offset>529</offset>
<length>5</length>
<class>AAA_Estimate_Person</class>
<attribute>
<name>Canonical</name>
<value>ЧАМОВ</value>
</attribute>
</entry>
<entry>
<id>3</id>
<offset>722</offset>
<length>16</length>
<class>AAA_Estimate_Person</class>
<attribute>
<name>Canonical</name>
<value>МУАММАР КАДДАФИ</value>
</attribute>
</entry>
</markup>
