﻿<markup>
<entry>
<id>1</id>
<offset>0</offset>
<length>7</length>
<class>AAA_Estimate_Person</class>
<attribute>
<name>Canonical</name>
<value>Б ОБАМА</value>
</attribute>
</entry>
<entry>
<id>2</id>
<offset>128</offset>
<length>17</length>
<class>AAA_Estimate_Person</class>
<attribute>
<name>Canonical</name>
<value>СТЭНЛИ МАККРИСТАЛ</value>
</attribute>
</entry>
<entry>
<id>3</id>
<offset>212</offset>
<length>14</length>
<class>AAA_Estimate_Person</class>
<attribute>
<name>Canonical</name>
<value>БАРАК ОБАМА</value>
</attribute>
</entry>
<entry>
<id>4</id>
<offset>383</offset>
<length>13</length>
<class>AAA_Estimate_Person</class>
<attribute>
<name>Canonical</name>
<value>ДЭВИД ПЕТРЕУС</value>
</attribute>
</entry>
<entry>
<id>5</id>
<offset>401</offset>
<length>12</length>
<class>AAA_Estimate_Person</class>
<attribute>
<name>Canonical</name>
<value>С МАККРИСТАЛ</value>
</attribute>
</entry>
<entry>
<id>6</id>
<offset>673</offset>
<length>7</length>
<class>AAA_Estimate_Person</class>
<attribute>
<name>Canonical</name>
<value>Б ОБАМА</value>
</attribute>
</entry>
<entry>
<id>7</id>
<offset>701</offset>
<length>10</length>
<class>AAA_Estimate_Person</class>
<attribute>
<name>Canonical</name>
<value>ДЖО БАЙДЕН</value>
</attribute>
</entry>
<entry>
<id>8</id>
<offset>762</offset>
<length>12</length>
<class>AAA_Estimate_Person</class>
<attribute>
<name>Canonical</name>
<value>ДЖЕЙМС ДЖОНС</value>
</attribute>
</entry>
<entry>
<id>9</id>
<offset>905</offset>
<length>13</length>
<class>AAA_Estimate_Person</class>
<attribute>
<name>Canonical</name>
<value>С МАККРИСТАЛ</value>
</attribute>
</entry>
<entry>
<id>10</id>
<offset>939</offset>
<length>8</length>
<class>AAA_Estimate_Person</class>
<attribute>
<name>Canonical</name>
<value>Б ОБАМА</value>
</attribute>
</entry>
<entry>
<id>11</id>
<offset>1084</offset>
<length>12</length>
<class>AAA_Estimate_Person</class>
<attribute>
<name>Canonical</name>
<value>С МАККРИСТАЛ</value>
</attribute>
</entry>
<entry>
<id>12</id>
<offset>1137</offset>
<length>15</length>
<class>AAA_Estimate_Person</class>
<attribute>
<name>Canonical</name>
<value>КАРЛ АЙКЕНБЕРРИ</value>
</attribute>
</entry>
<entry>
<id>13</id>
<offset>1355</offset>
<length>16</length>
<class>AAA_Estimate_Person</class>
<attribute>
<name>Canonical</name>
<value>РИЧАРД ХОЛБРУК</value>
</attribute>
</entry>
<entry>
<id>14</id>
<offset>1529</offset>
<length>12</length>
<class>AAA_Estimate_Person</class>
<attribute>
<name>Canonical</name>
<value>БАРАК ОБАМА</value>
</attribute>
</entry>
<entry>
<id>16</id>
<offset>1630</offset>
<length>12</length>
<class>AAA_Estimate_Person</class>
<attribute>
<name>Canonical</name>
<value>РОБЕРТ ГИББС</value>
</attribute>
</entry>
<entry>
<id>15</id>
<offset>1663</offset>
<length>10</length>
<class>AAA_Estimate_Person</class>
<attribute>
<name>Canonical</name>
<value>МАККРИСТАЛ</value>
</attribute>
</entry>
<entry>
<id>17</id>
<offset>1764</offset>
<length>12</length>
<class>AAA_Estimate_Person</class>
<attribute>
<name>Canonical</name>
<value>РОБЕРТ ГЕЙТС</value>
</attribute>
</entry>
<entry>
<id>18</id>
<offset>1802</offset>
<length>10</length>
<class>AAA_Estimate_Person</class>
<attribute>
<name>Canonical</name>
<value>МАККРИСТАЛ</value>
</attribute>
</entry>
<entry>
<id>19</id>
<offset>1997</offset>
<length>13</length>
<class>AAA_Estimate_Person</class>
<attribute>
<name>Canonical</name>
<value>С МАККРИСТАЛ</value>
</attribute>
</entry>
</markup>
