﻿<markup>
<entry>
<id>1</id>
<offset>186</offset>
<length>16</length>
<class>AAA_Estimate_Person</class>
<attribute>
<name>Canonical</name>
<value>АЛЕКСЕЙ БЕНДУСОВ</value>
</attribute>
</entry>
<entry>
<id>2</id>
<offset>296</offset>
<length>13</length>
<class>AAA_Estimate_Person</class>
<attribute>
<name>Canonical</name>
<value>СЕРГЕЙ ЧАБАН</value>
</attribute>
</entry>
<entry>
<id>3</id>
<offset>397</offset>
<length>14</length>
<class>AAA_Estimate_Person</class>
<attribute>
<name>Canonical</name>
<value>МИХАИЛ БАБИЧ</value>
</attribute>
</entry>
<entry>
<id>4</id>
<offset>463</offset>
<length>13</length>
<class>AAA_Estimate_Person</class>
<attribute>
<name>Canonical</name>
<value>СЕРГЕЙ ЧАБАН</value>
</attribute>
</entry>
<entry>
<id>5</id>
<offset>550</offset>
<length>16</length>
<class>AAA_Estimate_Person</class>
<attribute>
<name>Canonical</name>
<value>АЛЕКСЕЙ БЕНДУСОВ</value>
</attribute>
</entry>
<entry>
<id>6</id>
<offset>624</offset>
<length>12</length>
<class>AAA_Estimate_Person</class>
<attribute>
<name>Canonical</name>
<value>СЕРГЕЙ ЧАБАН</value>
</attribute>
</entry>
<entry>
<id>7</id>
<offset>640</offset>
<length>8</length>
<class>AAA_Estimate_Person</class>
<attribute>
<name>Canonical</name>
<value>БЕНДУСОВ</value>
</attribute>
</entry>
<entry>
<id>8</id>
<offset>707</offset>
<length>16</length>
<class>AAA_Estimate_Person</class>
<attribute>
<name>Canonical</name>
<value>АЛЕКСЕЙ БЕНДУСОВ</value>
</attribute>
</entry>
<entry>
<id>9</id>
<offset>1132</offset>
<length>18</length>
<class>AAA_Estimate_Person</class>
<attribute>
<name>Canonical</name>
<value>ВЛАДИМИР АРТЯКОВ</value>
</attribute>
</entry>
<entry>
<id>10</id>
<offset>1339</offset>
<length>17</length>
<class>AAA_Estimate_Person</class>
<attribute>
<name>Canonical</name>
<value>НИКОЛАЙ МЕРКУШКИН</value>
</attribute>
</entry>
<entry>
<id>11</id>
<offset>1381</offset>
<length>16</length>
<class>AAA_Estimate_Person</class>
<attribute>
<name>Canonical</name>
<value>АЛЕКСЕЙ БЕНДУСОВ</value>
</attribute>
</entry>
<entry>
<id>12</id>
<offset>1457</offset>
<length>13</length>
<class>AAA_Estimate_Person</class>
<attribute>
<name>Canonical</name>
<value>СЕРГЕЙ ЧАБАН</value>
</attribute>
</entry>
</markup>
