﻿<markup>
<entry>
<id>1</id>
<offset>83</offset>
<length>18</length>
<class>AAA_Estimate_Person</class>
<attribute>
<name>Canonical</name>
<value>ГЕОРГИОС ПАПАНДРЕУ</value>
</attribute>
</entry>
<entry>
<id>2</id>
<offset>375</offset>
<length>22</length>
<class>AAA_Estimate_Person</class>
<attribute>
<name>Canonical</name>
<value>ЙОРГОС ПАПАКОНСТАНТИНУ</value>
</attribute>
</entry>
<entry>
<id>3</id>
<offset>594</offset>
<length>19</length>
<class>AAA_Estimate_Person</class>
<attribute>
<name>Canonical</name>
<value>МИХАЛИС ХРИСОХОИДИС</value>
</attribute>
</entry>
<entry>
<id>4</id>
<offset>693</offset>
<length>11</length>
<class>AAA_Estimate_Person</class>
<attribute>
<name>Canonical</name>
<value>ЛУКА КАЦЕЛИ</value>
</attribute>
</entry>
<entry>
<id>5</id>
<offset>750</offset>
<length>6</length>
<class>AAA_Estimate_Person</class>
<attribute>
<name>Canonical</name>
<value>КАЦЕЛИ</value>
</attribute>
</entry>
<entry>
<id>6</id>
<offset>771</offset>
<length>16</length>
<class>AAA_Estimate_Person</class>
<attribute>
<name>Canonical</name>
<value>АНДРЕАС ЛОВЕРДОС</value>
</attribute>
</entry>
<entry>
<id>8</id>
<offset>871</offset>
<length>15</length>
<class>AAA_Estimate_Person</class>
<attribute>
<name>Canonical</name>
<value>ХРИСТОС ПАПУЦИС</value>
</attribute>
</entry>
<entry>
<id>7</id>
<offset>1085</offset>
<length>9</length>
<class>AAA_Estimate_Person</class>
<attribute>
<name>Canonical</name>
<value>ПАПАНДРЕУ</value>
</attribute>
</entry>
</markup>
