﻿<markup>
<entry>
<id>1</id>
<offset>52</offset>
<length>16</length>
<class>AAA_Estimate_Person</class>
<attribute>
<name>Canonical</name>
<value>СЕРГЕЙ ИГНАТЬЕВ</value>
</attribute>
</entry>
<entry>
<id>2</id>
<offset>171</offset>
<length>16</length>
<class>AAA_Estimate_Person</class>
<attribute>
<name>Canonical</name>
<value>СЕРГЕЙ ИГНАТЬЕВ</value>
</attribute>
</entry>
<entry>
<id>3</id>
<offset>222</offset>
<length>18</length>
<class>AAA_Estimate_Person</class>
<attribute>
<name>Canonical</name>
<value>ЭЛЬВИРА НАБИУЛЛИНА</value>
</attribute>
</entry>
<entry>
<id>4</id>
<offset>243</offset>
<length>15</length>
<class>AAA_Estimate_Person</class>
<attribute>
<name>Canonical</name>
<value>СЕРГЕЙ ИГНАТЬЕВ</value>
</attribute>
</entry>
<entry>
<id>5</id>
<offset>360</offset>
<length>16</length>
<class>AAA_Estimate_Person</class>
<attribute>
<name>Canonical</name>
<value>СЕРГЕЙ ИГНАТЬЕВ</value>
</attribute>
</entry>
<entry>
<id>6</id>
<offset>472</offset>
<length>8</length>
<class>AAA_Estimate_Person</class>
<attribute>
<name>Canonical</name>
<value>ИГНАТЬЕВ</value>
</attribute>
</entry>
<entry>
<id>7</id>
<offset>610</offset>
<length>18</length>
<class>AAA_Estimate_Person</class>
<attribute>
<name>Canonical</name>
<value>ЭЛЬВИРА НАБИУЛЛИНА</value>
</attribute>
</entry>
<entry>
<id>8</id>
<offset>633</offset>
<length>15</length>
<class>AAA_Estimate_Person</class>
<attribute>
<name>Canonical</name>
<value>СЕРГЕЙ ИГНАТЬЕВ</value>
</attribute>
</entry>
<entry>
<id>9</id>
<offset>884</offset>
<length>8</length>
<class>AAA_Estimate_Person</class>
<attribute>
<name>Canonical</name>
<value>ИГНАТЬЕВ</value>
</attribute>
</entry>
<entry>
<id>10</id>
<offset>1199</offset>
<length>8</length>
<class>AAA_Estimate_Person</class>
<attribute>
<name>Canonical</name>
<value>ИГНАТЬЕВ</value>
</attribute>
</entry>
<entry>
<id>11</id>
<offset>1392</offset>
<length>15</length>
<class>AAA_Estimate_Person</class>
<attribute>
<name>Canonical</name>
<value>СЕРГЕЙ ИГНАТЬЕВ</value>
</attribute>
</entry>
</markup>
