﻿<markup>
<entry>
<id>1</id>
<offset>38</offset>
<length>8</length>
<class>AAA_Estimate_Person</class>
<attribute>
<name>Canonical</name>
<value>МУБАРАК</value>
</attribute>
</entry>
<entry>
<id>2</id>
<offset>61</offset>
<length>10</length>
<class>AAA_Estimate_Person</class>
<attribute>
<name>Canonical</name>
<value>ПАН ГИ МУН</value>
</attribute>
</entry>
<entry>
<id>3</id>
<offset>116</offset>
<length>14</length>
<class>AAA_Estimate_Person</class>
<attribute>
<name>Canonical</name>
<value>ХОСНИ МУБАРАК</value>
</attribute>
</entry>
<entry>
<id>4</id>
<offset>262</offset>
<length>13</length>
<class>AAA_Estimate_Person</class>
<attribute>
<name>Canonical</name>
<value>ХОСНИ МУБАРАК</value>
</attribute>
</entry>
<entry>
<id>5</id>
<offset>480</offset>
<length>8</length>
<class>AAA_Estimate_Person</class>
<attribute>
<name>Canonical</name>
<value>МУБАРАК</value>
</attribute>
</entry>
<entry>
<id>6</id>
<offset>567</offset>
<length>10</length>
<class>AAA_Estimate_Person</class>
<attribute>
<name>Canonical</name>
<value>ПАН ГИ МУН</value>
</attribute>
</entry>
<entry>
<id>7</id>
<offset>582</offset>
<length>7</length>
<class>AAA_Estimate_Person</class>
<attribute>
<name>Canonical</name>
<value>МУБАРАК</value>
</attribute>
</entry>
</markup>
