﻿<markup>
<entry>
<id>1</id>
<offset>336</offset>
<length>11</length>
<class>AAA_Estimate_Person</class>
<attribute>
<name>Canonical</name>
<value>БОРИС ТИТОВ</value>
</attribute>
</entry>
<entry>
<id>2</id>
<offset>352</offset>
<length>5</length>
<class>AAA_Estimate_Person</class>
<attribute>
<name>Canonical</name>
<value>ТИТОВ</value>
</attribute>
</entry>
<entry>
<id>3</id>
<offset>478</offset>
<length>5</length>
<class>AAA_Estimate_Person</class>
<attribute>
<name>Canonical</name>
<value>ТИТОВ</value>
</attribute>
</entry>
<entry>
<id>4</id>
<offset>523</offset>
<length>21</length>
<class>AAA_Estimate_Person</class>
<attribute>
<name>Canonical</name>
<value>МИХАИЛ ХОДОРКОВСКИЙ</value>
</attribute>
</entry>
<entry>
<id>5</id>
<offset>582</offset>
<length>16</length>
<class>AAA_Estimate_Person</class>
<attribute>
<name>Canonical</name>
<value>ПЛАТОН ЛЕБЕДЕВ</value>
</attribute>
</entry>
<entry>
<id>6</id>
<offset>725</offset>
<length>14</length>
<class>AAA_Estimate_Person</class>
<attribute>
<name>Canonical</name>
<value>ВЛАДИМИР ПУТИН</value>
</attribute>
</entry>
</markup>
