﻿<markup>
<entry>
<id>1</id>
<offset>0</offset>
<length>16</length>
<class>AAA_Estimate_Person</class>
<attribute>
<name>Canonical</name>
<value>ВЛАДИМИР ЛЕБЕДЕВ</value>
</attribute>
</entry>
<entry>
<id>2</id>
<offset>138</offset>
<length>18</length>
<class>AAA_Estimate_Person</class>
<attribute>
<name>Canonical</name>
<value>ВЛАДИМИР ЛЕБЕДЕВ</value>
</attribute>
</entry>
<entry>
<id>4</id>
<offset>303</offset>
<length>7</length>
<class>AAA_Estimate_Person</class>
<attribute>
<name>Canonical</name>
<value>ЛЕБЕДЕВ</value>
</attribute>
</entry>
<entry>
<id>5</id>
<offset>366</offset>
<length>17</length>
<class>AAA_Estimate_Person</class>
<attribute>
<name>Canonical</name>
<value>АЛЕКСАНДР КРЮЧКОВ</value>
</attribute>
</entry>
<entry>
<id>3</id>
<offset>495</offset>
<length>16</length>
<class>AAA_Estimate_Person</class>
<attribute>
<name>Canonical</name>
<value>ВЛАДИМИР ЛЕБЕДЕВ</value>
</attribute>
</entry>
</markup>
