﻿<markup>
<entry>
<id>1</id>
<offset>0</offset>
<length>8</length>
<class>AAA_Estimate_Person</class>
<attribute>
<name>Canonical</name>
<value>СВАНИДЗЕ</value>
</attribute>
</entry>
<entry>
<id>2</id>
<offset>38</offset>
<length>8</length>
<class>AAA_Estimate_Person</class>
<attribute>
<name>Canonical</name>
<value>СНОУДЕН</value>
</attribute>
</entry>
<entry>
<id>3</id>
<offset>87</offset>
<length>8</length>
<class>AAA_Estimate_Person</class>
<attribute>
<name>Canonical</name>
<value>СНОУДЕН</value>
</attribute>
</entry>
<entry>
<id>4</id>
<offset>166</offset>
<length>16</length>
<class>AAA_Estimate_Person</class>
<attribute>
<name>Canonical</name>
<value>НИКОЛАЙ СВАНИДЗЕ</value>
</attribute>
</entry>
<entry>
<id>5</id>
<offset>250</offset>
<length>16</length>
<class>AAA_Estimate_Person</class>
<attribute>
<name>Canonical</name>
<value>ЭДВАРД СНОУДЕН</value>
</attribute>
</entry>
<entry>
<id>6</id>
<offset>367</offset>
<length>16</length>
<class>AAA_Estimate_Person</class>
<attribute>
<name>Canonical</name>
<value>НИКОЛАЙ СВАНИДЗЕ</value>
</attribute>
</entry>
<entry>
<id>7</id>
<offset>453</offset>
<length>17</length>
<class>AAA_Estimate_Person</class>
<attribute>
<name>Canonical</name>
<value>АЛЕКСАНДР СИДЯКИН</value>
</attribute>
</entry>
<entry>
<id>8</id>
<offset>491</offset>
<length>8</length>
<class>AAA_Estimate_Person</class>
<attribute>
<name>Canonical</name>
<value>СНОУДЕН</value>
</attribute>
</entry>
<entry>
<id>9</id>
<offset>673</offset>
<length>14</length>
<class>AAA_Estimate_Person</class>
<attribute>
<name>Canonical</name>
<value>ЭДВАРД СНОУДЕН</value>
</attribute>
</entry>
<entry>
<id>10</id>
<offset>993</offset>
<length>8</length>
<class>AAA_Estimate_Person</class>
<attribute>
<name>Canonical</name>
<value>СНОУДЕН</value>
</attribute>
</entry>
<entry>
<id>11</id>
<offset>1065</offset>
<length>8</length>
<class>AAA_Estimate_Person</class>
<attribute>
<name>Canonical</name>
<value>СВАНИДЗЕ</value>
</attribute>
</entry>
<entry>
<id>12</id>
<offset>1150</offset>
<length>8</length>
<class>AAA_Estimate_Person</class>
<attribute>
<name>Canonical</name>
<value>СНОУДЕН</value>
</attribute>
</entry>
<entry>
<id>15</id>
<offset>1230</offset>
<length>8</length>
<class>AAA_Estimate_Person</class>
<attribute>
<name>Canonical</name>
<value>СНОУДЕН</value>
</attribute>
</entry>
<entry>
<id>13</id>
<offset>1462</offset>
<length>8</length>
<class>AAA_Estimate_Person</class>
<attribute>
<name>Canonical</name>
<value>СНОУДЕН</value>
</attribute>
</entry>
<entry>
<id>14</id>
<offset>1831</offset>
<length>8</length>
<class>AAA_Estimate_Person</class>
<attribute>
<name>Canonical</name>
<value>СВАНИДЗЕ</value>
</attribute>
</entry>
</markup>
