﻿<markup>
<entry>
<id>1</id>
<offset>128</offset>
<length>15</length>
<class>AAA_Estimate_Person</class>
<attribute>
<name>Canonical</name>
<value>АНАТОЛИЙ БАГМЕТ</value>
</attribute>
</entry>
<entry>
<id>2</id>
<offset>216</offset>
<length>7</length>
<class>AAA_Estimate_Person</class>
<attribute>
<name>Canonical</name>
<value>БАГМЕТ</value>
</attribute>
</entry>
<entry>
<id>3</id>
<offset>361</offset>
<length>14</length>
<class>AAA_Estimate_Person</class>
<attribute>
<name>Canonical</name>
<value>ВАДИМ ЯКОВЕНКО</value>
</attribute>
</entry>
<entry>
<id>4</id>
<offset>520</offset>
<length>8</length>
<class>AAA_Estimate_Person</class>
<attribute>
<name>Canonical</name>
<value>ЯКОВЕНКО</value>
</attribute>
</entry>
<entry>
<id>5</id>
<offset>615</offset>
<length>6</length>
<class>AAA_Estimate_Person</class>
<attribute>
<name>Canonical</name>
<value>БАГМЕТ</value>
</attribute>
</entry>
<entry>
<id>6</id>
<offset>859</offset>
<length>7</length>
<class>AAA_Estimate_Person</class>
<attribute>
<name>Canonical</name>
<value>БАГМЕТ</value>
</attribute>
</entry>
<entry>
<id>7</id>
<offset>947</offset>
<length>7</length>
<class>AAA_Estimate_Person</class>
<attribute>
<name>Canonical</name>
<value>БАГМЕТ</value>
</attribute>
</entry>
<entry>
<id>8</id>
<offset>1118</offset>
<length>7</length>
<class>AAA_Estimate_Person</class>
<attribute>
<name>Canonical</name>
<value>БАГМЕТ</value>
</attribute>
</entry>
<entry>
<id>9</id>
<offset>1282</offset>
<length>6</length>
<class>AAA_Estimate_Person</class>
<attribute>
<name>Canonical</name>
<value>БАГМЕТ</value>
</attribute>
</entry>
<entry>
<id>10</id>
<offset>1399</offset>
<length>6</length>
<class>AAA_Estimate_Person</class>
<attribute>
<name>Canonical</name>
<value>БАГМЕТ</value>
</attribute>
</entry>
</markup>
