﻿<markup>
<entry>
<id>1</id>
<offset>0</offset>
<length>9</length>
<class>AAA_Estimate_Person</class>
<attribute>
<name>Canonical</name>
<value>БОГУСЛАЕВ</value>
</attribute>
</entry>
<entry>
<id>2</id>
<offset>117</offset>
<length>15</length>
<class>AAA_Estimate_Person</class>
<attribute>
<name>Canonical</name>
<value>ВИКТОР АВДЕЕНКО</value>
</attribute>
</entry>
<entry>
<id>3</id>
<offset>211</offset>
<length>18</length>
<class>AAA_Estimate_Person</class>
<attribute>
<name>Canonical</name>
<value>ВЯЧЕСЛАВ БОГУСЛАЕВ</value>
</attribute>
</entry>
<entry>
<id>4</id>
<offset>863</offset>
<length>35</length>
<class>AAA_Estimate_Person</class>
<attribute>
<name>Canonical</name>
<value>ВЯЧЕСЛАВ АЛЕКСАНДРОВИЧ БОГУСЛАЕВ</value>
</attribute>
</entry>
</markup>
