﻿<markup>
<entry>
<id>1</id>
<offset>196</offset>
<length>15</length>
<class>AAA_Estimate_Person</class>
<attribute>
<name>Canonical</name>
<value>БАЙБА РОЗЕНТАЛЕ</value>
</attribute>
</entry>
<entry>
<id>3</id>
<offset>285</offset>
<length>9</length>
<class>AAA_Estimate_Person</class>
<attribute>
<name>Canonical</name>
<value>РОЗЕНТАЛЕ</value>
</attribute>
</entry>
<entry>
<id>2</id>
<offset>397</offset>
<length>15</length>
<class>AAA_Estimate_Person</class>
<attribute>
<name>Canonical</name>
<value>БАЙБА РОЗЕНТАЛЕ</value>
</attribute>
</entry>
<entry>
<id>4</id>
<offset>517</offset>
<length>9</length>
<class>AAA_Estimate_Person</class>
<attribute>
<name>Canonical</name>
<value>РОЗЕНТАЛЕ</value>
</attribute>
</entry>
<entry>
<id>5</id>
<offset>587</offset>
<length>9</length>
<class>AAA_Estimate_Person</class>
<attribute>
<name>Canonical</name>
<value>РОЗЕНТАЛЕ</value>
</attribute>
</entry>
<entry>
<id>7</id>
<offset>616</offset>
<length>12</length>
<class>AAA_Estimate_Person</class>
<attribute>
<name>Canonical</name>
<value>ИВАР ЭГЛИТИС</value>
</attribute>
</entry>
<entry>
<id>8</id>
<offset>891</offset>
<length>7</length>
<class>AAA_Estimate_Person</class>
<attribute>
<name>Canonical</name>
<value>ЭГЛИТИС</value>
</attribute>
</entry>
<entry>
<id>10</id>
<offset>1214</offset>
<length>18</length>
<class>AAA_Estimate_Person</class>
<attribute>
<name>Canonical</name>
<value>ВАЛДИС ДОМБРОВСКИС</value>
</attribute>
</entry>
<entry>
<id>6</id>
<offset>1320</offset>
<length>9</length>
<class>AAA_Estimate_Person</class>
<attribute>
<name>Canonical</name>
<value>РОЗЕНТАЛЕ</value>
</attribute>
</entry>
<entry>
<id>9</id>
<offset>1379</offset>
<length>7</length>
<class>AAA_Estimate_Person</class>
<attribute>
<name>Canonical</name>
<value>ЭГЛИТИС</value>
</attribute>
</entry>
</markup>
