﻿<markup>
<entry>
<id>1</id>
<offset>212</offset>
<length>16</length>
<class>AAA_Estimate_Person</class>
<attribute>
<name>Canonical</name>
<value>АЛЕКСАНДР ЖИЛКИН</value>
</attribute>
</entry>
<entry>
<id>2</id>
<offset>800</offset>
<length>6</length>
<class>AAA_Estimate_Person</class>
<attribute>
<name>Canonical</name>
<value>ЖИЛКИН</value>
</attribute>
</entry>
<entry>
<id>3</id>
<offset>1283</offset>
<length>15</length>
<class>AAA_Estimate_Person</class>
<attribute>
<name>Canonical</name>
<value>ВИТАЛИЙ ГУТМАН</value>
</attribute>
</entry>
<entry>
<id>4</id>
<offset>2140</offset>
<length>16</length>
<class>AAA_Estimate_Person</class>
<attribute>
<name>Canonical</name>
<value>КАНАТ ШАНТИМИРОВ</value>
</attribute>
</entry>
<entry>
<id>5</id>
<offset>2161</offset>
<length>10</length>
<class>AAA_Estimate_Person</class>
<attribute>
<name>Canonical</name>
<value>ШАНТИМИРОВ</value>
</attribute>
</entry>
</markup>
