﻿<markup>
<entry>
<id>1</id>
<offset>2</offset>
<length>13</length>
<class>AAA_Estimate_Person</class>
<attribute>
<name>Canonical</name>
<value>ЛЕОНИД РОШАЛЬ</value>
</attribute>
</entry>
<entry>
<id>2</id>
<offset>160</offset>
<length>9</length>
<class>AAA_Estimate_Person</class>
<attribute>
<name>Canonical</name>
<value>КАШНИКОВ</value>
</attribute>
</entry>
<entry>
<id>3</id>
<offset>339</offset>
<length>13</length>
<class>AAA_Estimate_Person</class>
<attribute>
<name>Canonical</name>
<value>ЛЕОНИД РОШАЛЬ</value>
</attribute>
</entry>
<entry>
<id>6</id>
<offset>436</offset>
<length>19</length>
<class>AAA_Estimate_Person</class>
<attribute>
<name>Canonical</name>
<value>ВЯЧЕСЛАВ КАШНИКОВ</value>
</attribute>
</entry>
<entry>
<id>7</id>
<offset>603</offset>
<length>6</length>
<class>AAA_Estimate_Person</class>
<attribute>
<name>Canonical</name>
<value>РОШАЛЬ</value>
</attribute>
</entry>
<entry>
<id>8</id>
<offset>665</offset>
<length>8</length>
<class>AAA_Estimate_Person</class>
<attribute>
<name>Canonical</name>
<value>КАШНИКОВ</value>
</attribute>
</entry>
<entry>
<id>9</id>
<offset>853</offset>
<length>8</length>
<class>AAA_Estimate_Person</class>
<attribute>
<name>Canonical</name>
<value>КАШНИКОВ</value>
</attribute>
</entry>
<entry>
<id>10</id>
<offset>879</offset>
<length>6</length>
<class>AAA_Estimate_Person</class>
<attribute>
<name>Canonical</name>
<value>РОШАЛЬ</value>
</attribute>
</entry>
<entry>
<id>11</id>
<offset>1545</offset>
<length>17</length>
<class>AAA_Estimate_Person</class>
<attribute>
<name>Canonical</name>
<value>ВЯЧЕСЛАВ КАШНИКОВ</value>
</attribute>
</entry>
<entry>
<id>12</id>
<offset>2079</offset>
<length>16</length>
<class>AAA_Estimate_Person</class>
<attribute>
<name>Canonical</name>
<value>ВЛАДИМИР ПУТИН</value>
</attribute>
</entry>
<entry>
<id>13</id>
<offset>2160</offset>
<length>14</length>
<class>AAA_Estimate_Person</class>
<attribute>
<name>Canonical</name>
<value>ЛЕОНИД РОШАЛЬ</value>
</attribute>
</entry>
<entry>
<id>14</id>
<offset>2224</offset>
<length>19</length>
<class>AAA_Estimate_Person</class>
<attribute>
<name>Canonical</name>
<value>ВЯЧЕСЛАВ КАШНИКОВ</value>
</attribute>
</entry>
<entry>
<id>15</id>
<offset>2412</offset>
<length>16</length>
<class>AAA_Estimate_Person</class>
<attribute>
<name>Canonical</name>
<value>СЕРГЕЙ ДУБРОВИН</value>
</attribute>
</entry>
<entry>
<id>16</id>
<offset>2461</offset>
<length>13</length>
<class>AAA_Estimate_Person</class>
<attribute>
<name>Canonical</name>
<value>ЮРИЙ ТУРЫГИН</value>
</attribute>
</entry>
<entry>
<id>17</id>
<offset>2912</offset>
<length>13</length>
<class>AAA_Estimate_Person</class>
<attribute>
<name>Canonical</name>
<value>ИРИНА ИВАШОВА</value>
</attribute>
</entry>
<entry>
<id>18</id>
<offset>3010</offset>
<length>13</length>
<class>AAA_Estimate_Person</class>
<attribute>
<name>Canonical</name>
<value>ОЛЬГА ПОПЦОВА</value>
</attribute>
</entry>
<entry>
<id>19</id>
<offset>3116</offset>
<length>16</length>
<class>AAA_Estimate_Person</class>
<attribute>
<name>Canonical</name>
<value>ОЛЬГА КОПЕЙКИНА</value>
</attribute>
</entry>
<entry>
<id>20</id>
<offset>3196</offset>
<length>11</length>
<class>AAA_Estimate_Person</class>
<attribute>
<name>Canonical</name>
<value>ЕЛЕНА БУКША</value>
</attribute>
</entry>
<entry>
<id>21</id>
<offset>3240</offset>
<length>15</length>
<class>AAA_Estimate_Person</class>
<attribute>
<name>Canonical</name>
<value>АНДРЕЙ ДЖАТДОЕВ</value>
</attribute>
</entry>
</markup>
