﻿<markup>
<entry>
<id>1</id>
<offset>245</offset>
<length>12</length>
<class>AAA_Estimate_Person</class>
<attribute>
<name>Canonical</name>
<value>ЮРКИ АЛТОНЕН</value>
</attribute>
</entry>
<entry>
<id>2</id>
<offset>280</offset>
<length>12</length>
<class>AAA_Estimate_Person</class>
<attribute>
<name>Canonical</name>
<value>ОЛЕГ ШАЛИМОВ</value>
</attribute>
</entry>
<entry>
<id>3</id>
<offset>469</offset>
<length>12</length>
<class>AAA_Estimate_Person</class>
<attribute>
<name>Canonical</name>
<value>ЮРКИ АЛТОНЕН</value>
</attribute>
</entry>
<entry>
<id>4</id>
<offset>564</offset>
<length>10</length>
<class>AAA_Estimate_Person</class>
<attribute>
<name>Canonical</name>
<value>ПАНУ КОПРА</value>
</attribute>
</entry>
<entry>
<id>6</id>
<offset>710</offset>
<length>7</length>
<class>AAA_Estimate_Person</class>
<attribute>
<name>Canonical</name>
<value>ШАЛИМОВ</value>
</attribute>
</entry>
<entry>
<id>5</id>
<offset>792</offset>
<length>10</length>
<class>AAA_Estimate_Person</class>
<attribute>
<name>Canonical</name>
<value>ПАНУ КОПРА</value>
</attribute>
</entry>
<entry>
<id>7</id>
<offset>1013</offset>
<length>7</length>
<class>AAA_Estimate_Person</class>
<attribute>
<name>Canonical</name>
<value>АЛТОНЕН</value>
</attribute>
</entry>
<entry>
<id>8</id>
<offset>1318</offset>
<length>7</length>
<class>AAA_Estimate_Person</class>
<attribute>
<name>Canonical</name>
<value>АЛТОНЕН</value>
</attribute>
</entry>
</markup>
