﻿<markup>
<entry>
<id>1</id>
<offset>6</offset>
<length>7</length>
<class>AAA_Estimate_Person</class>
<attribute>
<name>Canonical</name>
<value>МАНДЕЛА</value>
</attribute>
</entry>
<entry>
<id>2</id>
<offset>63</offset>
<length>16</length>
<class>AAA_Estimate_Person</class>
<attribute>
<name>Canonical</name>
<value>НЕЛЬСОН МАНДЕЛА</value>
</attribute>
</entry>
<entry>
<id>3</id>
<offset>237</offset>
<length>7</length>
<class>AAA_Estimate_Person</class>
<attribute>
<name>Canonical</name>
<value>МАНДЕЛА</value>
</attribute>
</entry>
<entry>
<id>4</id>
<offset>350</offset>
<length>16</length>
<class>AAA_Estimate_Person</class>
<attribute>
<name>Canonical</name>
<value>НЕЛЬСОН МАНДЕЛА</value>
</attribute>
</entry>
<entry>
<id>5</id>
<offset>601</offset>
<length>7</length>
<class>AAA_Estimate_Person</class>
<attribute>
<name>Canonical</name>
<value>МАНДЕЛА</value>
</attribute>
</entry>
<entry>
<id>6</id>
<offset>777</offset>
<length>7</length>
<class>AAA_Estimate_Person</class>
<attribute>
<name>Canonical</name>
<value>МАНДЕЛА</value>
</attribute>
</entry>
<entry>
<id>19</id>
<offset>960</offset>
<length>14</length>
<class>AAA_Estimate_Person</class>
<attribute>
<name>Canonical</name>
<value>МАНДЛА МАНДЕЛА </value>
</attribute>
</entry>
<entry>
<id>10</id>
<offset>1120</offset>
<length>7</length>
<class>AAA_Estimate_Person</class>
<attribute>
<name>Canonical</name>
<value>МАНДЕЛА</value>
</attribute>
</entry>
<entry>
<id>20</id>
<offset>1128</offset>
<length>8</length>
<class>AAA_Estimate_Person</class>
<attribute>
<name>Canonical</name>
<value>МАКАЗИВЕ</value>
</attribute>
</entry>
<entry>
<id>12</id>
<offset>1169</offset>
<length>6</length>
<class>AAA_Estimate_Person</class>
<attribute>
<name>Canonical</name>
<value>МАНДЛА</value>
</attribute>
</entry>
<entry>
<id>13</id>
<offset>1229</offset>
<length>7</length>
<class>AAA_Estimate_Person</class>
<attribute>
<name>Canonical</name>
<value>МАНДЕЛА</value>
</attribute>
</entry>
<entry>
<id>14</id>
<offset>1248</offset>
<length>7</length>
<class>AAA_Estimate_Person</class>
<attribute>
<name>Canonical</name>
<value>МАНДЕЛА</value>
</attribute>
</entry>
<entry>
<id>15</id>
<offset>1493</offset>
<length>15</length>
<class>AAA_Estimate_Person</class>
<attribute>
<name>Canonical</name>
<value>НЕЛЬСОН МАНДЕЛА</value>
</attribute>
</entry>
<entry>
<id>16</id>
<offset>1512</offset>
<length>15</length>
<class>AAA_Estimate_Person</class>
<attribute>
<name>Canonical</name>
<value>НЕЛЬСОН МАНДЕЛА</value>
</attribute>
</entry>
<entry>
<id>17</id>
<offset>1727</offset>
<length>7</length>
<class>AAA_Estimate_Person</class>
<attribute>
<name>Canonical</name>
<value>МАНДЕЛА</value>
</attribute>
</entry>
<entry>
<id>18</id>
<offset>1868</offset>
<length>7</length>
<class>AAA_Estimate_Person</class>
<attribute>
<name>Canonical</name>
<value>МАНДЕЛА</value>
</attribute>
</entry>
</markup>
