﻿<markup>
<entry>
<id>1</id>
<offset>10</offset>
<length>5</length>
<class>AAA_Estimate_Person</class>
<attribute>
<name>Canonical</name>
<value>ГАЕВ</value>
</attribute>
</entry>
<entry>
<id>2</id>
<offset>97</offset>
<length>14</length>
<class>AAA_Estimate_Person</class>
<attribute>
<name>Canonical</name>
<value>ИВАН БЕСЕДИН</value>
</attribute>
</entry>
<entry>
<id>3</id>
<offset>356</offset>
<length>13</length>
<class>AAA_Estimate_Person</class>
<attribute>
<name>Canonical</name>
<value>НИКОЛАЙ ЛЯМОВ</value>
</attribute>
</entry>
<entry>
<id>4</id>
<offset>452</offset>
<length>8</length>
<class>AAA_Estimate_Person</class>
<attribute>
<name>Canonical</name>
<value>БЕСЕДИН</value>
</attribute>
</entry>
<entry>
<id>5</id>
<offset>518</offset>
<length>13</length>
<class>AAA_Estimate_Person</class>
<attribute>
<name>Canonical</name>
<value>ДМИТРИЙ ГАЕВ</value>
</attribute>
</entry>
<entry>
<id>6</id>
<offset>636</offset>
<length>5</length>
<class>AAA_Estimate_Person</class>
<attribute>
<name>Canonical</name>
<value>ЛЯМОВ</value>
</attribute>
</entry>
<entry>
<id>7</id>
<offset>765</offset>
<length>5</length>
<class>AAA_Estimate_Person</class>
<attribute>
<name>Canonical</name>
<value>ЛЯМОВ</value>
</attribute>
</entry>
<entry>
<id>8</id>
<offset>947</offset>
<length>12</length>
<class>AAA_Estimate_Person</class>
<attribute>
<name>Canonical</name>
<value>ДМИТРИЙ ГАЕВ</value>
</attribute>
</entry>
<entry>
<id>9</id>
<offset>1041</offset>
<length>7</length>
<class>AAA_Estimate_Person</class>
<attribute>
<name>Canonical</name>
<value>БЕСЕДИН</value>
</attribute>
</entry>
<entry>
<id>10</id>
<offset>1138</offset>
<length>8</length>
<class>AAA_Estimate_Person</class>
<attribute>
<name>Canonical</name>
<value>БЕСЕДИН</value>
</attribute>
</entry>
<entry>
<id>11</id>
<offset>1172</offset>
<length>5</length>
<class>AAA_Estimate_Person</class>
<attribute>
<name>Canonical</name>
<value>ГАЕВ</value>
</attribute>
</entry>
<entry>
<id>12</id>
<offset>1231</offset>
<length>5</length>
<class>AAA_Estimate_Person</class>
<attribute>
<name>Canonical</name>
<value>ГАЕВ</value>
</attribute>
</entry>
<entry>
<id>13</id>
<offset>1364</offset>
<length>5</length>
<class>AAA_Estimate_Person</class>
<attribute>
<name>Canonical</name>
<value>ГАЕВ</value>
</attribute>
</entry>
<entry>
<id>14</id>
<offset>1503</offset>
<length>4</length>
<class>AAA_Estimate_Person</class>
<attribute>
<name>Canonical</name>
<value>ГАЕВ</value>
</attribute>
</entry>
<entry>
<id>15</id>
<offset>1657</offset>
<length>15</length>
<class>AAA_Estimate_Person</class>
<attribute>
<name>Canonical</name>
<value>СЕРГЕЙ СОБЯНИН</value>
</attribute>
</entry>
</markup>
