﻿<markup>
<entry>
<id>1</id>
<offset>346</offset>
<length>16</length>
<class>AAA_Estimate_Person</class>
<attribute>
<name>Canonical</name>
<value>СЕРГЕЙ КАПАНАДЗЕ</value>
</attribute>
</entry>
<entry>
<id>4</id>
<offset>484</offset>
<length>16</length>
<class>AAA_Estimate_Person</class>
<attribute>
<name>Canonical</name>
<value>СЕРГЕЙ КАПАНАДЗЕ</value>
</attribute>
</entry>
<entry>
<id>2</id>
<offset>947</offset>
<length>9</length>
<class>AAA_Estimate_Person</class>
<attribute>
<name>Canonical</name>
<value>КАПАНАДЗЕ</value>
</attribute>
</entry>
<entry>
<id>3</id>
<offset>1276</offset>
<length>16</length>
<class>AAA_Estimate_Person</class>
<attribute>
<name>Canonical</name>
<value>СЕРГЕЙ КАПАНАДЗЕ</value>
</attribute>
</entry>
</markup>
