﻿<markup>
<entry>
<id>1</id>
<offset>97</offset>
<length>11</length>
<class>AAA_Estimate_Person</class>
<attribute>
<name>Canonical</name>
<value>ЙОАВ ГАЛАНТ</value>
</attribute>
</entry>
<entry>
<id>3</id>
<offset>210</offset>
<length>13</length>
<class>AAA_Estimate_Person</class>
<attribute>
<name>Canonical</name>
<value>ГАБИ АШКЕНАЗИ</value>
</attribute>
</entry>
<entry>
<id>4</id>
<offset>470</offset>
<length>7</length>
<class>AAA_Estimate_Person</class>
<attribute>
<name>Canonical</name>
<value>ГАЛАНТ</value>
</attribute>
</entry>
<entry>
<id>5</id>
<offset>494</offset>
<length>14</length>
<class>AAA_Estimate_Person</class>
<attribute>
<name>Canonical</name>
<value>ЭХУД БАРАК</value>
</attribute>
</entry>
<entry>
<id>6</id>
<offset>662</offset>
<length>11</length>
<class>AAA_Estimate_Person</class>
<attribute>
<name>Canonical</name>
<value>ЙОАВ ГАЛАНТ</value>
</attribute>
</entry>
<entry>
<id>7</id>
<offset>1159</offset>
<length>6</length>
<class>AAA_Estimate_Person</class>
<attribute>
<name>Canonical</name>
<value>ГАЛАНТ</value>
</attribute>
</entry>
<entry>
<id>8</id>
<offset>1314</offset>
<length>7</length>
<class>AAA_Estimate_Person</class>
<attribute>
<name>Canonical</name>
<value>ГАЛАНТ</value>
</attribute>
</entry>
<entry>
<id>9</id>
<offset>1466</offset>
<length>7</length>
<class>AAA_Estimate_Person</class>
<attribute>
<name>Canonical</name>
<value>ГАЛАНТ</value>
</attribute>
</entry>
</markup>
