﻿<markup>
<entry>
<id>1</id>
<offset>4</offset>
<length>15</length>
<class>AAA_Estimate_Person</class>
<attribute>
<name>Canonical</name>
<value>МУРАТ ГУКЕМУХОВ</value>
</attribute>
</entry>
<entry>
<id>3</id>
<offset>405</offset>
<length>15</length>
<class>AAA_Estimate_Person</class>
<attribute>
<name>Canonical</name>
<value>МУРАТ ГУКЕМУХОВ</value>
</attribute>
</entry>
<entry>
<id>4</id>
<offset>482</offset>
<length>14</length>
<class>AAA_Estimate_Person</class>
<attribute>
<name>Canonical</name>
<value>ВЛАДИМИР ПУТИН</value>
</attribute>
</entry>
<entry>
<id>5</id>
<offset>560</offset>
<length>17</length>
<class>AAA_Estimate_Person</class>
<attribute>
<name>Canonical</name>
<value>КАЗИМИР БОТАШЕВ</value>
</attribute>
</entry>
<entry>
<id>6</id>
<offset>696</offset>
<length>7</length>
<class>AAA_Estimate_Person</class>
<attribute>
<name>Canonical</name>
<value>БОТАШЕВ</value>
</attribute>
</entry>
<entry>
<id>7</id>
<offset>922</offset>
<length>5</length>
<class>AAA_Estimate_Person</class>
<attribute>
<name>Canonical</name>
<value>ПУТИН</value>
</attribute>
</entry>
<entry>
<id>8</id>
<offset>995</offset>
<length>19</length>
<class>AAA_Estimate_Person</class>
<attribute>
<name>Canonical</name>
<value>ЖАУДАТ АХМЕТХАНОВ</value>
</attribute>
</entry>
<entry>
<id>9</id>
<offset>1078</offset>
<length>10</length>
<class>AAA_Estimate_Person</class>
<attribute>
<name>Canonical</name>
<value>АХМЕТХАНОВ</value>
</attribute>
</entry>
<entry>
<id>10</id>
<offset>1545</offset>
<length>9</length>
<class>AAA_Estimate_Person</class>
<attribute>
<name>Canonical</name>
<value>ГУКЕМУХОВ</value>
</attribute>
</entry>
<entry>
<id>11</id>
<offset>1559</offset>
<length>9</length>
<class>AAA_Estimate_Person</class>
<attribute>
<name>Canonical</name>
<value>ГУКЕМУХОВ</value>
</attribute>
</entry>
<entry>
<id>12</id>
<offset>1646</offset>
<length>19</length>
<class>AAA_Estimate_Person</class>
<attribute>
<name>Canonical</name>
<value>ЖАУДАТ АХМЕТХАНОВ</value>
</attribute>
</entry>
<entry>
<id>13</id>
<offset>1704</offset>
<length>10</length>
<class>AAA_Estimate_Person</class>
<attribute>
<name>Canonical</name>
<value>АХМЕТХАНОВ</value>
</attribute>
</entry>
<entry>
<id>14</id>
<offset>1935</offset>
<length>11</length>
<class>AAA_Estimate_Person</class>
<attribute>
<name>Canonical</name>
<value>АХМЕТХАНОВ</value>
</attribute>
</entry>
<entry>
<id>15</id>
<offset>2104</offset>
<length>11</length>
<class>AAA_Estimate_Person</class>
<attribute>
<name>Canonical</name>
<value>АХМЕТХАНОВ</value>
</attribute>
</entry>
<entry>
<id>16</id>
<offset>2253</offset>
<length>9</length>
<class>AAA_Estimate_Person</class>
<attribute>
<name>Canonical</name>
<value>ГУКЕМУХОВ</value>
</attribute>
</entry>
<entry>
<id>17</id>
<offset>3112</offset>
<length>9</length>
<class>AAA_Estimate_Person</class>
<attribute>
<name>Canonical</name>
<value>ГУКЕМУХОВ</value>
</attribute>
</entry>
<entry>
<id>18</id>
<offset>3233</offset>
<length>11</length>
<class>AAA_Estimate_Person</class>
<attribute>
<name>Canonical</name>
<value>АХМЕТХАНОВ</value>
</attribute>
</entry>
<entry>
<id>19</id>
<offset>3830</offset>
<length>14</length>
<class>AAA_Estimate_Person</class>
<attribute>
<name>Canonical</name>
<value>БОРИС ЭБЗЕЕВ</value>
</attribute>
</entry>
<entry>
<id>20</id>
<offset>3998</offset>
<length>9</length>
<class>AAA_Estimate_Person</class>
<attribute>
<name>Canonical</name>
<value>ГУКЕМУХОВ</value>
</attribute>
</entry>
</markup>
