﻿<markup>
<entry>
<id>1</id>
<offset>97</offset>
<length>16</length>
<class>AAA_Estimate_Person</class>
<attribute>
<name>Canonical</name>
<value>АНАТОЛИЙ КАЛИНИН</value>
</attribute>
</entry>
<entry>
<id>2</id>
<offset>354</offset>
<length>7</length>
<class>AAA_Estimate_Person</class>
<attribute>
<name>Canonical</name>
<value>КАЛИНИН</value>
</attribute>
</entry>
<entry>
<id>3</id>
<offset>409</offset>
<length>16</length>
<class>AAA_Estimate_Person</class>
<attribute>
<name>Canonical</name>
<value>ИГОРЬ ШУВАЛОВ</value>
</attribute>
</entry>
<entry>
<id>4</id>
<offset>1191</offset>
<length>7</length>
<class>AAA_Estimate_Person</class>
<attribute>
<name>Canonical</name>
<value>КАЛИНИН</value>
</attribute>
</entry>
<entry>
<id>5</id>
<offset>1245</offset>
<length>16</length>
<class>AAA_Estimate_Person</class>
<attribute>
<name>Canonical</name>
<value>ДМИТРИЙ КОЗАК</value>
</attribute>
</entry>
<entry>
<id>6</id>
<offset>2175</offset>
<length>7</length>
<class>AAA_Estimate_Person</class>
<attribute>
<name>Canonical</name>
<value>КАЛИНИН</value>
</attribute>
</entry>
<entry>
<id>7</id>
<offset>2766</offset>
<length>19</length>
<class>AAA_Estimate_Person</class>
<attribute>
<name>Canonical</name>
<value>АЛЕКСАНДР ЛУКАШЕНКО</value>
</attribute>
</entry>
<entry>
<id>8</id>
<offset>3072</offset>
<length>12</length>
<class>AAA_Estimate_Person</class>
<attribute>
<name>Canonical</name>
<value>АЛЕКСЕЙ ШИЛО</value>
</attribute>
</entry>
<entry>
<id>9</id>
<offset>3197</offset>
<length>4</length>
<class>AAA_Estimate_Person</class>
<attribute>
<name>Canonical</name>
<value>ШИЛО</value>
</attribute>
</entry>
<entry>
<id>10</id>
<offset>3540</offset>
<length>15</length>
<class>AAA_Estimate_Person</class>
<attribute>
<name>Canonical</name>
<value>СЕРГЕЙ МАСКЕВИЧ</value>
</attribute>
</entry>
</markup>
