﻿<markup>
<entry>
<id>1</id>
<offset>27</offset>
<length>15</length>
<class>AAA_Estimate_Person</class>
<attribute>
<name>Canonical</name>
<value>СЕРГЕЙ МИРОНОВ</value>
</attribute>
</entry>
<entry>
<id>2</id>
<offset>175</offset>
<length>15</length>
<class>AAA_Estimate_Person</class>
<attribute>
<name>Canonical</name>
<value>СЕРГЕЙ МИРОНОВ</value>
</attribute>
</entry>
<entry>
<id>3</id>
<offset>261</offset>
<length>16</length>
<class>AAA_Estimate_Person</class>
<attribute>
<name>Canonical</name>
<value>ВЛАДИМИР ПУТИН</value>
</attribute>
</entry>
<entry>
<id>4</id>
<offset>420</offset>
<length>12</length>
<class>AAA_Estimate_Person</class>
<attribute>
<name>Canonical</name>
<value>АНДРЕЙ ИСАЕВ</value>
</attribute>
</entry>
<entry>
<id>5</id>
<offset>463</offset>
<length>8</length>
<class>AAA_Estimate_Person</class>
<attribute>
<name>Canonical</name>
<value>МИРОНОВ</value>
</attribute>
</entry>
<entry>
<id>6</id>
<offset>531</offset>
<length>7</length>
<class>AAA_Estimate_Person</class>
<attribute>
<name>Canonical</name>
<value>МИРОНОВ</value>
</attribute>
</entry>
<entry>
<id>7</id>
<offset>565</offset>
<length>6</length>
<class>AAA_Estimate_Person</class>
<attribute>
<name>Canonical</name>
<value>ПУТИН</value>
</attribute>
</entry>
<entry>
<id>8</id>
<offset>634</offset>
<length>6</length>
<class>AAA_Estimate_Person</class>
<attribute>
<name>Canonical</name>
<value>ПУТИН</value>
</attribute>
</entry>
<entry>
<id>9</id>
<offset>672</offset>
<length>7</length>
<class>AAA_Estimate_Person</class>
<attribute>
<name>Canonical</name>
<value>МИРОНОВ</value>
</attribute>
</entry>
<entry>
<id>10</id>
<offset>909</offset>
<length>5</length>
<class>AAA_Estimate_Person</class>
<attribute>
<name>Canonical</name>
<value>ИСАЕВ</value>
</attribute>
</entry>
<entry>
<id>11</id>
<offset>986</offset>
<length>15</length>
<class>AAA_Estimate_Person</class>
<attribute>
<name>Canonical</name>
<value>АНДРЕЙ ВОРОБЬЕВ</value>
</attribute>
</entry>
<entry>
<id>12</id>
<offset>1034</offset>
<length>8</length>
<class>AAA_Estimate_Person</class>
<attribute>
<name>Canonical</name>
<value>МИРОНОВ</value>
</attribute>
</entry>
<entry>
<id>13</id>
<offset>1341</offset>
<length>16</length>
<class>AAA_Estimate_Person</class>
<attribute>
<name>Canonical</name>
<value>ВЯЧЕСЛАВ ВОЛОДИН</value>
</attribute>
</entry>
<entry>
<id>14</id>
<offset>1457</offset>
<length>16</length>
<class>AAA_Estimate_Person</class>
<attribute>
<name>Canonical</name>
<value>ВЛАДИМИР ПУТИН</value>
</attribute>
</entry>
<entry>
<id>15</id>
<offset>1546</offset>
<length>15</length>
<class>AAA_Estimate_Person</class>
<attribute>
<name>Canonical</name>
<value>СЕРГЕЙ МИРОНОВ</value>
</attribute>
</entry>
<entry>
<id>16</id>
<offset>1567</offset>
<length>7</length>
<class>AAA_Estimate_Person</class>
<attribute>
<name>Canonical</name>
<value>МИРОНОВ</value>
</attribute>
</entry>
<entry>
<id>17</id>
<offset>1631</offset>
<length>17</length>
<class>AAA_Estimate_Person</class>
<attribute>
<name>Canonical</name>
<value>ВЛАДИМИР ПОЗНЕР</value>
</attribute>
</entry>
<entry>
<id>18</id>
<offset>1835</offset>
<length>5</length>
<class>AAA_Estimate_Person</class>
<attribute>
<name>Canonical</name>
<value>ПУТИН</value>
</attribute>
</entry>
<entry>
<id>19</id>
<offset>1964</offset>
<length>16</length>
<class>AAA_Estimate_Person</class>
<attribute>
<name>Canonical</name>
<value>ВЛАДИМИР ПУТИН</value>
</attribute>
</entry>
<entry>
<id>20</id>
<offset>2025</offset>
<length>7</length>
<class>AAA_Estimate_Person</class>
<attribute>
<name>Canonical</name>
<value>МИРОНОВ</value>
</attribute>
</entry>
</markup>
