﻿<markup>
<entry>
<id>1</id>
<offset>890</offset>
<length>14</length>
<class>AAA_Estimate_Person</class>
<attribute>
<name>Canonical</name>
<value>НИКОЛАЙ АЗАРОВ</value>
</attribute>
</entry>
<entry>
<id>2</id>
<offset>1051</offset>
<length>7</length>
<class>AAA_Estimate_Person</class>
<attribute>
<name>Canonical</name>
<value>АЗАРОВ</value>
</attribute>
</entry>
<entry>
<id>3</id>
<offset>1253</offset>
<length>18</length>
<class>AAA_Estimate_Person</class>
<attribute>
<name>Canonical</name>
<value>КОНСТАНТИН СИМОНОВ</value>
</attribute>
</entry>
<entry>
<id>4</id>
<offset>1319</offset>
<length>7</length>
<class>AAA_Estimate_Person</class>
<attribute>
<name>Canonical</name>
<value>АЗАРОВ</value>
</attribute>
</entry>
<entry>
<id>5</id>
<offset>1609</offset>
<length>8</length>
<class>AAA_Estimate_Person</class>
<attribute>
<name>Canonical</name>
<value>СИМОНОВ</value>
</attribute>
</entry>
</markup>
