﻿<markup>
<entry>
<id>7</id>
<offset>0</offset>
<length>15</length>
<class>AAA_Estimate_Person</class>
<attribute>
<name>Canonical</name>
<value>МУРТАЗА РАХИМОВ</value>
</attribute>
</entry>
<entry>
<id>8</id>
<offset>52</offset>
<length>15</length>
<class>AAA_Estimate_Person</class>
<attribute>
<name>Canonical</name>
<value>МУРТАЗА РАХИМОВ</value>
</attribute>
</entry>
<entry>
<id>6</id>
<offset>142</offset>
<length>16</length>
<class>AAA_Estimate_Person</class>
<attribute>
<name>Canonical</name>
<value>АЗАМАТ САГИТОВ</value>
</attribute>
</entry>
<entry>
<id>18</id>
<offset>240</offset>
<length>14</length>
<class>AAA_Estimate_Person</class>
<attribute>
<name>Canonical</name>
<value>РАДИЙ ХАБИРОВ</value>
</attribute>
</entry>
<entry>
<id>15</id>
<offset>371</offset>
<length>8</length>
<class>AAA_Estimate_Person</class>
<attribute>
<name>Canonical</name>
<value>САГИТОВ</value>
</attribute>
</entry>
<entry>
<id>23</id>
<offset>501</offset>
<length>17</length>
<class>AAA_Estimate_Person</class>
<attribute>
<name>Canonical</name>
<value>АЙРАТ МУРЗАГАЛИЕВ</value>
</attribute>
</entry>
<entry>
<id>9</id>
<offset>526</offset>
<length>15</length>
<class>AAA_Estimate_Person</class>
<attribute>
<name>Canonical</name>
<value>МУРТАЗА РАХИМОВ</value>
</attribute>
</entry>
<entry>
<id>14</id>
<offset>605</offset>
<length>14</length>
<class>AAA_Estimate_Person</class>
<attribute>
<name>Canonical</name>
<value>АЗАМАТ САГИТОВ</value>
</attribute>
</entry>
<entry>
<id>19</id>
<offset>887</offset>
<length>14</length>
<class>AAA_Estimate_Person</class>
<attribute>
<name>Canonical</name>
<value>РАДИЙ ХАБИРОВ</value>
</attribute>
</entry>
<entry>
<id>21</id>
<offset>1017</offset>
<length>8</length>
<class>AAA_Estimate_Person</class>
<attribute>
<name>Canonical</name>
<value>ХАБИРОВ</value>
</attribute>
</entry>
<entry>
<id>22</id>
<offset>1051</offset>
<length>7</length>
<class>AAA_Estimate_Person</class>
<attribute>
<name>Canonical</name>
<value>ХАБИРОВ</value>
</attribute>
</entry>
<entry>
<id>13</id>
<offset>1156</offset>
<length>8</length>
<class>AAA_Estimate_Person</class>
<attribute>
<name>Canonical</name>
<value>РАХИМОВ</value>
</attribute>
</entry>
<entry>
<id>24</id>
<offset>1349</offset>
<length>12</length>
<class>AAA_Estimate_Person</class>
<attribute>
<name>Canonical</name>
<value>АНДРЕЙ ИСАЕВ</value>
</attribute>
</entry>
<entry>
<id>10</id>
<offset>1387</offset>
<length>16</length>
<class>AAA_Estimate_Person</class>
<attribute>
<name>Canonical</name>
<value>МУРТАЗА РАХИМОВ</value>
</attribute>
</entry>
<entry>
<id>25</id>
<offset>1510</offset>
<length>15</length>
<class>AAA_Estimate_Person</class>
<attribute>
<name>Canonical</name>
<value>АНДРЕЙ ВОРОБЬЕВ</value>
</attribute>
</entry>
<entry>
<id>20</id>
<offset>1895</offset>
<length>14</length>
<class>AAA_Estimate_Person</class>
<attribute>
<name>Canonical</name>
<value>РАДИЙ ХАБИРОВ</value>
</attribute>
</entry>
<entry>
<id>26</id>
<offset>2153</offset>
<length>16</length>
<class>AAA_Estimate_Person</class>
<attribute>
<name>Canonical</name>
<value>РАИЛЬ САРБАЕВ</value>
</attribute>
</entry>
<entry>
<id>16</id>
<offset>2400</offset>
<length>7</length>
<class>AAA_Estimate_Person</class>
<attribute>
<name>Canonical</name>
<value>САГИТОВ</value>
</attribute>
</entry>
<entry>
<id>12</id>
<offset>2501</offset>
<length>8</length>
<class>AAA_Estimate_Person</class>
<attribute>
<name>Canonical</name>
<value>РАХИМОВ</value>
</attribute>
</entry>
<entry>
<id>17</id>
<offset>2589</offset>
<length>7</length>
<class>AAA_Estimate_Person</class>
<attribute>
<name>Canonical</name>
<value>САГИТОВ</value>
</attribute>
</entry>
<entry>
<id>11</id>
<offset>2721</offset>
<length>15</length>
<class>AAA_Estimate_Person</class>
<attribute>
<name>Canonical</name>
<value>МУРТАЗА РАХИМОВ</value>
</attribute>
</entry>
<entry>
<id>27</id>
<offset>2758</offset>
<length>12</length>
<class>AAA_Estimate_Person</class>
<attribute>
<name>Canonical</name>
<value>МУРЗАГАЛИЕВ</value>
</attribute>
</entry>
<entry>
<id>28</id>
<offset>2911</offset>
<length>15</length>
<class>AAA_Estimate_Person</class>
<attribute>
<name>Canonical</name>
<value>НИКОЛАЙ КУРАПОВ</value>
</attribute>
</entry>
<entry>
<id>30</id>
<offset>3092</offset>
<length>13</length>
<class>AAA_Estimate_Person</class>
<attribute>
<name>Canonical</name>
<value>РАМИЛЬ БИГНОВ</value>
</attribute>
</entry>
<entry>
<id>29</id>
<offset>3187</offset>
<length>8</length>
<class>AAA_Estimate_Person</class>
<attribute>
<name>Canonical</name>
<value>КУРАПОВ</value>
</attribute>
</entry>
<entry>
<id>32</id>
<offset>3336</offset>
<length>7</length>
<class>AAA_Estimate_Person</class>
<attribute>
<name>Canonical</name>
<value>САРБАЕВ</value>
</attribute>
</entry>
<entry>
<id>31</id>
<offset>3451</offset>
<length>6</length>
<class>AAA_Estimate_Person</class>
<attribute>
<name>Canonical</name>
<value>БИГНОВ</value>
</attribute>
</entry>
<entry>
<id>33</id>
<offset>3478</offset>
<length>16</length>
<class>AAA_Estimate_Person</class>
<attribute>
<name>Canonical</name>
<value>АЛЬБЕРТ МИФТАХОВ</value>
</attribute>
</entry>
<entry>
<id>34</id>
<offset>3767</offset>
<length>15</length>
<class>AAA_Estimate_Person</class>
<attribute>
<name>Canonical</name>
<value>РАФАИЛ ДИВАЕВ</value>
</attribute>
</entry>
</markup>
