﻿<markup>
<entry>
<id>1</id>
<offset>148</offset>
<length>15</length>
<class>AAA_Estimate_Person</class>
<attribute>
<name>Canonical</name>
<value>АНДРЕЙ ВОРОБЬЕВ</value>
</attribute>
</entry>
<entry>
<id>11</id>
<offset>273</offset>
<length>15</length>
<class>AAA_Estimate_Person</class>
<attribute>
<name>Canonical</name>
<value>ЮРИЙ ОЛЕЙНИКОВ</value>
</attribute>
</entry>
<entry>
<id>2</id>
<offset>432</offset>
<length>9</length>
<class>AAA_Estimate_Person</class>
<attribute>
<name>Canonical</name>
<value>ВОРОБЬЕВ</value>
</attribute>
</entry>
<entry>
<id>3</id>
<offset>469</offset>
<length>18</length>
<class>AAA_Estimate_Person</class>
<attribute>
<name>Canonical</name>
<value>НАТАЛЬЯ ВИРТУОЗОВА</value>
</attribute>
</entry>
<entry>
<id>4</id>
<offset>523</offset>
<length>9</length>
<class>AAA_Estimate_Person</class>
<attribute>
<name>Canonical</name>
<value>ВОРОБЬЕВ</value>
</attribute>
</entry>
<entry>
<id>5</id>
<offset>540</offset>
<length>14</length>
<class>AAA_Estimate_Person</class>
<attribute>
<name>Canonical</name>
<value>ЮРИЙ ОЛЕЙНИКОВ</value>
</attribute>
</entry>
<entry>
<id>6</id>
<offset>694</offset>
<length>10</length>
<class>AAA_Estimate_Person</class>
<attribute>
<name>Canonical</name>
<value>ВИРТУОЗОВА</value>
</attribute>
</entry>
<entry>
<id>7</id>
<offset>788</offset>
<length>9</length>
<class>AAA_Estimate_Person</class>
<attribute>
<name>Canonical</name>
<value>ОЛЕЙНИКОВ</value>
</attribute>
</entry>
<entry>
<id>8</id>
<offset>1054</offset>
<length>8</length>
<class>AAA_Estimate_Person</class>
<attribute>
<name>Canonical</name>
<value>ВОРОБЬЕВ</value>
</attribute>
</entry>
<entry>
<id>9</id>
<offset>1190</offset>
<length>14</length>
<class>AAA_Estimate_Person</class>
<attribute>
<name>Canonical</name>
<value>ЛИДИЯ АНТОНОВА</value>
</attribute>
</entry>
<entry>
<id>10</id>
<offset>1315</offset>
<length>21</length>
<class>AAA_Estimate_Person</class>
<attribute>
<name>Canonical</name>
<value>ИЛЬДАР ГАБДРАХМАНОВ</value>
</attribute>
</entry>
</markup>
