﻿<markup>
<entry>
<id>1</id>
<offset>402</offset>
<length>15</length>
<class>AAA_Estimate_Person</class>
<attribute>
<name>Canonical</name>
<value>ЛЕОНИД РЕЗНИКОВ</value>
</attribute>
</entry>
<entry>
<id>2</id>
<offset>683</offset>
<length>15</length>
<class>AAA_Estimate_Person</class>
<attribute>
<name>Canonical</name>
<value>ЛЕОНИД РЕЗНИКОВ</value>
</attribute>
</entry>
<entry>
<id>3</id>
<offset>820</offset>
<length>20</length>
<class>AAA_Estimate_Person</class>
<attribute>
<name>Canonical</name>
<value>ГЕННАДИЙ СТУДЕНСКИЙ</value>
</attribute>
</entry>
<entry>
<id>4</id>
<offset>870</offset>
<length>19</length>
<class>AAA_Estimate_Person</class>
<attribute>
<name>Canonical</name>
<value>КОНСТАНТИН НОТМАН</value>
</attribute>
</entry>
<entry>
<id>5</id>
<offset>1079</offset>
<length>9</length>
<class>AAA_Estimate_Person</class>
<attribute>
<name>Canonical</name>
<value>РЕЗНИКОВ</value>
</attribute>
</entry>
<entry>
<id>6</id>
<offset>1115</offset>
<length>10</length>
<class>AAA_Estimate_Person</class>
<attribute>
<name>Canonical</name>
<value>СТУДЕНСКИЙ</value>
</attribute>
</entry>
<entry>
<id>7</id>
<offset>1650</offset>
<length>8</length>
<class>AAA_Estimate_Person</class>
<attribute>
<name>Canonical</name>
<value>РЕЗНИКОВ</value>
</attribute>
</entry>
<entry>
<id>8</id>
<offset>2378</offset>
<length>8</length>
<class>AAA_Estimate_Person</class>
<attribute>
<name>Canonical</name>
<value>РЕЗНИКОВ</value>
</attribute>
</entry>
</markup>
