﻿<markup>
<entry>
<id>1</id>
<offset>763</offset>
<length>17</length>
<class>AAA_Estimate_Person</class>
<attribute>
<name>Canonical</name>
<value>АННА ПОЛИТКОВСКАЯ</value>
</attribute>
</entry>
<entry>
<id>2</id>
<offset>941</offset>
<length>12</length>
<class>AAA_Estimate_Person</class>
<attribute>
<name>Canonical</name>
<value>ОЛЕГ КАШИН</value>
</attribute>
</entry>
<entry>
<id>3</id>
<offset>1014</offset>
<length>18</length>
<class>AAA_Estimate_Person</class>
<attribute>
<name>Canonical</name>
<value>АНАСТАСИЯ БАБУРОВА</value>
</attribute>
</entry>
<entry>
<id>4</id>
<offset>1035</offset>
<length>16</length>
<class>AAA_Estimate_Person</class>
<attribute>
<name>Canonical</name>
<value>МИХАИЛ БЕКЕТОВ</value>
</attribute>
</entry>
<entry>
<id>5</id>
<offset>1091</offset>
<length>15</length>
<class>AAA_Estimate_Person</class>
<attribute>
<name>Canonical</name>
<value>ПОЛ ХЛЕБНИКОВ</value>
</attribute>
</entry>
<entry>
<id>6</id>
<offset>1154</offset>
<length>19</length>
<class>AAA_Estimate_Person</class>
<attribute>
<name>Canonical</name>
<value>НАТАЛЬЯ ЭСТЕМИРОВА</value>
</attribute>
</entry>
</markup>
