﻿<markup>
<entry>
<id>1</id>
<offset>137</offset>
<length>15</length>
<class>AAA_Estimate_Person</class>
<attribute>
<name>Canonical</name>
<value>РОЛАНД ХЕРИАНОВ</value>
</attribute>
</entry>
<entry>
<id>2</id>
<offset>246</offset>
<length>17</length>
<class>AAA_Estimate_Person</class>
<attribute>
<name>Canonical</name>
<value>РОМАН ГРЕБЕННИКОВ</value>
</attribute>
</entry>
<entry>
<id>3</id>
<offset>961</offset>
<length>11</length>
<class>AAA_Estimate_Person</class>
<attribute>
<name>Canonical</name>
<value>ГРЕБЕННИКОВ</value>
</attribute>
</entry>
<entry>
<id>4</id>
<offset>1034</offset>
<length>15</length>
<class>AAA_Estimate_Person</class>
<attribute>
<name>Canonical</name>
<value>РОЛАНД ХЕРИАНОВ</value>
</attribute>
</entry>
<entry>
<id>5</id>
<offset>1075</offset>
<length>12</length>
<class>AAA_Estimate_Person</class>
<attribute>
<name>Canonical</name>
<value>ИРИНА ГУСЕВА</value>
</attribute>
</entry>
<entry>
<id>6</id>
<offset>1472</offset>
<length>8</length>
<class>AAA_Estimate_Person</class>
<attribute>
<name>Canonical</name>
<value>ХЕРИАНОВ</value>
</attribute>
</entry>
<entry>
<id>7</id>
<offset>1488</offset>
<length>11</length>
<class>AAA_Estimate_Person</class>
<attribute>
<name>Canonical</name>
<value>ГРЕБЕННИКОВ</value>
</attribute>
</entry>
<entry>
<id>8</id>
<offset>1672</offset>
<length>12</length>
<class>AAA_Estimate_Person</class>
<attribute>
<name>Canonical</name>
<value>ГРЕБЕННИКОВ</value>
</attribute>
</entry>
<entry>
<id>9</id>
<offset>1689</offset>
<length>11</length>
<class>AAA_Estimate_Person</class>
<attribute>
<name>Canonical</name>
<value>ГРЕБЕННИКОВ</value>
</attribute>
</entry>
<entry>
<id>10</id>
<offset>1792</offset>
<length>15</length>
<class>AAA_Estimate_Person</class>
<attribute>
<name>Canonical</name>
<value>АНАТОЛИЙ БРОВКО</value>
</attribute>
</entry>
<entry>
<id>11</id>
<offset>1896</offset>
<length>11</length>
<class>AAA_Estimate_Person</class>
<attribute>
<name>Canonical</name>
<value>ГРЕБЕННИКОВ</value>
</attribute>
</entry>
<entry>
<id>12</id>
<offset>1910</offset>
<length>8</length>
<class>AAA_Estimate_Person</class>
<attribute>
<name>Canonical</name>
<value>ХЕРИАНОВ</value>
</attribute>
</entry>
</markup>
