﻿<markup>
<entry>
<id>1</id>
<offset>116</offset>
<length>15</length>
<class>AAA_Estimate_Person</class>
<attribute>
<name>Canonical</name>
<value>ВИКТОР ЯНУКОВИЧ</value>
</attribute>
</entry>
<entry>
<id>2</id>
<offset>169</offset>
<length>15</length>
<class>AAA_Estimate_Person</class>
<attribute>
<name>Canonical</name>
<value>НИКОЛАЙ АЗАРОВ</value>
</attribute>
</entry>
<entry>
<id>3</id>
<offset>318</offset>
<length>15</length>
<class>AAA_Estimate_Person</class>
<attribute>
<name>Canonical</name>
<value>ВЛАДИМИР ЛИТВИН</value>
</attribute>
</entry>
<entry>
<id>4</id>
<offset>492</offset>
<length>8</length>
<class>AAA_Estimate_Person</class>
<attribute>
<name>Canonical</name>
<value>В ЛИТВИН</value>
</attribute>
</entry>
<entry>
<id>5</id>
<offset>841</offset>
<length>17</length>
<class>AAA_Estimate_Person</class>
<attribute>
<name>Canonical</name>
<value>АЛЕКСАНДР ЕФРЕМОВ</value>
</attribute>
</entry>
<entry>
<id>6</id>
<offset>931</offset>
<length>8</length>
<class>AAA_Estimate_Person</class>
<attribute>
<name>Canonical</name>
<value>Н АЗАРОВ</value>
</attribute>
</entry>
<entry>
<id>7</id>
<offset>980</offset>
<length>14</length>
<class>AAA_Estimate_Person</class>
<attribute>
<name>Canonical</name>
<value>СЕРГЕЙ АРБУЗОВ</value>
</attribute>
</entry>
<entry>
<id>8</id>
<offset>1012</offset>
<length>8</length>
<class>AAA_Estimate_Person</class>
<attribute>
<name>Canonical</name>
<value>Н АЗАРОВ</value>
</attribute>
</entry>
<entry>
<id>9</id>
<offset>1406</offset>
<length>9</length>
<class>AAA_Estimate_Person</class>
<attribute>
<name>Canonical</name>
<value>Н АЗАРОВ</value>
</attribute>
</entry>
<entry>
<id>10</id>
<offset>1420</offset>
<length>10</length>
<class>AAA_Estimate_Person</class>
<attribute>
<name>Canonical</name>
<value>В ЯНУКОВИЧ</value>
</attribute>
</entry>
</markup>
