﻿<markup>
<entry>
<id>1</id>
<offset>0</offset>
<length>18</length>
<class>AAA_Estimate_Person</class>
<attribute>
<name>Canonical</name>
<value>ЯРОСЛАВ КАЧИНЬСКИЙ</value>
</attribute>
</entry>
<entry>
<id>2</id>
<offset>115</offset>
<length>16</length>
<class>AAA_Estimate_Person</class>
<attribute>
<name>Canonical</name>
<value>ЛЕХ КАЧИНЬСКИЙ</value>
</attribute>
</entry>
<entry>
<id>3</id>
<offset>132</offset>
<length>7</length>
<class>AAA_Estimate_Person</class>
<attribute>
<name>Canonical</name>
<value>ЯРОСЛАВ</value>
</attribute>
</entry>
<entry>
<id>5</id>
<offset>184</offset>
<length>14</length>
<class>AAA_Estimate_Person</class>
<attribute>
<name>Canonical</name>
<value>ДОНАЛЬД ТУСК</value>
</attribute>
</entry>
</markup>
