﻿<markup>
<entry>
<id>1</id>
<offset>540</offset>
<length>11</length>
<class>AAA_Estimate_Person</class>
<attribute>
<name>Canonical</name>
<value>ЯКОВ ПЛИНЕР</value>
</attribute>
</entry>
<entry>
<id>2</id>
<offset>554</offset>
<length>15</length>
<class>AAA_Estimate_Person</class>
<attribute>
<name>Canonical</name>
<value>ВЛАДИМИР БУЗАЕВ</value>
</attribute>
</entry>
<entry>
<id>3</id>
<offset>615</offset>
<length>18</length>
<class>AAA_Estimate_Person</class>
<attribute>
<name>Canonical</name>
<value>АЛЕКСАНДР ВЕШНЯКОВ</value>
</attribute>
</entry>
</markup>
