﻿<markup>
<entry>
<id>1</id>
<offset>0</offset>
<length>10</length>
<class>AAA_Estimate_Person</class>
<attribute>
<name>Canonical</name>
<value>НИЛ УШАКОВ</value>
</attribute>
</entry>
<entry>
<id>2</id>
<offset>103</offset>
<length>14</length>
<class>AAA_Estimate_Person</class>
<attribute>
<name>Canonical</name>
<value>НИЛ УШАКОВ</value>
</attribute>
</entry>
<entry>
<id>3</id>
<offset>287</offset>
<length>10</length>
<class>AAA_Estimate_Person</class>
<attribute>
<name>Canonical</name>
<value>НИЛ УШАКОВ</value>
</attribute>
</entry>
<entry>
<id>10</id>
<offset>358</offset>
<length>10</length>
<class>AAA_Estimate_Person</class>
<attribute>
<name>Canonical</name>
<value>НИЛ УШАКОВ</value>
</attribute>
</entry>
<entry>
<id>5</id>
<offset>403</offset>
<length>10</length>
<class>AAA_Estimate_Person</class>
<attribute>
<name>Canonical</name>
<value>НИЛ УШАКОВ</value>
</attribute>
</entry>
<entry>
<id>6</id>
<offset>591</offset>
<length>14</length>
<class>AAA_Estimate_Person</class>
<attribute>
<name>Canonical</name>
<value>НИЛ УШАКОВ</value>
</attribute>
</entry>
<entry>
<id>7</id>
<offset>829</offset>
<length>6</length>
<class>AAA_Estimate_Person</class>
<attribute>
<name>Canonical</name>
<value>УШАКОВ</value>
</attribute>
</entry>
<entry>
<id>8</id>
<offset>920</offset>
<length>14</length>
<class>AAA_Estimate_Person</class>
<attribute>
<name>Canonical</name>
<value>АНДРИС АМЕРИКС</value>
</attribute>
</entry>
<entry>
<id>9</id>
<offset>939</offset>
<length>6</length>
<class>AAA_Estimate_Person</class>
<attribute>
<name>Canonical</name>
<value>УШАКОВ</value>
</attribute>
</entry>
</markup>
