﻿<markup>
<entry>
<id>1</id>
<offset>10</offset>
<length>12</length>
<class>AAA_Estimate_Person</class>
<attribute>
<name>Canonical</name>
<value>И ПОНОМАРЕВ</value>
</attribute>
</entry>
<entry>
<id>2</id>
<offset>106</offset>
<length>17</length>
<class>AAA_Estimate_Person</class>
<attribute>
<name>Canonical</name>
<value>ЛАРИСА ПОНОМАРЕВА</value>
</attribute>
</entry>
<entry>
<id>3</id>
<offset>172</offset>
<length>15</length>
<class>AAA_Estimate_Person</class>
<attribute>
<name>Canonical</name>
<value>ИЛЬЯ ПОНОМАРЕВ</value>
</attribute>
</entry>
<entry>
<id>4</id>
<offset>328</offset>
<length>13</length>
<class>AAA_Estimate_Person</class>
<attribute>
<name>Canonical</name>
<value>Л ПОНОМАРЕВА</value>
</attribute>
</entry>
<entry>
<id>5</id>
<offset>929</offset>
<length>14</length>
<class>AAA_Estimate_Person</class>
<attribute>
<name>Canonical</name>
<value>ВИТАЛИЙ ИВАНОВ</value>
</attribute>
</entry>
<entry>
<id>6</id>
<offset>984</offset>
<length>13</length>
<class>AAA_Estimate_Person</class>
<attribute>
<name>Canonical</name>
<value>Л ПОНОМАРЕВА</value>
</attribute>
</entry>
<entry>
<id>7</id>
<offset>1273</offset>
<length>11</length>
<class>AAA_Estimate_Person</class>
<attribute>
<name>Canonical</name>
<value>И ПОНОМАРЕВ</value>
</attribute>
</entry>
<entry>
<id>8</id>
<offset>1743</offset>
<length>12</length>
<class>AAA_Estimate_Person</class>
<attribute>
<name>Canonical</name>
<value>Л ПОНОМАРЕВ</value>
</attribute>
</entry>
<entry>
<id>9</id>
<offset>1833</offset>
<length>17</length>
<class>AAA_Estimate_Person</class>
<attribute>
<name>Canonical</name>
<value>РОМАН АБРАМОВИЧ</value>
</attribute>
</entry>
<entry>
<id>10</id>
<offset>1899</offset>
<length>12</length>
<class>AAA_Estimate_Person</class>
<attribute>
<name>Canonical</name>
<value>Л ПОНОМАРЕВА</value>
</attribute>
</entry>
</markup>
