﻿<markup>
<entry>
<id>1</id>
<offset>104</offset>
<length>14</length>
<class>AAA_Estimate_Person</class>
<attribute>
<name>Canonical</name>
<value>ИВАН МЕЛЬНИКОВ</value>
</attribute>
</entry>
<entry>
<id>2</id>
<offset>246</offset>
<length>14</length>
<class>AAA_Estimate_Person</class>
<attribute>
<name>Canonical</name>
<value>ИВАН МЕЛЬНИКОВ</value>
</attribute>
</entry>
<entry>
<id>3</id>
<offset>302</offset>
<length>14</length>
<class>AAA_Estimate_Person</class>
<attribute>
<name>Canonical</name>
<value>ИВАН МЕЛЬНИКОВ</value>
</attribute>
</entry>
<entry>
<id>13</id>
<offset>511</offset>
<length>9</length>
<class>AAA_Estimate_Person</class>
<attribute>
<name>Canonical</name>
<value>МЕЛЬНИКОВ</value>
</attribute>
</entry>
<entry>
<id>4</id>
<offset>628</offset>
<length>14</length>
<class>AAA_Estimate_Person</class>
<attribute>
<name>Canonical</name>
<value>ИВАН МЕЛЬНИКОВ</value>
</attribute>
</entry>
<entry>
<id>5</id>
<offset>794</offset>
<length>16</length>
<class>AAA_Estimate_Person</class>
<attribute>
<name>Canonical</name>
<value>СВЕТЛАНА ПЕУНОВА</value>
</attribute>
</entry>
<entry>
<id>6</id>
<offset>825</offset>
<length>17</length>
<class>AAA_Estimate_Person</class>
<attribute>
<name>Canonical</name>
<value>АЛЕКСЕЙ НАВАЛЬНЫЙ</value>
</attribute>
</entry>
<entry>
<id>7</id>
<offset>892</offset>
<length>15</length>
<class>AAA_Estimate_Person</class>
<attribute>
<name>Canonical</name>
<value>МИХАИЛ ДЕГТЯРЕВ</value>
</attribute>
</entry>
<entry>
<id>8</id>
<offset>938</offset>
<length>15</length>
<class>AAA_Estimate_Person</class>
<attribute>
<name>Canonical</name>
<value>СЕРГЕЙ МИТРОХИН</value>
</attribute>
</entry>
<entry>
<id>9</id>
<offset>983</offset>
<length>14</length>
<class>AAA_Estimate_Person</class>
<attribute>
<name>Canonical</name>
<value>СЕРГЕЙ СОБЯНИН</value>
</attribute>
</entry>
<entry>
<id>10</id>
<offset>1167</offset>
<length>9</length>
<class>AAA_Estimate_Person</class>
<attribute>
<name>Canonical</name>
<value>МЕЛЬНИКОВ</value>
</attribute>
</entry>
<entry>
<id>11</id>
<offset>1304</offset>
<length>14</length>
<class>AAA_Estimate_Person</class>
<attribute>
<name>Canonical</name>
<value>ВЛАДИМИР ПУТИН</value>
</attribute>
</entry>
<entry>
<id>12</id>
<offset>1368</offset>
<length>15</length>
<class>AAA_Estimate_Person</class>
<attribute>
<name>Canonical</name>
<value>СЕРГЕЙ СОБЯНИН</value>
</attribute>
</entry>
</markup>
