﻿<markup>
<entry>
<id>1</id>
<offset>0</offset>
<length>9</length>
<class>AAA_Estimate_Person</class>
<attribute>
<name>Canonical</name>
<value>С СОБЯНИН</value>
</attribute>
</entry>
<entry>
<id>2</id>
<offset>72</offset>
<length>14</length>
<class>AAA_Estimate_Person</class>
<attribute>
<name>Canonical</name>
<value>СЕРГЕЙ СОБЯНИН</value>
</attribute>
</entry>
<entry>
<id>3</id>
<offset>360</offset>
<length>9</length>
<class>AAA_Estimate_Person</class>
<attribute>
<name>Canonical</name>
<value>Ю ЛУЖКОВ</value>
</attribute>
</entry>
<entry>
<id>4</id>
<offset>446</offset>
<length>14</length>
<class>AAA_Estimate_Person</class>
<attribute>
<name>Canonical</name>
<value>ВЛАДИМИР РЕСИН</value>
</attribute>
</entry>
<entry>
<id>5</id>
<offset>510</offset>
<length>11</length>
<class>AAA_Estimate_Person</class>
<attribute>
<name>Canonical</name>
<value>ЮРИЙ РОСЛЯК</value>
</attribute>
</entry>
<entry>
<id>29</id>
<offset>566</offset>
<length>15</length>
<class>AAA_Estimate_Person</class>
<attribute>
<name>Canonical</name>
<value>ЛЮДМИЛА ШВЕЦОВА</value>
</attribute>
</entry>
<entry>
<id>6</id>
<offset>628</offset>
<length>12</length>
<class>AAA_Estimate_Person</class>
<attribute>
<name>Canonical</name>
<value>ПЕТР БИРЮКОВ</value>
</attribute>
</entry>
<entry>
<id>7</id>
<offset>758</offset>
<length>13</length>
<class>AAA_Estimate_Person</class>
<attribute>
<name>Canonical</name>
<value>НИКОЛАЙ ЛЯМОВ</value>
</attribute>
</entry>
<entry>
<id>8</id>
<offset>952</offset>
<length>18</length>
<class>AAA_Estimate_Person</class>
<attribute>
<name>Canonical</name>
<value>АЛЕКСАНДР ГОРБЕНКО</value>
</attribute>
</entry>
<entry>
<id>9</id>
<offset>1045</offset>
<length>15</length>
<class>AAA_Estimate_Person</class>
<attribute>
<name>Canonical</name>
<value>ВЛАДИМИР ШУКШИН</value>
</attribute>
</entry>
<entry>
<id>10</id>
<offset>1238</offset>
<length>9</length>
<class>AAA_Estimate_Person</class>
<attribute>
<name>Canonical</name>
<value>С СОБЯНИН</value>
</attribute>
</entry>
<entry>
<id>11</id>
<offset>1591</offset>
<length>20</length>
<class>AAA_Estimate_Person</class>
<attribute>
<name>Canonical</name>
<value>АЛЕКСЕЙ АЛЕКСАНДРОВ</value>
</attribute>
</entry>
<entry>
<id>12</id>
<offset>1614</offset>
<length>13</length>
<class>AAA_Estimate_Person</class>
<attribute>
<name>Canonical</name>
<value>ОЛЕГ МИТВОЛЬ</value>
</attribute>
</entry>
<entry>
<id>13</id>
<offset>1653</offset>
<length>12</length>
<class>AAA_Estimate_Person</class>
<attribute>
<name>Canonical</name>
<value>ЮРИЙ ЛУЖКОВ</value>
</attribute>
</entry>
<entry>
<id>14</id>
<offset>1732</offset>
<length>15</length>
<class>AAA_Estimate_Person</class>
<attribute>
<name>Canonical</name>
<value>СЕРГЕЙ БАЙДАКОВ</value>
</attribute>
</entry>
<entry>
<id>15</id>
<offset>1778</offset>
<length>15</length>
<class>AAA_Estimate_Person</class>
<attribute>
<name>Canonical</name>
<value>ВЛАДИМИР СИЛКИН</value>
</attribute>
</entry>
<entry>
<id>16</id>
<offset>1801</offset>
<length>10</length>
<class>AAA_Estimate_Person</class>
<attribute>
<name>Canonical</name>
<value>С БАЙДАКОВ</value>
</attribute>
</entry>
<entry>
<id>17</id>
<offset>1842</offset>
<length>8</length>
<class>AAA_Estimate_Person</class>
<attribute>
<name>Canonical</name>
<value>В СИЛКИН</value>
</attribute>
</entry>
<entry>
<id>18</id>
<offset>1948</offset>
<length>17</length>
<class>AAA_Estimate_Person</class>
<attribute>
<name>Canonical</name>
<value>НАТАЛЬЯ СЕРГУНИНА</value>
</attribute>
</entry>
<entry>
<id>19</id>
<offset>2062</offset>
<length>12</length>
<class>AAA_Estimate_Person</class>
<attribute>
<name>Canonical</name>
<value>АНДРЕЙ ЦЫБИН</value>
</attribute>
</entry>
<entry>
<id>20</id>
<offset>2148</offset>
<length>12</length>
<class>AAA_Estimate_Person</class>
<attribute>
<name>Canonical</name>
<value>ЕГОР ПОЛЯКОВ</value>
</attribute>
</entry>
<entry>
<id>21</id>
<offset>2264</offset>
<length>14</length>
<class>AAA_Estimate_Person</class>
<attribute>
<name>Canonical</name>
<value>АРТЕМ ЕРМОЛАЕВ</value>
</attribute>
</entry>
<entry>
<id>22</id>
<offset>2313</offset>
<length>13</length>
<class>AAA_Estimate_Person</class>
<attribute>
<name>Canonical</name>
<value>МИХАИЛ АЛЕШИН</value>
</attribute>
</entry>
<entry>
<id>23</id>
<offset>2378</offset>
<length>9</length>
<class>AAA_Estimate_Person</class>
<attribute>
<name>Canonical</name>
<value>С СОБЯНИН</value>
</attribute>
</entry>
<entry>
<id>24</id>
<offset>2580</offset>
<length>15</length>
<class>AAA_Estimate_Person</class>
<attribute>
<name>Canonical</name>
<value>ЕВГЕНИЙ СКЛЯРОВ</value>
</attribute>
</entry>
<entry>
<id>25</id>
<offset>2649</offset>
<length>14</length>
<class>AAA_Estimate_Person</class>
<attribute>
<name>Canonical</name>
<value>СЕРГЕЙ ПОЛЯКОВ</value>
</attribute>
</entry>
<entry>
<id>26</id>
<offset>2792</offset>
<length>18</length>
<class>AAA_Estimate_Person</class>
<attribute>
<name>Canonical</name>
<value>АНДРЕЙ СЕЛЬЦОВСКИЙ</value>
</attribute>
</entry>
<entry>
<id>27</id>
<offset>2885</offset>
<length>16</length>
<class>AAA_Estimate_Person</class>
<attribute>
<name>Canonical</name>
<value>АНАСТАСИЯ РАКОВА</value>
</attribute>
</entry>
<entry>
<id>28</id>
<offset>3066</offset>
<length>17</length>
<class>AAA_Estimate_Person</class>
<attribute>
<name>Canonical</name>
<value>ВИКТОР КОРОБЧЕНКО</value>
</attribute>
</entry>
</markup>
