﻿<markup>
<entry>
<id>1</id>
<offset>119</offset>
<length>15</length>
<class>AAA_Estimate_Person</class>
<attribute>
<name>Canonical</name>
<value>ВИКТОР АВДЕЕНКО</value>
</attribute>
</entry>
<entry>
<id>2</id>
<offset>356</offset>
<length>14</length>
<class>AAA_Estimate_Person</class>
<attribute>
<name>Canonical</name>
<value>ВИТАЛИЙ КЛИЧКО</value>
</attribute>
</entry>
<entry>
<id>3</id>
<offset>680</offset>
<length>15</length>
<class>AAA_Estimate_Person</class>
<attribute>
<name>Canonical</name>
<value>СЕРГЕЙ АРБУЗОВ</value>
</attribute>
</entry>
<entry>
<id>4</id>
<offset>741</offset>
<length>13</length>
<class>AAA_Estimate_Person</class>
<attribute>
<name>Canonical</name>
<value>ИГОРЬ СОРКИН</value>
</attribute>
</entry>
<entry>
<id>5</id>
<offset>924</offset>
<length>6</length>
<class>AAA_Estimate_Person</class>
<attribute>
<name>Canonical</name>
<value>КЛИЧКО</value>
</attribute>
</entry>
</markup>
