﻿<markup>
<entry>
<id>1</id>
<offset>0</offset>
<length>8</length>
<class>AAA_Estimate_Person</class>
<attribute>
<name>Canonical</name>
<value>МЕДВЕДЕВ</value>
</attribute>
</entry>
<entry>
<id>2</id>
<offset>408</offset>
<length>14</length>
<class>AAA_Estimate_Person</class>
<attribute>
<name>Canonical</name>
<value>ВЯЧЕСЛАВ ФИЛИН</value>
</attribute>
</entry>
<entry>
<id>3</id>
<offset>461</offset>
<length>18</length>
<class>AAA_Estimate_Person</class>
<attribute>
<name>Canonical</name>
<value>ВИКТОР РЕМИШЕВСКИЙ</value>
</attribute>
</entry>
<entry>
<id>4</id>
<offset>523</offset>
<length>18</length>
<class>AAA_Estimate_Person</class>
<attribute>
<name>Canonical</name>
<value>АНАТОЛИЙ ПЕРМИНОВ</value>
</attribute>
</entry>
<entry>
<id>5</id>
<offset>636</offset>
<length>14</length>
<class>AAA_Estimate_Person</class>
<attribute>
<name>Canonical</name>
<value>СЕРГЕЙ ИВАНОВ</value>
</attribute>
</entry>
<entry>
<id>6</id>
<offset>1254</offset>
<length>16</length>
<class>AAA_Estimate_Person</class>
<attribute>
<name>Canonical</name>
<value>ДМИТРИЙ МЕДВЕДЕВ</value>
</attribute>
</entry>
<entry>
<id>7</id>
<offset>1545</offset>
<length>10</length>
<class>AAA_Estimate_Person</class>
<attribute>
<name>Canonical</name>
<value>ЮРИЙ ЧАЙКА</value>
</attribute>
</entry>
<entry>
<id>8</id>
<offset>1636</offset>
<length>16</length>
<class>AAA_Estimate_Person</class>
<attribute>
<name>Canonical</name>
<value>СЕРГЕЙ ПРИХОДЬКО</value>
</attribute>
</entry>
<entry>
<id>9</id>
<offset>1679</offset>
<length>9</length>
<class>AAA_Estimate_Person</class>
<attribute>
<name>Canonical</name>
<value>ПЕРМИНОВ</value>
</attribute>
</entry>
<entry>
<id>10</id>
<offset>2034</offset>
<length>9</length>
<class>AAA_Estimate_Person</class>
<attribute>
<name>Canonical</name>
<value>ПРИХОДЬКО</value>
</attribute>
</entry>
</markup>
