﻿<markup>
<entry>
<id>1</id>
<offset>0</offset>
<length>7</length>
<class>AAA_Estimate_Person</class>
<attribute>
<name>Canonical</name>
<value>ШАЙМИЕВ</value>
</attribute>
</entry>
<entry>
<id>2</id>
<offset>76</offset>
<length>16</length>
<class>AAA_Estimate_Person</class>
<attribute>
<name>Canonical</name>
<value>МИНТИМЕР ШАЙМИЕВ</value>
</attribute>
</entry>
<entry>
<id>3</id>
<offset>340</offset>
<length>7</length>
<class>AAA_Estimate_Person</class>
<attribute>
<name>Canonical</name>
<value>ШАЙМИЕВ</value>
</attribute>
</entry>
<entry>
<id>4</id>
<offset>656</offset>
<length>7</length>
<class>AAA_Estimate_Person</class>
<attribute>
<name>Canonical</name>
<value>ШАЙМИЕВ</value>
</attribute>
</entry>
<entry>
<id>5</id>
<offset>1028</offset>
<length>7</length>
<class>AAA_Estimate_Person</class>
<attribute>
<name>Canonical</name>
<value>ШАЙМИЕВ</value>
</attribute>
</entry>
<entry>
<id>6</id>
<offset>1157</offset>
<length>7</length>
<class>AAA_Estimate_Person</class>
<attribute>
<name>Canonical</name>
<value>ШАЙМИЕВ</value>
</attribute>
</entry>
<entry>
<id>7</id>
<offset>1304</offset>
<length>12</length>
<class>AAA_Estimate_Person</class>
<attribute>
<name>Canonical</name>
<value>ЮРИЙ ЛУЖКОВ</value>
</attribute>
</entry>
</markup>
