﻿<markup>
<entry>
<id>1</id>
<offset>0</offset>
<length>7</length>
<class>AAA_Estimate_Person</class>
<attribute>
<name>Canonical</name>
<value>Б ОБАМА</value>
</attribute>
</entry>
<entry>
<id>2</id>
<offset>95</offset>
<length>12</length>
<class>AAA_Estimate_Person</class>
<attribute>
<name>Canonical</name>
<value>БАРАК ОБАМА</value>
</attribute>
</entry>
<entry>
<id>3</id>
<offset>852</offset>
<length>21</length>
<class>AAA_Estimate_Person</class>
<attribute>
<name>Canonical</name>
<value>ДЖОРДЖ БУШ [-МЛАДШИЙ]</value>
</attribute>
</entry>
<entry>
<id>4</id>
<offset>934</offset>
<length>7</length>
<class>AAA_Estimate_Person</class>
<attribute>
<name>Canonical</name>
<value>Б ОБАМА</value>
</attribute>
</entry>
</markup>
