﻿<markup>
<entry>
<id>1</id>
<offset>0</offset>
<length>5</length>
<class>AAA_Estimate_Person</class>
<attribute>
<name>Canonical</name>
<value>ОБАМА</value>
</attribute>
</entry>
<entry>
<id>2</id>
<offset>8</offset>
<length>7</length>
<class>AAA_Estimate_Person</class>
<attribute>
<name>Canonical</name>
<value>САРКОЗИ</value>
</attribute>
</entry>
<entry>
<id>3</id>
<offset>164</offset>
<length>11</length>
<class>AAA_Estimate_Person</class>
<attribute>
<name>Canonical</name>
<value>БАРАК ОБАМА</value>
</attribute>
</entry>
<entry>
<id>4</id>
<offset>196</offset>
<length>14</length>
<class>AAA_Estimate_Person</class>
<attribute>
<name>Canonical</name>
<value>НИКОЛЯ САРКОЗИ</value>
</attribute>
</entry>
<entry>
<id>5</id>
<offset>803</offset>
<length>15</length>
<class>AAA_Estimate_Person</class>
<attribute>
<name>Canonical</name>
<value>ИНГРИД БЕТАНКУР</value>
</attribute>
</entry>
<entry>
<id>6</id>
<offset>909</offset>
<length>6</length>
<class>AAA_Estimate_Person</class>
<attribute>
<name>Canonical</name>
<value>ХУ ЦЗЯ</value>
</attribute>
</entry>
<entry>
<id>7</id>
<offset>1101</offset>
<length>15</length>
<class>AAA_Estimate_Person</class>
<attribute>
<name>Canonical</name>
<value>МАРТИ АХТИСААРИ</value>
</attribute>
</entry>
<entry>
<id>8</id>
<offset>1160</offset>
<length>11</length>
<class>AAA_Estimate_Person</class>
<attribute>
<name>Canonical</name>
<value>АЛЬБЕРТ ГОР</value>
</attribute>
</entry>
</markup>
