﻿<markup>
<entry>
<id>1</id>
<offset>0</offset>
<length>8</length>
<class>AAA_Estimate_Person</class>
<attribute>
<name>Canonical</name>
<value>МЕДВЕДЕВ</value>
</attribute>
</entry>
<entry>
<id>2</id>
<offset>60</offset>
<length>16</length>
<class>AAA_Estimate_Person</class>
<attribute>
<name>Canonical</name>
<value>ДМИТРИЙ МЕДВЕДЕВ</value>
</attribute>
</entry>
<entry>
<id>4</id>
<offset>314</offset>
<length>15</length>
<class>AAA_Estimate_Person</class>
<attribute>
<name>Canonical</name>
<value>ВАЛЕРИЙ МАТЮШИН</value>
</attribute>
</entry>
<entry>
<id>5</id>
<offset>384</offset>
<length>16</length>
<class>AAA_Estimate_Person</class>
<attribute>
<name>Canonical</name>
<value>АЛЕКСАНДР ИВАНОВ</value>
</attribute>
</entry>
<entry>
<id>6</id>
<offset>564</offset>
<length>17</length>
<class>AAA_Estimate_Person</class>
<attribute>
<name>Canonical</name>
<value>ЕВГЕНИЙ ДАВЛЕТШИН</value>
</attribute>
</entry>
<entry>
<id>7</id>
<offset>618</offset>
<length>15</length>
<class>AAA_Estimate_Person</class>
<attribute>
<name>Canonical</name>
<value>ВЯЧЕСЛАВ ДОКСОВ</value>
</attribute>
</entry>
<entry>
<id>8</id>
<offset>691</offset>
<length>14</length>
<class>AAA_Estimate_Person</class>
<attribute>
<name>Canonical</name>
<value>МИХАИЛ КАБАНОВ</value>
</attribute>
</entry>
<entry>
<id>9</id>
<offset>747</offset>
<length>18</length>
<class>AAA_Estimate_Person</class>
<attribute>
<name>Canonical</name>
<value>ВАЛЕРИЙ СОСНОВСКИЙ</value>
</attribute>
</entry>
<entry>
<id>10</id>
<offset>813</offset>
<length>12</length>
<class>AAA_Estimate_Person</class>
<attribute>
<name>Canonical</name>
<value>СЕРГЕЙ ШКЕДА</value>
</attribute>
</entry>
<entry>
<id>11</id>
<offset>896</offset>
<length>16</length>
<class>AAA_Estimate_Person</class>
<attribute>
<name>Canonical</name>
<value>ВЛАДИМИР КУЧЕРОВ</value>
</attribute>
</entry>
<entry>
<id>12</id>
<offset>958</offset>
<length>6</length>
<class>AAA_Estimate_Person</class>
<attribute>
<name>Canonical</name>
<value>ИВАНОВ</value>
</attribute>
</entry>
<entry>
<id>13</id>
<offset>967</offset>
<length>7</length>
<class>AAA_Estimate_Person</class>
<attribute>
<name>Canonical</name>
<value>КАБАНОВ</value>
</attribute>
</entry>
</markup>
