﻿<markup>
<entry>
<id>1</id>
<offset>0</offset>
<length>11</length>
<class>AAA_Estimate_Person</class>
<attribute>
<name>Canonical</name>
<value>БАРАК ОБАМА</value>
</attribute>
</entry>
<entry>
<id>2</id>
<offset>71</offset>
<length>11</length>
<class>AAA_Estimate_Person</class>
<attribute>
<name>Canonical</name>
<value>БАРАК ОБАМА</value>
</attribute>
</entry>
<entry>
<id>15</id>
<offset>121</offset>
<length>44</length>
<class>AAA_Estimate_Person</class>
<attribute>
<name>Canonical</name>
<value>ДЖОН ХАНТСМЕН [-МЛАДШИЙ] (JOHN HUNTSMAN JR.)</value>
</attribute>
</entry>
<entry>
<id>5</id>
<offset>266</offset>
<length>9</length>
<class>AAA_Estimate_Person</class>
<attribute>
<name>Canonical</name>
<value>ХАНТСМЕН</value>
</attribute>
</entry>
<entry>
<id>6</id>
<offset>276</offset>
<length>5</length>
<class>AAA_Estimate_Person</class>
<attribute>
<name>Canonical</name>
<value>ОБАМА</value>
</attribute>
</entry>
<entry>
<id>7</id>
<offset>323</offset>
<length>25</length>
<class>AAA_Estimate_Person</class>
<attribute>
<name>Canonical</name>
<value>ДЖЕФФ БЭЙДЕР (JEFF BADER)</value>
</attribute>
</entry>
<entry>
<id>16</id>
<offset>585</offset>
<length>5</length>
<class>AAA_Estimate_Person</class>
<attribute>
<name>Canonical</name>
<value>ОБАМА</value>
</attribute>
</entry>
<entry>
<id>9</id>
<offset>617</offset>
<length>12</length>
<class>AAA_Estimate_Person</class>
<attribute>
<name>Canonical</name>
<value>ДЖОН МАККЕЙН</value>
</attribute>
</entry>
<entry>
<id>10</id>
<offset>654</offset>
<length>5</length>
<class>AAA_Estimate_Person</class>
<attribute>
<name>Canonical</name>
<value>ОБАМА</value>
</attribute>
</entry>
<entry>
<id>17</id>
<offset>729</offset>
<length>8</length>
<class>AAA_Estimate_Person</class>
<attribute>
<name>Canonical</name>
<value>ХАНТСМЕН</value>
</attribute>
</entry>
<entry>
<id>18</id>
<offset>860</offset>
<length>8</length>
<class>AAA_Estimate_Person</class>
<attribute>
<name>Canonical</name>
<value>ХАНТСМЕН</value>
</attribute>
</entry>
<entry>
<id>11</id>
<offset>902</offset>
<length>14</length>
<class>AAA_Estimate_Person</class>
<attribute>
<name>Canonical</name>
<value>ДЖОН МАККЕЙН</value>
</attribute>
</entry>
<entry>
<id>19</id>
<offset>1056</offset>
<length>9</length>
<class>AAA_Estimate_Person</class>
<attribute>
<name>Canonical</name>
<value>ХАНТСМЕН</value>
</attribute>
</entry>
<entry>
<id>12</id>
<offset>1074</offset>
<length>5</length>
<class>AAA_Estimate_Person</class>
<attribute>
<name>Canonical</name>
<value>ОБАМА</value>
</attribute>
</entry>
<entry>
<id>13</id>
<offset>1166</offset>
<length>8</length>
<class>AAA_Estimate_Person</class>
<attribute>
<name>Canonical</name>
<value>ХАНТСМЕН</value>
</attribute>
</entry>
<entry>
<id>14</id>
<offset>1215</offset>
<length>20</length>
<class>AAA_Estimate_Person</class>
<attribute>
<name>Canonical</name>
<value>ДЖОРДЖ БУШ [-МЛАДШИЙ]</value>
</attribute>
</entry>
</markup>
