﻿<markup>
<entry>
<id>1</id>
<offset>70</offset>
<length>11</length>
<class>AAA_Estimate_Person</class>
<attribute>
<name>Canonical</name>
<value>БАРАК ОБАМА</value>
</attribute>
</entry>
<entry>
<id>2</id>
<offset>438</offset>
<length>5</length>
<class>AAA_Estimate_Person</class>
<attribute>
<name>Canonical</name>
<value>ОБАМА</value>
</attribute>
</entry>
<entry>
<id>3</id>
<offset>753</offset>
<length>11</length>
<class>AAA_Estimate_Person</class>
<attribute>
<name>Canonical</name>
<value>БАРАК ОБАМА</value>
</attribute>
</entry>
<entry>
<id>4</id>
<offset>774</offset>
<length>29</length>
<class>AAA_Estimate_Person</class>
<attribute>
<name>Canonical</name>
<value>МЭТТЬЮ БРАЙЗА (MATTHEW BRYZA)</value>
</attribute>
</entry>
<entry>
<id>6</id>
<offset>910</offset>
<length>25</length>
<class>AAA_Estimate_Person</class>
<attribute>
<name>Canonical</name>
<value>РОБЕРТ ФОРД (ROBERT FORD)</value>
</attribute>
</entry>
<entry>
<id>7</id>
<offset>1046</offset>
<length>11</length>
<class>AAA_Estimate_Person</class>
<attribute>
<name>Canonical</name>
<value>РОБЕРТ ФОРД</value>
</attribute>
</entry>
<entry>
<id>8</id>
<offset>1119</offset>
<length>5</length>
<class>AAA_Estimate_Person</class>
<attribute>
<name>Canonical</name>
<value>ОБАМА</value>
</attribute>
</entry>
<entry>
<id>9</id>
<offset>1203</offset>
<length>41</length>
<class>AAA_Estimate_Person</class>
<attribute>
<name>Canonical</name>
<value>ФРЭНСИС РИЧЧИАРДОНЕ (FRANCIS RICCIARDONE)</value>
</attribute>
</entry>
<entry>
<id>10</id>
<offset>1300</offset>
<length>27</length>
<class>AAA_Estimate_Person</class>
<attribute>
<name>Canonical</name>
<value>НОРМАН ЭЙЗЕН (NORMAN EISEN)</value>
</attribute>
</entry>
<entry>
<id>11</id>
<offset>1565</offset>
<length>6</length>
<class>AAA_Estimate_Person</class>
<attribute>
<name>Canonical</name>
<value>ОБАМА</value>
</attribute>
</entry>
</markup>
