﻿<markup>
<entry>
<id>1</id>
<offset>81</offset>
<length>16</length>
<class>AAA_Estimate_Person</class>
<attribute>
<name>Canonical</name>
<value>ДМИТРИЙ МЕДВЕДЕВ</value>
</attribute>
</entry>
<entry>
<id>2</id>
<offset>151</offset>
<length>19</length>
<class>AAA_Estimate_Person</class>
<attribute>
<name>Canonical</name>
<value>АЛЕКСЕЙ КУЗЬМИЦКИЙ</value>
</attribute>
</entry>
<entry>
<id>3</id>
<offset>376</offset>
<length>15</length>
<class>AAA_Estimate_Person</class>
<attribute>
<name>Canonical</name>
<value>ВЛАДИМИР ИЛЮХИН</value>
</attribute>
</entry>
<entry>
<id>4</id>
<offset>399</offset>
<length>8</length>
<class>AAA_Estimate_Person</class>
<attribute>
<name>Canonical</name>
<value>В ИЛЮХИН</value>
</attribute>
</entry>
<entry>
<id>5</id>
<offset>571</offset>
<length>15</length>
<class>AAA_Estimate_Person</class>
<attribute>
<name>Canonical</name>
<value>ВЛАДИМИР ИЛЮХИН</value>
</attribute>
</entry>
<entry>
<id>6</id>
<offset>705</offset>
<length>18</length>
<class>AAA_Estimate_Person</class>
<attribute>
<name>Canonical</name>
<value>АЛЕКСЕЙ КУЗЬМИЦКИЙ</value>
</attribute>
</entry>
<entry>
<id>7</id>
<offset>885</offset>
<length>18</length>
<class>AAA_Estimate_Person</class>
<attribute>
<name>Canonical</name>
<value>МИХАИЛ МАШКОВЦЕВ</value>
</attribute>
</entry>
<entry>
<id>8</id>
<offset>924</offset>
<length>12</length>
<class>AAA_Estimate_Person</class>
<attribute>
<name>Canonical</name>
<value>А КУЗЬМИЦКИЙ</value>
</attribute>
</entry>
<entry>
<id>9</id>
<offset>1125</offset>
<length>14</length>
<class>AAA_Estimate_Person</class>
<attribute>
<name>Canonical</name>
<value>ПАВЕЛ ДАНИЛИН</value>
</attribute>
</entry>
<entry>
<id>10</id>
<offset>1511</offset>
<length>9</length>
<class>AAA_Estimate_Person</class>
<attribute>
<name>Canonical</name>
<value>П ДАНИЛИН</value>
</attribute>
</entry>
<entry>
<id>12</id>
<offset>1737</offset>
<length>11</length>
<class>AAA_Estimate_Person</class>
<attribute>
<name>Canonical</name>
<value>В СКВОРЦОВ</value>
</attribute>
</entry>
</markup>
