﻿<markup>
<entry>
<id>1</id>
<offset>104</offset>
<length>12</length>
<class>AAA_Estimate_Person</class>
<attribute>
<name>Canonical</name>
<value>СЕРГЕЙ МИТИН</value>
</attribute>
</entry>
<entry>
<id>2</id>
<offset>506</offset>
<length>16</length>
<class>AAA_Estimate_Person</class>
<attribute>
<name>Canonical</name>
<value>ЕВГЕНИЙ БОГДАНОВ</value>
</attribute>
</entry>
<entry>
<id>3</id>
<offset>697</offset>
<length>15</length>
<class>AAA_Estimate_Person</class>
<attribute>
<name>Canonical</name>
<value>ВЛАДИМИР ПЕТРОВ</value>
</attribute>
</entry>
<entry>
<id>4</id>
<offset>892</offset>
<length>16</length>
<class>AAA_Estimate_Person</class>
<attribute>
<name>Canonical</name>
<value>ЕВГЕНИЙ БОГДАНОВ</value>
</attribute>
</entry>
<entry>
<id>5</id>
<offset>911</offset>
<length>15</length>
<class>AAA_Estimate_Person</class>
<attribute>
<name>Canonical</name>
<value>ВЛАДИМИР ПЕТРОВ</value>
</attribute>
</entry>
</markup>
