﻿<markup>
<entry>
<id>1</id>
<offset>20</offset>
<length>7</length>
<class>AAA_Estimate_Person</class>
<attribute>
<name>Canonical</name>
<value>АССАНЖ</value>
</attribute>
</entry>
<entry>
<id>2</id>
<offset>51</offset>
<length>16</length>
<class>AAA_Estimate_Person</class>
<attribute>
<name>Canonical</name>
<value>ДЖУЛИАН АССАНЖ</value>
</attribute>
</entry>
<entry>
<id>3</id>
<offset>220</offset>
<length>6</length>
<class>AAA_Estimate_Person</class>
<attribute>
<name>Canonical</name>
<value>АССАНЖ</value>
</attribute>
</entry>
<entry>
<id>4</id>
<offset>649</offset>
<length>9</length>
<class>AAA_Estimate_Person</class>
<attribute>
<name>Canonical</name>
<value>Д АССАНЖ</value>
</attribute>
</entry>
<entry>
<id>5</id>
<offset>1038</offset>
<length>9</length>
<class>AAA_Estimate_Person</class>
<attribute>
<name>Canonical</name>
<value>Д АССАНЖ</value>
</attribute>
</entry>
<entry>
<id>6</id>
<offset>1247</offset>
<length>7</length>
<class>AAA_Estimate_Person</class>
<attribute>
<name>Canonical</name>
<value>АССАНЖ</value>
</attribute>
</entry>
<entry>
<id>8</id>
<offset>1422</offset>
<length>10</length>
<class>AAA_Estimate_Person</class>
<attribute>
<name>Canonical</name>
<value>Д АССАНЖ</value>
</attribute>
</entry>
<entry>
<id>9</id>
<offset>1630</offset>
<length>9</length>
<class>AAA_Estimate_Person</class>
<attribute>
<name>Canonical</name>
<value>Д АССАНЖ</value>
</attribute>
</entry>
<entry>
<id>10</id>
<offset>1650</offset>
<length>10</length>
<class>AAA_Estimate_Person</class>
<attribute>
<name>Canonical</name>
<value>Д АССАНЖ</value>
</attribute>
</entry>
<entry>
<id>11</id>
<offset>1739</offset>
<length>10</length>
<class>AAA_Estimate_Person</class>
<attribute>
<name>Canonical</name>
<value>Д АССАНЖ</value>
</attribute>
</entry>
<entry>
<id>12</id>
<offset>2072</offset>
<length>10</length>
<class>AAA_Estimate_Person</class>
<attribute>
<name>Canonical</name>
<value>Д АССАНЖ</value>
</attribute>
</entry>
<entry>
<id>13</id>
<offset>2274</offset>
<length>10</length>
<class>AAA_Estimate_Person</class>
<attribute>
<name>Canonical</name>
<value>Д АССАНЖ</value>
</attribute>
</entry>
<entry>
<id>14</id>
<offset>4133</offset>
<length>15</length>
<class>AAA_Estimate_Person</class>
<attribute>
<name>Canonical</name>
<value>ГЭРИ МАККИННАН</value>
</attribute>
</entry>
<entry>
<id>15</id>
<offset>4304</offset>
<length>10</length>
<class>AAA_Estimate_Person</class>
<attribute>
<name>Canonical</name>
<value>ТЕРЕЗА МЭЙ</value>
</attribute>
</entry>
<entry>
<id>16</id>
<offset>4365</offset>
<length>14</length>
<class>AAA_Estimate_Person</class>
<attribute>
<name>Canonical</name>
<value>ГЭРИ МАККИННАН</value>
</attribute>
</entry>
<entry>
<id>17</id>
<offset>4502</offset>
<length>14</length>
<class>AAA_Estimate_Person</class>
<attribute>
<name>Canonical</name>
<value>ШОН САЛЛИВАН</value>
</attribute>
</entry>
<entry>
<id>18</id>
<offset>4750</offset>
<length>11</length>
<class>AAA_Estimate_Person</class>
<attribute>
<name>Canonical</name>
<value>БАБАР АХМАД</value>
</attribute>
</entry>
<entry>
<id>19</id>
<offset>5542</offset>
<length>10</length>
<class>AAA_Estimate_Person</class>
<attribute>
<name>Canonical</name>
<value>Д АССАНЖ</value>
</attribute>
</entry>
<entry>
<id>20</id>
<offset>5608</offset>
<length>9</length>
<class>AAA_Estimate_Person</class>
<attribute>
<name>Canonical</name>
<value>Д АССАНЖ</value>
</attribute>
</entry>
<entry>
<id>21</id>
<offset>5828</offset>
<length>10</length>
<class>AAA_Estimate_Person</class>
<attribute>
<name>Canonical</name>
<value>Д АССАНЖ</value>
</attribute>
</entry>
<entry>
<id>22</id>
<offset>6064</offset>
<length>9</length>
<class>AAA_Estimate_Person</class>
<attribute>
<name>Canonical</name>
<value>Д АССАНЖ</value>
</attribute>
</entry>
<entry>
<id>23</id>
<offset>6331</offset>
<length>10</length>
<class>AAA_Estimate_Person</class>
<attribute>
<name>Canonical</name>
<value>Д АССАНЖ</value>
</attribute>
</entry>
<entry>
<id>24</id>
<offset>6444</offset>
<length>10</length>
<class>AAA_Estimate_Person</class>
<attribute>
<name>Canonical</name>
<value>Д АССАНЖ</value>
</attribute>
</entry>
<entry>
<id>25</id>
<offset>6878</offset>
<length>10</length>
<class>AAA_Estimate_Person</class>
<attribute>
<name>Canonical</name>
<value>Д АССАНЖ</value>
</attribute>
</entry>
<entry>
<id>26</id>
<offset>7025</offset>
<length>10</length>
<class>AAA_Estimate_Person</class>
<attribute>
<name>Canonical</name>
<value>Д АССАНЖ</value>
</attribute>
</entry>
<entry>
<id>27</id>
<offset>7060</offset>
<length>10</length>
<class>AAA_Estimate_Person</class>
<attribute>
<name>Canonical</name>
<value>Д АССАНЖ</value>
</attribute>
</entry>
<entry>
<id>28</id>
<offset>7154</offset>
<length>10</length>
<class>AAA_Estimate_Person</class>
<attribute>
<name>Canonical</name>
<value>Д АССАНЖ</value>
</attribute>
</entry>
<entry>
<id>47</id>
<offset>7330</offset>
<length>10</length>
<class>AAA_Estimate_Person</class>
<attribute>
<name>Canonical</name>
<value>Д АССАНЖ</value>
</attribute>
</entry>
<entry>
<id>29</id>
<offset>7431</offset>
<length>9</length>
<class>AAA_Estimate_Person</class>
<attribute>
<name>Canonical</name>
<value>Д АССАНЖ</value>
</attribute>
</entry>
<entry>
<id>30</id>
<offset>7615</offset>
<length>15</length>
<class>AAA_Estimate_Person</class>
<attribute>
<name>Canonical</name>
<value>ВИКТОРИЯ НУЛАНД</value>
</attribute>
</entry>
<entry>
<id>31</id>
<offset>7633</offset>
<length>13</length>
<class>AAA_Estimate_Person</class>
<attribute>
<name>Canonical</name>
<value>ФИЛИПП КРОУЛИ</value>
</attribute>
</entry>
<entry>
<id>32</id>
<offset>7705</offset>
<length>10</length>
<class>AAA_Estimate_Person</class>
<attribute>
<name>Canonical</name>
<value>Д АССАНЖ</value>
</attribute>
</entry>
<entry>
<id>33</id>
<offset>7879</offset>
<length>9</length>
<class>AAA_Estimate_Person</class>
<attribute>
<name>Canonical</name>
<value>Д АССАНЖ</value>
</attribute>
</entry>
<entry>
<id>34</id>
<offset>8024</offset>
<length>10</length>
<class>AAA_Estimate_Person</class>
<attribute>
<name>Canonical</name>
<value>Д АССАНЖ</value>
</attribute>
</entry>
<entry>
<id>35</id>
<offset>8414</offset>
<length>14</length>
<class>AAA_Estimate_Person</class>
<attribute>
<name>Canonical</name>
<value>ДЭВИД ХЕМЛЕР</value>
</attribute>
</entry>
<entry>
<id>36</id>
<offset>9091</offset>
<length>15</length>
<class>AAA_Estimate_Person</class>
<attribute>
<name>Canonical</name>
<value>ДИАНА ФАЙНШТЕЙН</value>
</attribute>
</entry>
<entry>
<id>37</id>
<offset>9156</offset>
<length>10</length>
<class>AAA_Estimate_Person</class>
<attribute>
<name>Canonical</name>
<value>Д АССАНЖ</value>
</attribute>
</entry>
<entry>
<id>38</id>
<offset>9363</offset>
<length>9</length>
<class>AAA_Estimate_Person</class>
<attribute>
<name>Canonical</name>
<value>Д АССАНЖ</value>
</attribute>
</entry>
<entry>
<id>39</id>
<offset>9572</offset>
<length>10</length>
<class>AAA_Estimate_Person</class>
<attribute>
<name>Canonical</name>
<value>Д АССАНЖ</value>
</attribute>
</entry>
<entry>
<id>40</id>
<offset>9715</offset>
<length>10</length>
<class>AAA_Estimate_Person</class>
<attribute>
<name>Canonical</name>
<value>Д АССАНЖ</value>
</attribute>
</entry>
<entry>
<id>48</id>
<offset>9949</offset>
<length>10</length>
<class>AAA_Estimate_Person</class>
<attribute>
<name>Canonical</name>
<value>Д АССАНЖ</value>
</attribute>
</entry>
<entry>
<id>41</id>
<offset>10110</offset>
<length>18</length>
<class>AAA_Estimate_Person</class>
<attribute>
<name>Canonical</name>
<value>ЭДВАРД ЛИ ХОВАРД</value>
</attribute>
</entry>
<entry>
<id>42</id>
<offset>10267</offset>
<length>10</length>
<class>AAA_Estimate_Person</class>
<attribute>
<name>Canonical</name>
<value>Д АССАНЖ</value>
</attribute>
</entry>
<entry>
<id>43</id>
<offset>10921</offset>
<length>9</length>
<class>AAA_Estimate_Person</class>
<attribute>
<name>Canonical</name>
<value>Д АССАНЖ</value>
</attribute>
</entry>
<entry>
<id>44</id>
<offset>11230</offset>
<length>10</length>
<class>AAA_Estimate_Person</class>
<attribute>
<name>Canonical</name>
<value>Д АССАНЖ</value>
</attribute>
</entry>
<entry>
<id>45</id>
<offset>11349</offset>
<length>9</length>
<class>AAA_Estimate_Person</class>
<attribute>
<name>Canonical</name>
<value>Д АССАНЖ</value>
</attribute>
</entry>
<entry>
<id>46</id>
<offset>11473</offset>
<length>10</length>
<class>AAA_Estimate_Person</class>
<attribute>
<name>Canonical</name>
<value>Д АССАНЖ</value>
</attribute>
</entry>
</markup>
