﻿<markup>
<entry>
<id>1</id>
<offset>43</offset>
<length>7</length>
<class>AAA_Estimate_Person</class>
<attribute>
<name>Canonical</name>
<value>СОЛОНИН</value>
</attribute>
</entry>
<entry>
<id>2</id>
<offset>157</offset>
<length>12</length>
<class>AAA_Estimate_Person</class>
<attribute>
<name>Canonical</name>
<value>ЮРИЙ СОЛОНИН</value>
</attribute>
</entry>
<entry>
<id>3</id>
<offset>304</offset>
<length>12</length>
<class>AAA_Estimate_Person</class>
<attribute>
<name>Canonical</name>
<value>ЮРИЙ СОЛОНИН</value>
</attribute>
</entry>
<entry>
<id>4</id>
<offset>557</offset>
<length>7</length>
<class>AAA_Estimate_Person</class>
<attribute>
<name>Canonical</name>
<value>СОЛОНИН</value>
</attribute>
</entry>
<entry>
<id>5</id>
<offset>687</offset>
<length>17</length>
<class>AAA_Estimate_Person</class>
<attribute>
<name>Canonical</name>
<value>ЛАРИСА ПОНОМАРЕВА</value>
</attribute>
</entry>
</markup>
