﻿<markup>
<entry>
<id>1</id>
<offset>0</offset>
<length>11</length>
<class>AAA_Estimate_Person</class>
<attribute>
<name>Canonical</name>
<value>БАРАК ОБАМА</value>
</attribute>
</entry>
<entry>
<id>2</id>
<offset>71</offset>
<length>11</length>
<class>AAA_Estimate_Person</class>
<attribute>
<name>Canonical</name>
<value>БАРАК ОБАМА</value>
</attribute>
</entry>
<entry>
<id>3</id>
<offset>164</offset>
<length>16</length>
<class>AAA_Estimate_Person</class>
<attribute>
<name>Canonical</name>
<value>ТИМОТИ ГАЙТНЕР</value>
</attribute>
</entry>
<entry>
<id>4</id>
<offset>233</offset>
<length>5</length>
<class>AAA_Estimate_Person</class>
<attribute>
<name>Canonical</name>
<value>ОБАМА</value>
</attribute>
</entry>
<entry>
<id>5</id>
<offset>248</offset>
<length>24</length>
<class>AAA_Estimate_Person</class>
<attribute>
<name>Canonical</name>
<value>НИЛ УОЛИН (NEAL WOLIN)</value>
</attribute>
</entry>
<entry>
<id>6</id>
<offset>316</offset>
<length>14</length>
<class>AAA_Estimate_Person</class>
<attribute>
<name>Canonical</name>
<value>БИЛЛ КЛИНТОН</value>
</attribute>
</entry>
<entry>
<id>7</id>
<offset>462</offset>
<length>29</length>
<class>AAA_Estimate_Person</class>
<attribute>
<name>Canonical</name>
<value>ЛЭЙЛ БРЭЙНАРД (LAEL BRAINARD)</value>
</attribute>
</entry>
<entry>
<id>8</id>
<offset>526</offset>
<length>8</length>
<class>AAA_Estimate_Person</class>
<attribute>
<name>Canonical</name>
<value>КЛИНТОН</value>
</attribute>
</entry>
<entry>
<id>9</id>
<offset>739</offset>
<length>11</length>
<class>AAA_Estimate_Person</class>
<attribute>
<name>Canonical</name>
<value>СТЮАРТ ЛЕВИ</value>
</attribute>
</entry>
<entry>
<id>10</id>
<offset>812</offset>
<length>12</length>
<class>AAA_Estimate_Person</class>
<attribute>
<name>Canonical</name>
<value>ДЖОРДЖ БУШ</value>
</attribute>
</entry>
<entry>
<id>11</id>
<offset>837</offset>
<length>4</length>
<class>AAA_Estimate_Person</class>
<attribute>
<name>Canonical</name>
<value>ЛЕВИ</value>
</attribute>
</entry>
<entry>
<id>12</id>
<offset>994</offset>
<length>13</length>
<class>AAA_Estimate_Person</class>
<attribute>
<name>Canonical</name>
<value>АННЕТ НАЗАРЕТ</value>
</attribute>
</entry>
<entry>
<id>13</id>
<offset>1172</offset>
<length>17</length>
<class>AAA_Estimate_Person</class>
<attribute>
<name>Canonical</name>
<value>КЭРОЛАЙН АТКИНСОН</value>
</attribute>
</entry>
</markup>
