﻿<markup>
<entry>
<id>1</id>
<offset>192</offset>
<length>16</length>
<class>AAA_Estimate_Person</class>
<attribute>
<name>Canonical</name>
<value>ФЕЛИПЕ КАЛЬДЕРОН</value>
</attribute>
</entry>
<entry>
<id>2</id>
<offset>354</offset>
<length>15</length>
<class>AAA_Estimate_Person</class>
<attribute>
<name>Canonical</name>
<value>ХИЛЛАРИ КЛИНТОН</value>
</attribute>
</entry>
<entry>
<id>3</id>
<offset>374</offset>
<length>32</length>
<class>AAA_Estimate_Person</class>
<attribute>
<name>Canonical</name>
<value>КАРЛОС ПАСКУАЛЬ (CARLOS PASCUAL)</value>
</attribute>
</entry>
<entry>
<id>4</id>
<offset>418</offset>
<length>7</length>
<class>AAA_Estimate_Person</class>
<attribute>
<name>Canonical</name>
<value>КЛИНТОН</value>
</attribute>
</entry>
<entry>
<id>5</id>
<offset>521</offset>
<length>17</length>
<class>AAA_Estimate_Person</class>
<attribute>
<name>Canonical</name>
<value>ФЕЛИПЕ КАЛЬДЕРОН</value>
</attribute>
</entry>
<entry>
<id>11</id>
<offset>841</offset>
<length>9</length>
<class>AAA_Estimate_Person</class>
<attribute>
<name>Canonical</name>
<value>ПАСКУАЛЬ</value>
</attribute>
</entry>
<entry>
<id>10</id>
<offset>923</offset>
<length>10</length>
<class>AAA_Estimate_Person</class>
<attribute>
<name>Canonical</name>
<value>КАЛЬДЕРОН</value>
</attribute>
</entry>
<entry>
<id>6</id>
<offset>1040</offset>
<length>9</length>
<class>AAA_Estimate_Person</class>
<attribute>
<name>Canonical</name>
<value>КАЛЬДЕРОН</value>
</attribute>
</entry>
<entry>
<id>7</id>
<offset>1202</offset>
<length>8</length>
<class>AAA_Estimate_Person</class>
<attribute>
<name>Canonical</name>
<value>ПАСКУАЛЬ</value>
</attribute>
</entry>
<entry>
<id>8</id>
<offset>1275</offset>
<length>14</length>
<class>AAA_Estimate_Person</class>
<attribute>
<name>Canonical</name>
<value>БАРАК ОБАМА</value>
</attribute>
</entry>
<entry>
<id>9</id>
<offset>1294</offset>
<length>15</length>
<class>AAA_Estimate_Person</class>
<attribute>
<name>Canonical</name>
<value>КАРЛОС ПАСКУАЛЬ</value>
</attribute>
</entry>
</markup>
