﻿<markup>
<entry>
<id>1</id>
<offset>0</offset>
<length>8</length>
<class>AAA_Estimate_Person</class>
<attribute>
<name>Canonical</name>
<value>Л РОШАЛЬ</value>
</attribute>
</entry>
<entry>
<id>2</id>
<offset>21</offset>
<length>11</length>
<class>AAA_Estimate_Person</class>
<attribute>
<name>Canonical</name>
<value>Т ГОЛИКОВА</value>
</attribute>
</entry>
<entry>
<id>3</id>
<offset>116</offset>
<length>17</length>
<class>AAA_Estimate_Person</class>
<attribute>
<name>Canonical</name>
<value>ТАТЬЯНА ГОЛИКОВА</value>
</attribute>
</entry>
<entry>
<id>4</id>
<offset>214</offset>
<length>13</length>
<class>AAA_Estimate_Person</class>
<attribute>
<name>Canonical</name>
<value>ЛЕОНИД РОШАЛЬ</value>
</attribute>
</entry>
<entry>
<id>5</id>
<offset>378</offset>
<length>10</length>
<class>AAA_Estimate_Person</class>
<attribute>
<name>Canonical</name>
<value>Т ГОЛИКОВА</value>
</attribute>
</entry>
<entry>
<id>6</id>
<offset>515</offset>
<length>14</length>
<class>AAA_Estimate_Person</class>
<attribute>
<name>Canonical</name>
<value>ХРИСТО ТАХЧИДИ</value>
</attribute>
</entry>
<entry>
<id>7</id>
<offset>554</offset>
<length>9</length>
<class>AAA_Estimate_Person</class>
<attribute>
<name>Canonical</name>
<value>ГОЛИКОВА</value>
</attribute>
</entry>
<entry>
<id>8</id>
<offset>601</offset>
<length>7</length>
<class>AAA_Estimate_Person</class>
<attribute>
<name>Canonical</name>
<value>ТАХЧИДИ</value>
</attribute>
</entry>
<entry>
<id>9</id>
<offset>712</offset>
<length>8</length>
<class>AAA_Estimate_Person</class>
<attribute>
<name>Canonical</name>
<value>Л РОШАЛЬ</value>
</attribute>
</entry>
<entry>
<id>10</id>
<offset>821</offset>
<length>11</length>
<class>AAA_Estimate_Person</class>
<attribute>
<name>Canonical</name>
<value>Т ГОЛИКОВА</value>
</attribute>
</entry>
<entry>
<id>11</id>
<offset>1090</offset>
<length>11</length>
<class>AAA_Estimate_Person</class>
<attribute>
<name>Canonical</name>
<value>Т ГОЛИКОВА</value>
</attribute>
</entry>
<entry>
<id>12</id>
<offset>1226</offset>
<length>11</length>
<class>AAA_Estimate_Person</class>
<attribute>
<name>Canonical</name>
<value>Т ГОЛИКОВА</value>
</attribute>
</entry>
<entry>
<id>13</id>
<offset>1360</offset>
<length>8</length>
<class>AAA_Estimate_Person</class>
<attribute>
<name>Canonical</name>
<value>Л РОШАЛЬ</value>
</attribute>
</entry>
<entry>
<id>14</id>
<offset>1587</offset>
<length>9</length>
<class>AAA_Estimate_Person</class>
<attribute>
<name>Canonical</name>
<value>Х ТАХЧИДИ</value>
</attribute>
</entry>
<entry>
<id>15</id>
<offset>1604</offset>
<length>8</length>
<class>AAA_Estimate_Person</class>
<attribute>
<name>Canonical</name>
<value>Л РОШАЛЬ</value>
</attribute>
</entry>
<entry>
<id>16</id>
<offset>1621</offset>
<length>10</length>
<class>AAA_Estimate_Person</class>
<attribute>
<name>Canonical</name>
<value>Т ГОЛИКОВА</value>
</attribute>
</entry>
<entry>
<id>17</id>
<offset>1694</offset>
<length>8</length>
<class>AAA_Estimate_Person</class>
<attribute>
<name>Canonical</name>
<value>Л РОШАЛЬ</value>
</attribute>
</entry>
<entry>
<id>18</id>
<offset>1705</offset>
<length>11</length>
<class>AAA_Estimate_Person</class>
<attribute>
<name>Canonical</name>
<value>Т ГОЛИКОВА</value>
</attribute>
</entry>
<entry>
<id>19</id>
<offset>1858</offset>
<length>10</length>
<class>AAA_Estimate_Person</class>
<attribute>
<name>Canonical</name>
<value>Т ГОЛИКОВА</value>
</attribute>
</entry>
<entry>
<id>20</id>
<offset>2049</offset>
<length>15</length>
<class>AAA_Estimate_Person</class>
<attribute>
<name>Canonical</name>
<value>СЕРГЕЙ СТЕПАШИН</value>
</attribute>
</entry>
<entry>
<id>21</id>
<offset>2081</offset>
<length>14</length>
<class>AAA_Estimate_Person</class>
<attribute>
<name>Canonical</name>
<value>АНДРЕЙ МАКАРОВ</value>
</attribute>
</entry>
</markup>
