﻿<markup>
<entry>
<id>1</id>
<offset>735</offset>
<length>17</length>
<class>AAA_Estimate_Person</class>
<attribute>
<name>Canonical</name>
<value>НИКОЛАЙ ВАСИЛЬЕВ</value>
</attribute>
</entry>
<entry>
<id>2</id>
<offset>915</offset>
<length>15</length>
<class>AAA_Estimate_Person</class>
<attribute>
<name>Canonical</name>
<value>НИКОЛАЙ ФЕДОРОВ</value>
</attribute>
</entry>
<entry>
<id>3</id>
<offset>981</offset>
<length>13</length>
<class>AAA_Estimate_Person</class>
<attribute>
<name>Canonical</name>
<value>ЛЮДМИЛА ЛИНИК</value>
</attribute>
</entry>
<entry>
<id>4</id>
<offset>1241</offset>
<length>5</length>
<class>AAA_Estimate_Person</class>
<attribute>
<name>Canonical</name>
<value>ЛИНИК</value>
</attribute>
</entry>
<entry>
<id>5</id>
<offset>1419</offset>
<length>16</length>
<class>AAA_Estimate_Person</class>
<attribute>
<name>Canonical</name>
<value>НИКОЛАЙ ФЕДОРОВ</value>
</attribute>
</entry>
<entry>
<id>6</id>
<offset>1926</offset>
<length>5</length>
<class>AAA_Estimate_Person</class>
<attribute>
<name>Canonical</name>
<value>ЛИНИК</value>
</attribute>
</entry>
<entry>
<id>7</id>
<offset>1945</offset>
<length>18</length>
<class>AAA_Estimate_Person</class>
<attribute>
<name>Canonical</name>
<value>ВЛАДИМИР СЕМЕНОВ</value>
</attribute>
</entry>
<entry>
<id>8</id>
<offset>3094</offset>
<length>16</length>
<class>AAA_Estimate_Person</class>
<attribute>
<name>Canonical</name>
<value>НИКОЛАЙ ВАСИЛЬЕВ</value>
</attribute>
</entry>
<entry>
<id>9</id>
<offset>3326</offset>
<length>16</length>
<class>AAA_Estimate_Person</class>
<attribute>
<name>Canonical</name>
<value>НИКОЛАЙ ВАСИЛЬЕВ</value>
</attribute>
</entry>
<entry>
<id>10</id>
<offset>3575</offset>
<length>8</length>
<class>AAA_Estimate_Person</class>
<attribute>
<name>Canonical</name>
<value>ВАСИЛЬЕВ</value>
</attribute>
</entry>
<entry>
<id>11</id>
<offset>3649</offset>
<length>8</length>
<class>AAA_Estimate_Person</class>
<attribute>
<name>Canonical</name>
<value>ВАСИЛЬЕВ</value>
</attribute>
</entry>
<entry>
<id>12</id>
<offset>3917</offset>
<length>14</length>
<class>AAA_Estimate_Person</class>
<attribute>
<name>Canonical</name>
<value>ВЛАДИМИР ПУТИН</value>
</attribute>
</entry>
<entry>
<id>13</id>
<offset>6193</offset>
<length>18</length>
<class>AAA_Estimate_Person</class>
<attribute>
<name>Canonical</name>
<value>ВЛАДИМИР СЕМЕНОВ</value>
</attribute>
</entry>
<entry>
<id>14</id>
<offset>6214</offset>
<length>14</length>
<class>AAA_Estimate_Person</class>
<attribute>
<name>Canonical</name>
<value>РАМИЛЬ АЙЗАТОВ</value>
</attribute>
</entry>
<entry>
<id>15</id>
<offset>6827</offset>
<length>13</length>
<class>AAA_Estimate_Person</class>
<attribute>
<name>Canonical</name>
<value>ЛЮДМИЛА ЛИНИК</value>
</attribute>
</entry>
<entry>
<id>16</id>
<offset>7442</offset>
<length>5</length>
<class>AAA_Estimate_Person</class>
<attribute>
<name>Canonical</name>
<value>ЛИНИК</value>
</attribute>
</entry>
<entry>
<id>17</id>
<offset>8428</offset>
<length>13</length>
<class>AAA_Estimate_Person</class>
<attribute>
<name>Canonical</name>
<value>ЛЮДМИЛА ЛИНИК</value>
</attribute>
</entry>
<entry>
<id>18</id>
<offset>8589</offset>
<length>16</length>
<class>AAA_Estimate_Person</class>
<attribute>
<name>Canonical</name>
<value>НИКОЛАЙ ФЕДОРОВ</value>
</attribute>
</entry>
<entry>
<id>22</id>
<offset>9431</offset>
<length>5</length>
<class>AAA_Estimate_Person</class>
<attribute>
<name>Canonical</name>
<value>ЛИНИК</value>
</attribute>
</entry>
<entry>
<id>19</id>
<offset>9944</offset>
<length>16</length>
<class>AAA_Estimate_Person</class>
<attribute>
<name>Canonical</name>
<value>НИКОЛАЙ ФЕДОРОВ</value>
</attribute>
</entry>
<entry>
<id>20</id>
<offset>10209</offset>
<length>8</length>
<class>AAA_Estimate_Person</class>
<attribute>
<name>Canonical</name>
<value>ФЕДОРОВ</value>
</attribute>
</entry>
<entry>
<id>21</id>
<offset>10254</offset>
<length>15</length>
<class>AAA_Estimate_Person</class>
<attribute>
<name>Canonical</name>
<value>ВАЛЕРИЙ РАДАЕВ</value>
</attribute>
</entry>
</markup>
