﻿<markup>
<entry>
<id>1</id>
<offset>0</offset>
<length>16</length>
<class>AAA_Estimate_Person</class>
<attribute>
<name>Canonical</name>
<value>ЕВГЕНИЙ ПРИМАКОВ</value>
</attribute>
</entry>
<entry>
<id>2</id>
<offset>78</offset>
<length>16</length>
<class>AAA_Estimate_Person</class>
<attribute>
<name>Canonical</name>
<value>ЕВГЕНИЙ ПРИМАКОВ</value>
</attribute>
</entry>
<entry>
<id>3</id>
<offset>233</offset>
<length>8</length>
<class>AAA_Estimate_Person</class>
<attribute>
<name>Canonical</name>
<value>ПРИМАКОВ</value>
</attribute>
</entry>
<entry>
<id>4</id>
<offset>409</offset>
<length>8</length>
<class>AAA_Estimate_Person</class>
<attribute>
<name>Canonical</name>
<value>ПРИМАКОВ</value>
</attribute>
</entry>
<entry>
<id>5</id>
<offset>706</offset>
<length>8</length>
<class>AAA_Estimate_Person</class>
<attribute>
<name>Canonical</name>
<value>ПРИМАКОВ</value>
</attribute>
</entry>
<entry>
<id>14</id>
<offset>791</offset>
<length>15</length>
<class>AAA_Estimate_Person</class>
<attribute>
<name>Canonical</name>
<value>СЕРГЕЙ КАТЫРИН</value>
</attribute>
</entry>
<entry>
<id>6</id>
<offset>868</offset>
<length>20</length>
<class>AAA_Estimate_Person</class>
<attribute>
<name>Canonical</name>
<value>ВИКТОР ЧЕРНОМЫРДИН</value>
</attribute>
</entry>
<entry>
<id>7</id>
<offset>902</offset>
<length>8</length>
<class>AAA_Estimate_Person</class>
<attribute>
<name>Canonical</name>
<value>ПРИМАКОВ</value>
</attribute>
</entry>
<entry>
<id>8</id>
<offset>952</offset>
<length>18</length>
<class>AAA_Estimate_Person</class>
<attribute>
<name>Canonical</name>
<value>ВИКТОР ЧЕРНОМЫРДИН</value>
</attribute>
</entry>
<entry>
<id>9</id>
<offset>1016</offset>
<length>9</length>
<class>AAA_Estimate_Person</class>
<attribute>
<name>Canonical</name>
<value>ПРИМАКОВ</value>
</attribute>
</entry>
<entry>
<id>10</id>
<offset>1214</offset>
<length>14</length>
<class>AAA_Estimate_Person</class>
<attribute>
<name>Canonical</name>
<value>МИХАИЛ ФРАДКОВ</value>
</attribute>
</entry>
<entry>
<id>11</id>
<offset>1274</offset>
<length>9</length>
<class>AAA_Estimate_Person</class>
<attribute>
<name>Canonical</name>
<value>ПРИМАКОВ</value>
</attribute>
</entry>
<entry>
<id>12</id>
<offset>1326</offset>
<length>15</length>
<class>AAA_Estimate_Person</class>
<attribute>
<name>Canonical</name>
<value>ВИКТОР ЗУБКОВ</value>
</attribute>
</entry>
<entry>
<id>13</id>
<offset>1363</offset>
<length>15</length>
<class>AAA_Estimate_Person</class>
<attribute>
<name>Canonical</name>
<value>СЕРГЕЙ КАТЫРИН</value>
</attribute>
</entry>
</markup>
