﻿<markup>
<entry>
<id>1</id>
<offset>0</offset>
<length>7</length>
<class>AAA_Estimate_Person</class>
<attribute>
<name>Canonical</name>
<value>В ПУТИН</value>
</attribute>
</entry>
<entry>
<id>3</id>
<offset>70</offset>
<length>7</length>
<class>AAA_Estimate_Person</class>
<attribute>
<name>Canonical</name>
<value>В ПУТИН</value>
</attribute>
</entry>
<entry>
<id>4</id>
<offset>159</offset>
<length>14</length>
<class>AAA_Estimate_Person</class>
<attribute>
<name>Canonical</name>
<value>ВЛАДИМИР ПУТИН</value>
</attribute>
</entry>
<entry>
<id>5</id>
<offset>183</offset>
<length>19</length>
<class>AAA_Estimate_Person</class>
<attribute>
<name>Canonical</name>
<value>АЛЕКСАНДР МАХОНОВ</value>
</attribute>
</entry>
<entry>
<id>6</id>
<offset>436</offset>
<length>19</length>
<class>AAA_Estimate_Person</class>
<attribute>
<name>Canonical</name>
<value>АЛЕКСАНДР ФЕДОРОВ</value>
</attribute>
</entry>
<entry>
<id>7</id>
<offset>610</offset>
<length>10</length>
<class>AAA_Estimate_Person</class>
<attribute>
<name>Canonical</name>
<value>А ФЕДОРОВ</value>
</attribute>
</entry>
<entry>
<id>8</id>
<offset>741</offset>
<length>18</length>
<class>AAA_Estimate_Person</class>
<attribute>
<name>Canonical</name>
<value>АЛЕКСАНДР ХИНШТЕЙН</value>
</attribute>
</entry>
<entry>
<id>9</id>
<offset>764</offset>
<length>9</length>
<class>AAA_Estimate_Person</class>
<attribute>
<name>Canonical</name>
<value>А МАХОНОВ</value>
</attribute>
</entry>
<entry>
<id>10</id>
<offset>1087</offset>
<length>9</length>
<class>AAA_Estimate_Person</class>
<attribute>
<name>Canonical</name>
<value>А МАХОНОВ</value>
</attribute>
</entry>
<entry>
<id>11</id>
<offset>1154</offset>
<length>9</length>
<class>AAA_Estimate_Person</class>
<attribute>
<name>Canonical</name>
<value>А МАХОНОВ</value>
</attribute>
</entry>
<entry>
<id>12</id>
<offset>1307</offset>
<length>9</length>
<class>AAA_Estimate_Person</class>
<attribute>
<name>Canonical</name>
<value>А ФЕДОРОВ</value>
</attribute>
</entry>
<entry>
<id>13</id>
<offset>1869</offset>
<length>9</length>
<class>AAA_Estimate_Person</class>
<attribute>
<name>Canonical</name>
<value>А ФЕДОРОВ</value>
</attribute>
</entry>
</markup>
