﻿<markup>
<entry>
<id>1</id>
<offset>228</offset>
<length>15</length>
<class>AAA_Estimate_Person</class>
<attribute>
<name>Canonical</name>
<value>СЕРГЕЙ ИГНАТЬЕВ</value>
</attribute>
</entry>
<entry>
<id>2</id>
<offset>973</offset>
<length>15</length>
<class>AAA_Estimate_Person</class>
<attribute>
<name>Canonical</name>
<value>АЛЕКСАНДР НОВАК</value>
</attribute>
</entry>
<entry>
<id>3</id>
<offset>1034</offset>
<length>14</length>
<class>AAA_Estimate_Person</class>
<attribute>
<name>Canonical</name>
<value>СЕРГЕЙ НОВИКОВ</value>
</attribute>
</entry>
<entry>
<id>4</id>
<offset>1226</offset>
<length>15</length>
<class>AAA_Estimate_Person</class>
<attribute>
<name>Canonical</name>
<value>СЕРГЕЙ НАРЫШКИН</value>
</attribute>
</entry>
</markup>
