﻿<markup>
<entry>
<id>1</id>
<offset>75</offset>
<length>11</length>
<class>AAA_Estimate_Person</class>
<attribute>
<name>Canonical</name>
<value>СТИВЕН ГРИН</value>
</attribute>
</entry>
<entry>
<id>2</id>
<offset>261</offset>
<length>5</length>
<class>AAA_Estimate_Person</class>
<attribute>
<name>Canonical</name>
<value>ГРИН</value>
</attribute>
</entry>
<entry>
<id>3</id>
<offset>315</offset>
<length>4</length>
<class>AAA_Estimate_Person</class>
<attribute>
<name>Canonical</name>
<value>ГРИН</value>
</attribute>
</entry>
<entry>
<id>4</id>
<offset>478</offset>
<length>5</length>
<class>AAA_Estimate_Person</class>
<attribute>
<name>Canonical</name>
<value>ГРИН</value>
</attribute>
</entry>
<entry>
<id>5</id>
<offset>612</offset>
<length>12</length>
<class>AAA_Estimate_Person</class>
<attribute>
<name>Canonical</name>
<value>МЕРВИН ДЭВИС</value>
</attribute>
</entry>
<entry>
<id>6</id>
<offset>825</offset>
<length>6</length>
<class>AAA_Estimate_Person</class>
<attribute>
<name>Canonical</name>
<value>ДЭВИС</value>
</attribute>
</entry>
</markup>
