﻿<markup>
<entry>
<id>1</id>
<offset>99</offset>
<length>11</length>
<class>AAA_Estimate_Person</class>
<attribute>
<name>Canonical</name>
<value>АЙВИС РОНИС</value>
</attribute>
</entry>
<entry>
<id>2</id>
<offset>240</offset>
<length>22</length>
<class>AAA_Estimate_Person</class>
<attribute>
<name>Canonical</name>
<value>ВАЛДИС ДОМБРОВСКИС</value>
</attribute>
</entry>
<entry>
<id>3</id>
<offset>299</offset>
<length>5</length>
<class>AAA_Estimate_Person</class>
<attribute>
<name>Canonical</name>
<value>РОНИС</value>
</attribute>
</entry>
<entry>
<id>4</id>
<offset>657</offset>
<length>11</length>
<class>AAA_Estimate_Person</class>
<attribute>
<name>Canonical</name>
<value>АЙВИС РОНИС</value>
</attribute>
</entry>
<entry>
<id>5</id>
<offset>783</offset>
<length>5</length>
<class>AAA_Estimate_Person</class>
<attribute>
<name>Canonical</name>
<value>РОНИС</value>
</attribute>
</entry>
</markup>
