﻿<markup>
<entry>
<id>1</id>
<offset>0</offset>
<length>8</length>
<class>AAA_Estimate_Person</class>
<attribute>
<name>Canonical</name>
<value>ЯНУКОВИЧ</value>
</attribute>
</entry>
<entry>
<id>2</id>
<offset>64</offset>
<length>15</length>
<class>AAA_Estimate_Person</class>
<attribute>
<name>Canonical</name>
<value>ВИКТОР ЯНУКОВИЧ</value>
</attribute>
</entry>
<entry>
<id>3</id>
<offset>163</offset>
<length>17</length>
<class>AAA_Estimate_Person</class>
<attribute>
<name>Canonical</name>
<value>ГРИГОРИЙ ПЕДЧЕНКО</value>
</attribute>
</entry>
<entry>
<id>15</id>
<offset>234</offset>
<length>8</length>
<class>AAA_Estimate_Person</class>
<attribute>
<name>Canonical</name>
<value>ПЕДЧЕНКО</value>
</attribute>
</entry>
<entry>
<id>4</id>
<offset>371</offset>
<length>12</length>
<class>AAA_Estimate_Person</class>
<attribute>
<name>Canonical</name>
<value>МИХАИЛ ЕЖЕЛЬ</value>
</attribute>
</entry>
<entry>
<id>5</id>
<offset>388</offset>
<length>8</length>
<class>AAA_Estimate_Person</class>
<attribute>
<name>Canonical</name>
<value>ПЕДЧЕНКО</value>
</attribute>
</entry>
<entry>
<id>6</id>
<offset>804</offset>
<length>14</length>
<class>AAA_Estimate_Person</class>
<attribute>
<name>Canonical</name>
<value>ВИКТОР ЮЩЕНКО</value>
</attribute>
</entry>
<entry>
<id>7</id>
<offset>846</offset>
<length>17</length>
<class>AAA_Estimate_Person</class>
<attribute>
<name>Canonical</name>
<value>АНАТОЛИЙ ГРИЦЕНКО</value>
</attribute>
</entry>
<entry>
<id>8</id>
<offset>970</offset>
<length>8</length>
<class>AAA_Estimate_Person</class>
<attribute>
<name>Canonical</name>
<value>ПЕДЧЕНКО</value>
</attribute>
</entry>
<entry>
<id>9</id>
<offset>1017</offset>
<length>17</length>
<class>AAA_Estimate_Person</class>
<attribute>
<name>Canonical</name>
<value>ВИКТОР ЯНУКОВИЧ</value>
</attribute>
</entry>
<entry>
<id>10</id>
<offset>1256</offset>
<length>17</length>
<class>AAA_Estimate_Person</class>
<attribute>
<name>Canonical</name>
<value>ГЕННАДИЙ ВОРОБЬЕВ</value>
</attribute>
</entry>
<entry>
<id>11</id>
<offset>1353</offset>
<length>15</length>
<class>AAA_Estimate_Person</class>
<attribute>
<name>Canonical</name>
<value>ЮЛИЯ ТИМОШЕНКО</value>
</attribute>
</entry>
<entry>
<id>12</id>
<offset>1442</offset>
<length>8</length>
<class>AAA_Estimate_Person</class>
<attribute>
<name>Canonical</name>
<value>ПЕДЧЕНКО</value>
</attribute>
</entry>
<entry>
<id>13</id>
<offset>1502</offset>
<length>10</length>
<class>AAA_Estimate_Person</class>
<attribute>
<name>Canonical</name>
<value>ИВАН СВИДА</value>
</attribute>
</entry>
<entry>
<id>14</id>
<offset>1530</offset>
<length>15</length>
<class>AAA_Estimate_Person</class>
<attribute>
<name>Canonical</name>
<value>ВИКТОР ЮЩЕНКО</value>
</attribute>
</entry>
</markup>
